parent_asin,title,month_year,review_count,avg_rating,date
B000090LW1,Fontanelli Classic Italian Leather Adjustable Strap Handbag,2011-03,1,5.0,2011-03-01
B0001ZYLZ4,Aqua LEISURE Kemp 50 Inch Rescue Tube withGuard Logo and RSC Logo 10-201-Red,2016-08,1,5.0,2016-08-01
B00065G10W,"Dan's Jewelers Irish Knot Celtic Adder Snake Necklace Pendant, Fine Pewter Jewelry",2011-12,1,4.0,2011-12-01
B0007MV6PO,"Henschel Breezer Hat with Coolmax Band, Khaki, Medium",2020-08,1,5.0,2020-08-01
B0007VZLH4,Gem Avenue Sterling Silver Made with Swarovski Elements Pink Crystal Handmade Drop Earrings,2015-07,1,4.0,2015-07-01
B00094OQNY,925 Sterling Silver 6mm Marquise Cut Clear Cubic Zirconia Post Stud Earrings,2011-09,1,5.0,2011-09-01
B0009PC1MG,"Eastbay Men's Half-Split Two-Color Race Short ( sz. L, Maroon/Gold )",2019-03,1,3.0,2019-03-01
B000H8M9VS,Corpse Bride Bouquet,2016-11,1,4.0,2016-11-01
B000H8UJTW,Doll Trunk for 18 inch Dolls,2017-01,1,1.0,2017-01-01
B000J4J8BY,Gold Tone over Sterling Silver Filigree Disc Chandelier Earrings,2012-10,1,5.0,2012-10-01
B000K8PYMQ,"High Sierra 30"" Drop-Bottom Wheeled Duffel",2013-08,1,5.0,2013-08-01
B000KPN38G,Sterling Silver Small Corrugated Center Hoop Earring,2010-09,1,4.0,2010-09-01
B000NRV95U,Leegoal Radiant Pleated Turban Sun Cap Hat Purple,2020-06,1,5.0,2020-06-01
B0012RGKZO,4mm Square Clear Cubic Zirconia CZ April Birthstone Sterling silver Stud Earrings,2014-03,1,2.0,2014-03-01
B0018N8FQ4,Funtasma by Pleaser Women's Exotica-2020 Boot,2015-12,1,5.0,2015-12-01
B001JSWML2,EARRINGS DRUMSTICKS GOLD,2016-03,1,5.0,2016-03-01
B001KSJDKO,Powerstrike 5,2013-06,1,5.0,2013-06-01
B001KSJDKO,Powerstrike 5,2018-09,1,3.0,2018-09-01
B001MAUWEQ,Callaway Gem Women's Visor Pink & White Adjustable Visor,2018-03,1,3.0,2018-03-01
B0022ET4WW,Sterling Silver Evil Eye Protection Pendant - Clearance Final Sale,2016-06,1,4.0,2016-06-01
B002AQMP0A,Sterling Silver 2mm Italian Rope Chain Bracelet,2015-02,1,5.0,2015-02-01
B002HZZLU0,American West Sterling Silver and Bronze Braided Leather Cord Necklace 17 to 21 Inch,2015-06,1,4.0,2015-06-01
B002K8PG22,Luvable Friends 2-Pack Scratch Mittens,2013-07,1,5.0,2013-07-01
B002OSK1RS,Sterling Silver Freshwater Cultured Pearl Drop & Dangle Earrings,2014-01,1,3.0,2014-01-01
B002OSK1RS,Sterling Silver Freshwater Cultured Pearl Drop & Dangle Earrings,2017-03,1,4.0,2017-03-01
B002OSK1RS,Sterling Silver Freshwater Cultured Pearl Drop & Dangle Earrings,2018-03,1,5.0,2018-03-01
B002PIC3K0,Creative Education's Reversible Knight Dragon Hood,2020-04,1,1.0,2020-04-01
B002R0FDO4,Capezio Girls' Classic Long Sleeve Leotard,2017-02,1,5.0,2017-02-01
B002R0FDO4,Capezio Girls' Classic Long Sleeve Leotard,2018-12,1,5.0,2018-12-01
B002R0FDO4,Capezio Girls' Classic Long Sleeve Leotard,2019-04,1,5.0,2019-04-01
B002R0FDO4,Capezio Girls' Classic Long Sleeve Leotard,2020-01,1,5.0,2020-01-01
B002SFEARO,Women's Thinsulate Lined Fleece Gloves - Large - Black,2020-02,1,5.0,2020-02-01
B002SFN5EI,Women's Thinsulate Lined Fleece Gloves - Medium - Black,2018-03,1,5.0,2018-03-01
B002TN5JE8,Belt Loop Medical Organizer,2017-09,1,3.0,2017-09-01
B002Z3N5EI,Ninja Headband,2015-01,1,5.0,2015-01-01
B002ZAPJV8,White Cotton Gloves. Black Cotton Gloves,2017-12,1,5.0,2017-12-01
B002ZAPJV8,White Cotton Gloves. Black Cotton Gloves,2020-02,1,1.0,2020-02-01
B003675QVW,[2 Pack] Headphones/Earphones/Earbuds 3.5mm in-Ear Headphones with Mic and Remote Control for S8 S7 S6 S5 S4 Edge + Note 4 5 6 7 8 and More Android Devices(White),2013-12,1,5.0,2013-12-01
B0036E7WBC,Natural Tan Wide Brim Floppy Sun Hat with Chin Cord,2017-04,1,5.0,2017-04-01
B0037AF5OG,"Gifts by Lulee, LLC Saint Therese of Lisieux Religious Medal Engravable and Blessed Prayer Card",2016-10,1,4.0,2016-10-01
B003F2EP3I,Bling Jewelry Small Pink Crystal Ribbon Breast Cancer Survivor Lapel Pin Brooch for Women 14K Gold Plated,2017-12,1,5.0,2017-12-01
B003LYL2EU,American Flag Heart Italian Charm 13mm,2018-06,1,2.0,2018-06-01
B003LZIBVG,"Paris Brown, L",2018-12,1,5.0,2018-12-01
B003MVZGYY,"JOSMO Toddler C61206 Oxford,Black,9.5 M US Toddler",2014-05,1,5.0,2014-05-01
B003P8QPIA,Outdoor Research Radar Pocket Cap,2017-12,3,4.0,2017-12-01
B003P8QPIA,Outdoor Research Radar Pocket Cap,2018-11,1,5.0,2018-11-01
B003P8QPIA,Outdoor Research Radar Pocket Cap,2019-05,2,5.0,2019-05-01
B003P8QPIA,Outdoor Research Radar Pocket Cap,2021-04,1,4.0,2021-04-01
B003P8QPIA,Outdoor Research Radar Pocket Cap,2021-07,1,5.0,2021-07-01
B003P8QPIA,Outdoor Research Radar Pocket Cap,2021-08,1,3.0,2021-08-01
B003P8QPIA,Outdoor Research Radar Pocket Cap,2022-07,1,4.0,2022-07-01
B003P8QPIA,Outdoor Research Radar Pocket Cap,2023-08,2,4.0,2023-08-01
B003P8QPIA,Outdoor Research Radar Pocket Cap,2024-07,1,5.0,2024-07-01
B003VWBN46,"Nevados Men's Klondike Mid Waterproof Hiking Boot | Lightweight for Trail, Walking, Summer Outdoors | Comfortable w/Memory Foam | Rugged Carbon Rubber Sole",2021-02,1,5.0,2021-02-01
B003WXLZFQ,Celtic Tree of Life Amulet,2018-12,1,5.0,2018-12-01
B003Y005EE,"Lambs Wool Pillows,LCTPM,multi-colored,Medium",2016-03,1,5.0,2016-03-01
B003Y005EE,"Lambs Wool Pillows,LCTPM,multi-colored,Medium",2024-02,1,5.0,2024-02-01
B004AS3LFO,"Dazzlingrock Collection Box Chain 10k 18 Inch Necklace, Yellow Gold",2016-05,1,3.0,2016-05-01
B004BACWYW,"Dorfman Pacific Mens Wool Blend Herringbone Band Fedora Hat (Black, Medium)",2017-10,1,4.0,2017-10-01
B004BN6KMY,"Nike Knit Skull Hat, Red Striped Boys 8/20",2023-01,1,5.0,2023-01-01
B004EBQNES,Gunmetal Pocket Watch Style GC775,2017-04,1,3.0,2017-04-01
B004EHQF2C,John Hardy Classic Chain Lava Medium Square Pendant Necklace with Black Sapphire Silver One Size,2022-06,1,1.0,2022-06-01
B004FGO28Q,"Crazy2Shop 14K White Gold 5mm Round Simulated Diamond Prong Setting Earrings, 1.00 cttw",2019-01,1,4.0,2019-01-01
B004FGO28Q,"Crazy2Shop 14K White Gold 5mm Round Simulated Diamond Prong Setting Earrings, 1.00 cttw",2019-11,1,5.0,2019-11-01
B004FJKVAQ,"Chuvora Hand Blown Venetian Murano Glass Rose Pink Heart Shaped Pendant Necklace, 18-20 inches",2021-12,1,2.0,2021-12-01
B004FUV0EQ,Ann West Pretty Petite Basic Raglan Shoulder Pads Style SP6022,2015-03,1,5.0,2015-03-01
B004FUV0EQ,Ann West Pretty Petite Basic Raglan Shoulder Pads Style SP6022,2016-02,1,5.0,2016-02-01
B004FUV0EQ,Ann West Pretty Petite Basic Raglan Shoulder Pads Style SP6022,2017-04,1,5.0,2017-04-01
B004FUV0EQ,Ann West Pretty Petite Basic Raglan Shoulder Pads Style SP6022,2019-02,1,4.0,2019-02-01
B004FUV0EQ,Ann West Pretty Petite Basic Raglan Shoulder Pads Style SP6022,2019-04,1,5.0,2019-04-01
B004FUV0EQ,Ann West Pretty Petite Basic Raglan Shoulder Pads Style SP6022,2019-06,1,5.0,2019-06-01
B004FUV0EQ,Ann West Pretty Petite Basic Raglan Shoulder Pads Style SP6022,2020-04,1,5.0,2020-04-01
B004FUV0EQ,Ann West Pretty Petite Basic Raglan Shoulder Pads Style SP6022,2022-07,1,5.0,2022-07-01
B004FUV0EQ,Ann West Pretty Petite Basic Raglan Shoulder Pads Style SP6022,2025-11,1,4.0,2025-11-01
B004HE03P2,"Heart Projects Sterling Silver Live The Life You've Dreamed Charm Necklace 18"", Graduation New Beginnings Gift",2016-12,1,5.0,2016-12-01
B004HYIZHU,Leather Key Holder Black #312CF,2016-10,1,5.0,2016-10-01
B004IZVT30,Sterling Silver Heart Puppy Paw Aromatherapy Diffuser Locket,2019-01,1,4.0,2019-01-01
B004JOOMYS,"Disney Mickey & Friends Children's Tri-fold Wallet - Mickey Donald Goofy Wallet - Blue, Small",2016-08,1,5.0,2016-08-01
B004JOOMYS,"Disney Mickey & Friends Children's Tri-fold Wallet - Mickey Donald Goofy Wallet - Blue, Small",2020-03,1,5.0,2020-03-01
B004OFFW1Y,Stars and Circles Clip On Hoop Earrings - Gold,2014-11,1,5.0,2014-11-01
B004P3YQEY,Aussie Chiller Bushie Perforated Golf Hat,2021-01,1,5.0,2021-01-01
B004P3YQEY,Aussie Chiller Bushie Perforated Golf Hat,2021-07,1,5.0,2021-07-01
B004P3YQEY,Aussie Chiller Bushie Perforated Golf Hat,2021-08,1,5.0,2021-08-01
B004P3YQEY,Aussie Chiller Bushie Perforated Golf Hat,2021-11,1,4.0,2021-11-01
B004PYEE8G,Capezio Womens Romantic Tutu,2017-02,1,5.0,2017-02-01
B004S0KZL2,CLASSROOM Juniors' Short-Sleeve Fitted Polo Shirt,2018-02,1,5.0,2018-02-01
B004S0KZL2,CLASSROOM Juniors' Short-Sleeve Fitted Polo Shirt,2022-05,1,5.0,2022-05-01
B004UGGFWM,8mm Grooved Classic Titanium Mens Wedding Ring Size (8.5),2016-08,1,1.0,2016-08-01
B004VFXZH0,"Sof Sole Low Arch, Mens 9-10",2016-04,1,5.0,2016-04-01
B004WO9P56,925 Sterling Silver Hand Blown Venetian Murano Glass Blue Silver Water Drop Shaped Dangle Earrings,2020-10,1,5.0,2020-10-01
B004ZT6CKE,Clearly Charming Mexico Flag Italian Charm Bracelet Link,2020-04,1,5.0,2020-04-01
B0051BK2FG,Tressa Sterling Silver Cross Colorless Cubic Zirconia .925 Stamp Hypoallergenic Bracelet,2015-01,1,5.0,2015-01-01
B0051GBZZW,"Polarized Black Metal Clip On Flip Up Grey / Gray Sunglass Lenses, True Rectangle, 60mm Wide X 38mm High, 128mm Wide with Bridge",2019-09,1,5.0,2019-09-01
B0055RS5QE,Kooljewelry Yellow Gold Over Sterling Silver Rosary Necklace (24 inch),2018-02,1,4.0,2018-02-01
B005CQASS6,Adidas Response Chronograph Men's watch #ADP4035,2016-01,1,5.0,2016-01-01
B005GVC290,Dreams & Co. Women's Plus Size Dreams & Co. Short Easy Sleepshirt Black White,2016-01,1,3.0,2016-01-01
B005GVC290,Dreams & Co. Women's Plus Size Dreams & Co. Short Easy Sleepshirt Black White,2019-12,1,3.0,2019-12-01
B005P1L15W,zeroUV Small Retro Steampunk Circle Flip Up Glasses/Sunglasses,2017-01,1,1.0,2017-01-01
B005PP0604,Merc London Mens Harrington Jacket Black L,2022-06,1,5.0,2022-06-01
B005RVMIA2,12 Pack Showa Atlas NT370 Atlas Nitrile Garden Gloves - Large (Assorted Colors),2020-08,1,5.0,2020-08-01
B005TZS7CE,"Titanium Tornado Baseball Necklace Purple Black 20""",2017-08,1,4.0,2017-08-01
B005TZS7CE,"Titanium Tornado Baseball Necklace Purple Black 20""",2018-03,1,5.0,2018-03-01
B0067HH850,Womens Compression Socks | Relieves Lower Leg Pain and Cramps | Improves Circulation and Recovery,2017-06,1,1.0,2017-06-01
B0067HH850,Womens Compression Socks | Relieves Lower Leg Pain and Cramps | Improves Circulation and Recovery,2017-08,1,4.0,2017-08-01
B0067HH850,Womens Compression Socks | Relieves Lower Leg Pain and Cramps | Improves Circulation and Recovery,2019-08,1,5.0,2019-08-01
B0068D5I2S,14k Gold Plated 4-Strand Matte & Shiny Bead Necklace- 17 IN + 3 IN,2017-12,1,3.0,2017-12-01
B006BBF9VC,SPORT-TEK Women's Side Blocked Micropique Sport Wick Polo,2016-10,1,5.0,2016-10-01
B006BBF9VC,SPORT-TEK Women's Side Blocked Micropique Sport Wick Polo,2018-06,2,4.0,2018-06-01
B006BBF9VC,SPORT-TEK Women's Side Blocked Micropique Sport Wick Polo,2018-12,1,4.0,2018-12-01
B006BBF9VC,SPORT-TEK Women's Side Blocked Micropique Sport Wick Polo,2019-04,1,4.0,2019-04-01
B006BBF9VC,SPORT-TEK Women's Side Blocked Micropique Sport Wick Polo,2019-08,1,4.0,2019-08-01
B006BBF9VC,SPORT-TEK Women's Side Blocked Micropique Sport Wick Polo,2020-07,1,4.0,2020-07-01
B006BBF9VC,SPORT-TEK Women's Side Blocked Micropique Sport Wick Polo,2020-10,1,5.0,2020-10-01
B006BBF9VC,SPORT-TEK Women's Side Blocked Micropique Sport Wick Polo,2021-02,1,5.0,2021-02-01
B006BBF9VC,SPORT-TEK Women's Side Blocked Micropique Sport Wick Polo,2021-07,1,4.0,2021-07-01
B006BBF9VC,SPORT-TEK Women's Side Blocked Micropique Sport Wick Polo,2022-10,1,5.0,2022-10-01
B006E9P19G,Women's Stainless Steel Gold PVD Hoops Earrings 20mm Wide,2017-12,1,5.0,2017-12-01
B006GQ6HFO,G&G BBS II Big Head XXL Extra Wide 160mm Sunglasses Black Smoke,2017-08,1,4.0,2017-08-01
B006GTGP3K,"Dazzlingrock Collection 14k Ball 4mm Stud Earrings with Silicone covered Gold Pushbacks, White Gold",2017-03,1,2.0,2017-03-01
B006U80XR6,New Matte Black Wayfarer Sunglasses Dark Lens Retro 80s Vintage Fashion Shades,2018-01,1,5.0,2018-01-01
B006U80XR6,New Matte Black Wayfarer Sunglasses Dark Lens Retro 80s Vintage Fashion Shades,2018-07,2,4.0,2018-07-01
B006U80XR6,New Matte Black Wayfarer Sunglasses Dark Lens Retro 80s Vintage Fashion Shades,2018-08,1,5.0,2018-08-01
B006XLCJPE,LL Women's Watercolor Pattern Fashion Scarf - Pink -One Size,2016-10,1,5.0,2016-10-01
B006ZF443S,"Black Braided Leather Bracelet/Leather Wristband/Surf Bracelet, 130",2015-12,1,5.0,2015-12-01
B00755K620,Teardrop Shaped Keychain Fob - Miami RedHawks,2020-06,1,5.0,2020-06-01
B0076BDYE0,"1.25"" Olive Shape Engraved Filigree Crystal Locket Pendant With 28"" Chain",2018-09,1,1.0,2018-09-01
B0076BDYE0,"1.25"" Olive Shape Engraved Filigree Crystal Locket Pendant With 28"" Chain",2019-01,1,1.0,2019-01-01
B0076WTDC6,925 Sterling Silver Hand Blown Venetian Murano Glass Orange Leaf Long Dangle Long Earrings,2020-03,1,1.0,2020-03-01
B0079Q4Z4A,Tundra Boots Diana,2019-02,1,5.0,2019-02-01
B007C2Y31Q,CrystalAge Orange Calcite Power Bead Bracelet,2021-06,1,5.0,2021-06-01
B007C2YDL6,CrystalAge Rose Quartz Power Bead Bracelet,2021-06,1,5.0,2021-06-01
B007GEYR7K,"Nightshirt ""Queen of Absolutely Everything"" One Size Fits Most by Relevant",2022-04,1,5.0,2022-04-01
B007JF2GJW,AmeriBag Healthy Back Bag Small-Celery,2018-01,1,1.0,2018-01-01
B007PMTS86,Russell Athletic Men's Big-Tall Dri-Power Pant,2018-08,2,4.0,2018-08-01
B007R5ZH2C,Dr. Scholl's Men's Microfiber Firm Support Socks,2019-09,1,4.0,2019-09-01
B007R5ZH2C,Dr. Scholl's Men's Microfiber Firm Support Socks,2021-12,1,1.0,2021-12-01
B007RFSY72,Grand River Big and Tall Stretch Demin Jeans - Black (44W x 28L),2019-07,1,4.0,2019-07-01
B007VD1V2K,Pirate Hook(Set of 8),2018-04,1,5.0,2018-04-01
B007WVU6M2,Hot Optix Adjustable Unisex Pocket-size Pen Reader with Case Silver Silver 2 +2.00power,2022-05,1,1.0,2022-05-01
B007XVE12W,Belfry Aspen Big Downturn Brim Raffia Straw Hat,2019-08,1,5.0,2019-08-01
B007ZFOST2,Sophistikitty Bangle Bracelet with Crystal Rhinestones - 3 Rows of Beautiful Sparkly Bling Bling Rhinestones,2017-01,1,5.0,2017-01-01
B007ZYOF7I,"MBLife 925 Sterling Silver Purple CZ Twisted Heart Pendant Necklace (16"")",2017-09,1,5.0,2017-09-01
B00805GEDE,MULTI BLK DISC EAR Whimsical Antique Finish Petal Dangle Earrings,2015-09,1,5.0,2015-09-01
B0089P2MJU,Bone Collector Revo Sunglasses,2017-11,1,5.0,2017-11-01
B008AO71A0,"Honolulu Jewelry Company CZ Accented Sterling Silver Heart and Plumeria Flower Necklace Pendant with 18"" Box Chain",2020-04,1,5.0,2020-04-01
B008BM2LQ0,20g Clear Bioflex Nose Ring Stud Retainer Body Jewelry Piercing 20 Gauge,2017-11,1,5.0,2017-11-01
B008BM2LQ0,20g Clear Bioflex Nose Ring Stud Retainer Body Jewelry Piercing 20 Gauge,2018-09,1,3.0,2018-09-01
B008CCS8GQ,All four lottery TIGER & BUNNY-side TIGER-I award charm with neck strap most (japan import),2018-11,1,5.0,2018-11-01
B008D94Q96,YNA1005 Gray Funny Excellent Mens Gifts Keychains Stainless Streel Leather Key Ring Bridegrooms Gift Idea By Y&G,2017-11,1,1.0,2017-11-01
B008F9VONA,"Belts.com JT Vintage Genuine Full-Grain Casual Jean Leather Belt 1 1/2"" wide-44-Dark Brown",2018-01,1,1.0,2018-01-01
B008KM948O,MANDI HOME Classic Dragon Ear Wrap Cuff Earring Stud Earrings Punk Rock Left Ear,2017-12,1,5.0,2017-12-01
B008LY8KGI,Bullet Casing Cufflinks 9mm F.C. two tone Brass with Nickel Silver center,2018-04,1,5.0,2018-04-01
B008OYP4MS,Maximus Comfortable Indoor/Outdoor Slippers,2016-06,1,3.0,2016-06-01
B008S1WWSQ,JOTW 2 Pieces of White with Black Cross Beaded Adjustable Bracelet Macrame Shamballah (M-482),2017-09,1,3.0,2017-09-01
B008X1G0OS,12.2 Long Silver Tone Metal Lobster Clasps Closure Keyring Keychain by Como,2017-03,1,4.0,2017-03-01
B008XRNPGS,Comicfs 10 PCS White Cotton Sports Basketball Headband/Sweatband Head Sweat Band/Brace,2018-06,1,2.0,2018-06-01
B008XRNPGS,Comicfs 10 PCS White Cotton Sports Basketball Headband/Sweatband Head Sweat Band/Brace,2018-07,1,3.0,2018-07-01
B008XRNPGS,Comicfs 10 PCS White Cotton Sports Basketball Headband/Sweatband Head Sweat Band/Brace,2018-09,1,5.0,2018-09-01
B009041Q1E,"Lot of 10 - ""Lucky"" HAMSA Black String Kabbalah Bracelets with Braided String and Rotating ""Evil Eye"" Hamsa Hand - Jewish Judaica Amulet Pendant Jewelry for ""Success and Protection""",2018-12,1,5.0,2018-12-01
B009CK9YOW,"925 Sterling Silver Claddagh Celtic Trinity Knot Pendant on Alloy Necklace Chain, 16 inches",2019-06,1,5.0,2019-06-01
B009CK9YOW,"925 Sterling Silver Claddagh Celtic Trinity Knot Pendant on Alloy Necklace Chain, 16 inches",2023-04,1,3.0,2023-04-01
B009FZA1K0,WearAll Women's Plus Size Frill Cardigan - White - US 14 (UK 18),2022-08,1,5.0,2022-08-01
B009O0181W,Twilight Breaking Dawn Part 2 Earrings 3 Pack Edward,2016-05,1,5.0,2016-05-01
B009O0181W,Twilight Breaking Dawn Part 2 Earrings 3 Pack Edward,2018-04,1,5.0,2018-04-01
B009R09Z8W,Joe's USA Men's Hoodies Soft & Cozy Hooded Sweatshirts in 62 Colors:Sizes S-5XL,2018-04,1,5.0,2018-04-01
B009R09Z8W,Joe's USA Men's Hoodies Soft & Cozy Hooded Sweatshirts in 62 Colors:Sizes S-5XL,2018-09,1,4.0,2018-09-01
B009R09Z8W,Joe's USA Men's Hoodies Soft & Cozy Hooded Sweatshirts in 62 Colors:Sizes S-5XL,2018-11,2,5.0,2018-11-01
B009R09Z8W,Joe's USA Men's Hoodies Soft & Cozy Hooded Sweatshirts in 62 Colors:Sizes S-5XL,2019-06,1,5.0,2019-06-01
B009R09Z8W,Joe's USA Men's Hoodies Soft & Cozy Hooded Sweatshirts in 62 Colors:Sizes S-5XL,2019-12,1,5.0,2019-12-01
B009R09Z8W,Joe's USA Men's Hoodies Soft & Cozy Hooded Sweatshirts in 62 Colors:Sizes S-5XL,2020-01,1,5.0,2020-01-01
B009R09Z8W,Joe's USA Men's Hoodies Soft & Cozy Hooded Sweatshirts in 62 Colors:Sizes S-5XL,2020-02,1,5.0,2020-02-01
B009R09Z8W,Joe's USA Men's Hoodies Soft & Cozy Hooded Sweatshirts in 62 Colors:Sizes S-5XL,2020-03,1,5.0,2020-03-01
B009R09Z8W,Joe's USA Men's Hoodies Soft & Cozy Hooded Sweatshirts in 62 Colors:Sizes S-5XL,2020-05,2,5.0,2020-05-01
B009R09Z8W,Joe's USA Men's Hoodies Soft & Cozy Hooded Sweatshirts in 62 Colors:Sizes S-5XL,2020-11,1,1.0,2020-11-01
B009R09Z8W,Joe's USA Men's Hoodies Soft & Cozy Hooded Sweatshirts in 62 Colors:Sizes S-5XL,2021-05,2,3.5,2021-05-01
B009R09Z8W,Joe's USA Men's Hoodies Soft & Cozy Hooded Sweatshirts in 62 Colors:Sizes S-5XL,2022-01,1,4.0,2022-01-01
B009R09Z8W,Joe's USA Men's Hoodies Soft & Cozy Hooded Sweatshirts in 62 Colors:Sizes S-5XL,2022-02,1,5.0,2022-02-01
B009R09Z8W,Joe's USA Men's Hoodies Soft & Cozy Hooded Sweatshirts in 62 Colors:Sizes S-5XL,2022-03,1,5.0,2022-03-01
B009R09Z8W,Joe's USA Men's Hoodies Soft & Cozy Hooded Sweatshirts in 62 Colors:Sizes S-5XL,2023-03,1,5.0,2023-03-01
B009R09Z8W,Joe's USA Men's Hoodies Soft & Cozy Hooded Sweatshirts in 62 Colors:Sizes S-5XL,2023-04,1,5.0,2023-04-01
B009R09Z8W,Joe's USA Men's Hoodies Soft & Cozy Hooded Sweatshirts in 62 Colors:Sizes S-5XL,2023-11,1,4.0,2023-11-01
B009R09Z8W,Joe's USA Men's Hoodies Soft & Cozy Hooded Sweatshirts in 62 Colors:Sizes S-5XL,2026-01,1,5.0,2026-01-01
B009R09Z8W,Joe's USA Men's Hoodies Soft & Cozy Hooded Sweatshirts in 62 Colors:Sizes S-5XL,2026-03,1,5.0,2026-03-01
B009RGFWCE,Tradegogo Women Fashion Jewelry Alloy Base Rose Gold Plated Rhinestone Circle Wedding Engagement Promise Rings,2019-05,1,4.0,2019-05-01
B009V070WQ,Small Stainless Steel Silver Tone Unisex Huggie Hoop Earrings 10mm,2016-03,1,3.0,2016-03-01
B009V070WQ,Small Stainless Steel Silver Tone Unisex Huggie Hoop Earrings 10mm,2018-06,1,4.0,2018-06-01
B009V070WQ,Small Stainless Steel Silver Tone Unisex Huggie Hoop Earrings 10mm,2018-08,1,3.0,2018-08-01
B009V070WQ,Small Stainless Steel Silver Tone Unisex Huggie Hoop Earrings 10mm,2018-11,1,5.0,2018-11-01
B009V070WQ,Small Stainless Steel Silver Tone Unisex Huggie Hoop Earrings 10mm,2019-05,1,5.0,2019-05-01
B009V070WQ,Small Stainless Steel Silver Tone Unisex Huggie Hoop Earrings 10mm,2019-07,1,5.0,2019-07-01
B009VJTNPE,HDE Men's Pre-Tied Adjustable Bow Tie Poly Satin Wedding Tuxedo Formal Event Necktie,2017-01,1,5.0,2017-01-01
B009Y2H8FU,"Babysoy Boys Color Block Short Sleeve Shortall Romper (Soy, 6-12 Months)",2025-08,1,5.0,2025-08-01
B00A0524XG,Rogue Red Line Black Leather Billfold Wallet w/RFID Wallet Guard,2018-09,1,5.0,2018-09-01
B00A723ZKI,Beer is Proof That God Loves Us - Ben Franklin | Homebrew Lover Unisex T-Shirt-Blue-Large,2020-02,1,5.0,2020-02-01
B00AALLIGO,"Old Shanghai Women's Silk Kimono Long Robe - Handpainted, Cherry Blossom Navy",2019-10,1,3.0,2019-10-01
B00AALLIGO,"Old Shanghai Women's Silk Kimono Long Robe - Handpainted, Cherry Blossom Navy",2020-03,1,5.0,2020-03-01
B00AGQKE2W,Helix Five - Sterling Silver Ear Cuff By Earlums,2016-05,1,5.0,2016-05-01
B00AHKHBV4,"Columbia Men's Inferno Range Gloves,Black,XL",2020-03,1,4.0,2020-03-01
B00AJU50VK,Retro Vintage Style Metal Aviator Clear Lens Glasses 482CL,2017-03,1,5.0,2017-03-01
B00AKHWI2G,"Crosman .22-Cal Steel Breech Kit, Fits 2240, 2250, 2260, 2289 & 1322 Air Guns Crosman .22-Cal Steel",2017-11,1,5.0,2017-11-01
B00AM3YT7K,2 Pairs of Silvertone with Clear Iced Out 3D Bow Tie Stud Earrings (R-2417),2016-05,1,4.0,2016-05-01
B00AULJEWY,New Polyester Men's Neckties Solid Neck Tie 38 Colors (Silver),2017-04,1,3.0,2017-04-01
B00AWB4HQ0,Leonisa No-Show Hiphugger Panty Beige,2018-08,1,5.0,2018-08-01
B00B301OD8,White Dots Pattern Stretchy Thumbhole Fingerless Arm Gloves Black for Women,2019-02,1,1.0,2019-02-01
B00B3I3A28,"Venture Heat Women's Heated Shirt Thermal Underwear with Battery Pack - Long John, 1/4 Zip Electric Base Layer, Nomad (M, Purple)",2020-01,1,5.0,2020-01-01
B00B3L3HPU,Allmygold Long Stem Dipped 24K Gold Trim Genuine Green Rose in Gold Gift Box,2020-05,1,5.0,2020-05-01
B00B3L3HPU,Allmygold Long Stem Dipped 24K Gold Trim Genuine Green Rose in Gold Gift Box,2021-01,1,5.0,2021-01-01
B00B46JJ1U,May&Maya Women Half Palm Premium Leather Driving Gloves,2018-05,1,2.0,2018-05-01
B00B46JJ1U,May&Maya Women Half Palm Premium Leather Driving Gloves,2024-02,1,3.0,2024-02-01
B00BE61SR8,Sterling Silver Charm Sparkle Flower Charm Bead Swarovski Crystal Clear fits All Charm Bracelets Women Girls Birthday Gifts EC296,2018-04,1,1.0,2018-04-01
B00BPFX9FW,Dirndl Trachten Haus Womens Short Red Bavarian Dress | 3 Piece Set with Traditional Dirndl Oktoberfest Costumes for Women,2025-11,1,4.0,2025-11-01
B00BPHSUMC,Dirndl Trachten Haus Womens Red Bavarian Dress | 3 Piece Set with Traditional Dirndl Oktoberfest Costumes for Women,2018-05,1,5.0,2018-05-01
B00BQ1F6P6,Rhino 60S21 6 Inch Steel Toe Safety Work Boot - Black (11),2019-06,1,3.0,2019-06-01
B00BQLR5GE,"I Heart Star Wars Darth Vader Juniors Crew T-Shirt, Medium",2018-04,1,5.0,2018-04-01
B00BXKW216,Ema Jane - Neon Grosgrain Hair Bow Clips (15 Pack),2018-07,1,5.0,2018-07-01
B00BXVDKM0,2pcs Dome Clear Heart Gem Barbell Tongue Ring 14G,2018-09,1,1.0,2018-09-01
B00BXVDKM0,2pcs Dome Clear Heart Gem Barbell Tongue Ring 14G,2020-04,1,5.0,2020-04-01
B00C178K2A,Running Lite-Mesh Mini Crew,2018-12,1,3.0,2018-12-01
B00C178K2A,Running Lite-Mesh Mini Crew,2020-10,1,5.0,2020-10-01
B00C1L0R7W,Fila Skeletoes Emergence Shoes Minimalist Five Finger Shoes,2019-10,1,4.0,2019-10-01
B00C4VYL5S,Lionel Adjustable Child Size Train Engineer Hat,2019-06,1,5.0,2019-06-01
B00C97GXIK,uxcell Women Elastic Cinch Belt Metal Buckle Flower Decor Leather Width 2.4 Inches Dark Brown L,2018-02,1,5.0,2018-02-01
B00CA6XNFQ,Scarleton Large Satchel H106821 - Coffee,2016-12,1,4.0,2016-12-01
B00CA6XNFQ,Scarleton Large Satchel H106821 - Coffee,2017-03,1,5.0,2017-03-01
B00CA6XNFQ,Scarleton Large Satchel H106821 - Coffee,2019-02,1,3.0,2019-02-01
B00CA6XNFQ,Scarleton Large Satchel H106821 - Coffee,2019-10,1,5.0,2019-10-01
B00CE4B8LU,Kipling Women's 6 Inchl X 8.25 Inchh X 2 Inchd,2016-10,1,3.0,2016-10-01
B00CE4B8LU,Kipling Women's 6 Inchl X 8.25 Inchh X 2 Inchd,2018-04,1,5.0,2018-04-01
B00CE4B8LU,Kipling Women's 6 Inchl X 8.25 Inchh X 2 Inchd,2019-09,1,5.0,2019-09-01
B00CE4B8LU,Kipling Women's 6 Inchl X 8.25 Inchh X 2 Inchd,2020-08,1,3.0,2020-08-01
B00CE4B8LU,Kipling Women's 6 Inchl X 8.25 Inchh X 2 Inchd,2020-11,1,5.0,2020-11-01
B00CE4B8LU,Kipling Women's 6 Inchl X 8.25 Inchh X 2 Inchd,2022-11,1,5.0,2022-11-01
B00CH4OO54,"Del Rossa Mens Fleece Robe, Contrast Shawl Collar Bathrobe, 1X-2X Black with Steel (A0109BST2X)",2020-11,1,5.0,2020-11-01
B00CJUGQAW,Death Note Necklace L Lawliet Kira Costume Cosplay charm necklace Silver,2017-03,1,5.0,2017-03-01
B00CMLRGL6,H2H Men's Modern Fit Lightweight Giraffe Polo Shirts with Giraffe Embroidery Gray US L/Asia 3XL (JDSK36),2018-09,1,4.0,2018-09-01
B00CO28798,Leegoal Vintage Silver Infinite Bracelet Love Pink Leather Rope Infinity Knit Punk Style,2017-03,1,2.0,2017-03-01
B00CO28798,Leegoal Vintage Silver Infinite Bracelet Love Pink Leather Rope Infinity Knit Punk Style,2018-12,1,5.0,2018-12-01
B00CQNT23A,Allegra K Ladies Skull Printed Batwing Sleeve Destroyed Design Blouse Dark Blue S,2018-10,1,4.0,2018-10-01
B00CQNT23A,Allegra K Ladies Skull Printed Batwing Sleeve Destroyed Design Blouse Dark Blue S,2019-09,1,5.0,2019-09-01
B00D2I3WX4,BMC 3pc Womens Fashion Turban Twist Headband Hair Tie Accessories Mix Color Set,2018-11,1,1.0,2018-11-01
B00D2L1418,"Belts.com White Leather Jean Casual Belts Strap with snaps for Men and Women 1.5"" Wide (32)",2017-03,1,1.0,2017-03-01
B00D3SAN0I,Mandala Crafts Women's Magnetic Simulated Hematite Bead Necklace Wrap Bracelet Anklet (Pink),2018-11,1,4.0,2018-11-01
B00D4XOI44,ACU Camouflage Army Military Travel Kit w/ Hanger,2018-07,1,5.0,2018-07-01
B00D630LXE,DaisyJewel Cute Black & White Panda Bear Crystal Enamel Stud Earrings,2018-12,1,2.0,2018-12-01
B00DEP7MBS,"Draw String Red String Bracelet, Good for Wealth and Love, Kabbalah Red String Bracelet",2019-02,1,1.0,2019-02-01
B00DEZ4O9Q,SPORT-TEK Men's PosiCharge Competitor Tee,2020-03,1,5.0,2020-03-01
B00DEZ4O9Q,SPORT-TEK Men's PosiCharge Competitor Tee,2020-04,1,4.0,2020-04-01
B00DEZ4O9Q,SPORT-TEK Men's PosiCharge Competitor Tee,2021-06,1,5.0,2021-06-01
B00DEZ4O9Q,SPORT-TEK Men's PosiCharge Competitor Tee,2024-08,1,5.0,2024-08-01
B00DEZ4O9Q,SPORT-TEK Men's PosiCharge Competitor Tee,2025-05,1,4.0,2025-05-01
B00DEZ4O9Q,SPORT-TEK Men's PosiCharge Competitor Tee,2026-04,1,1.0,2026-04-01
B00DG5T1SI,Digabi Men's Jewelry Cross Shape Design 18K Platinum Plated Highly Recommend Cufflinks Cuff for Men Color Sliver,2017-02,1,5.0,2017-02-01
B00DG5T1SI,Digabi Men's Jewelry Cross Shape Design 18K Platinum Plated Highly Recommend Cufflinks Cuff for Men Color Sliver,2018-01,1,3.0,2018-01-01
B00DG5T1SI,Digabi Men's Jewelry Cross Shape Design 18K Platinum Plated Highly Recommend Cufflinks Cuff for Men Color Sliver,2019-04,1,4.0,2019-04-01
B00DGZ82EW,CarBeyondStore Toyota Corolla Chrome Cable Key Chain,2019-07,1,5.0,2019-07-01
B00DKYC8RG,Ritche 20mm Stainless Steel Bracelet Watch Band Strap Curved End Solid Links Color Silver,2018-03,1,3.0,2018-03-01
B00DKYC8RG,Ritche 20mm Stainless Steel Bracelet Watch Band Strap Curved End Solid Links Color Silver,2018-05,1,5.0,2018-05-01
B00DN0YQB8,"Humble Chic Paris Printed Scarf - Eiffel Tower Long Lightweight Shawl Wrap, Pink, Blush, Rose",2018-09,1,5.0,2018-09-01
B00DQBFFY6,Mandala Crafts Tibetan 10mm Red Yak Bone Medicine Wrist Mala,2016-09,1,1.0,2016-09-01
B00DW39X50,Allegra K Women Layered Ruffle Top 3/4 Sleeve Casual Fall Blouses,2017-01,1,4.0,2017-01-01
B00E3RD0GC,YAZILIND Gothic Lolita Sexy Lace Flower Cute Beads Pendant Necklace Choker Necklace 12in,2017-12,1,5.0,2017-12-01
B00E5N12DW,"District Made Womens Modal Blend 3/4 Sleeve Raglan, XX-Large, Dark Fuchsia",2016-12,1,1.0,2016-12-01
B00E6F7904,3 Pcs Long Midi Mid Calf Blue Women's German Oktoberfest Holiday Party Dirndl Dress,2018-08,1,5.0,2018-08-01
B00E6F82KU,3-Pcs Long Blue Dirndl German Waitress Embroidered Hostess Oktoberfest Dress,2017-11,1,5.0,2017-11-01
B00E834CJA,"Silver Plated Filigree Heart Necklace and Stud Earring Jewelry Set for Women, Teen Girls, Girlfriend",2018-09,1,5.0,2018-09-01
B00E95XEFK,EVER FAITH Bridal Silver-Tone Hibiscus Flower Earrings Necklace Set Clear Austrian Crystal,2019-05,1,4.0,2019-05-01
B00E9C8QCO,Gorgeous Vera Bradley Mini Frame Crossbody in Cocoa Moss,2016-09,1,2.0,2016-09-01
B00EHUURIE,Silvertone Iced Out Puzzle Piece Stud Earrings,2018-04,1,5.0,2018-04-01
B00EHUURIE,Silvertone Iced Out Puzzle Piece Stud Earrings,2018-11,1,5.0,2018-11-01
B00ESAKMOM,Yoursfs 18K Gold Eternity Ring for Women Stacking Rings Fake Diamond Wedding Band Gift for She,2018-03,1,5.0,2018-03-01
B00ESYWNNQ,Gold Plated Double Heart Pendant Necklace (22 Inches),2018-03,1,5.0,2018-03-01
B00EZHWDMM,"Women Ruched Detail Semi Sheer Soft Simple Casual Scarf, White",2017-08,1,4.0,2017-08-01
B00EZHWDMM,"Women Ruched Detail Semi Sheer Soft Simple Casual Scarf, White",2018-06,1,4.0,2018-06-01
B00EZHWDMM,"Women Ruched Detail Semi Sheer Soft Simple Casual Scarf, White",2019-08,1,1.0,2019-08-01
B00EZISFVE,Createforlife Women's Retro Copper Tibetan Red Gem Teardrop Balls Dangled Stud Earrings,2016-12,1,5.0,2016-12-01
B00F29VJBS,Allah Islamic Turquoise Blue Prayer Beads Muslim Tasbih Misbaha Religious Spiritual,2017-03,1,5.0,2017-03-01
B00F2C991M,ililily Skirt with Full length Thick Leggings Stretch Winter Skinny Pants (leggings-095-1-XL),2018-02,1,5.0,2018-02-01
B00F2KV9US,"Futrzane Russian Faux Fur Hat for Women - Like Real Fur - Comfy Cossack Style (M, Ashen Beaver)",2021-04,1,5.0,2021-04-01
B00F497I1Q,Keychain Bottle Opener & Flashlight - Purdue Boilermakers,2019-03,1,5.0,2019-03-01
B00F54WM02,Dooney & Bourke Double Pocket Satchel - White/Black,2017-11,1,4.0,2017-11-01
B00F7QZMFA,Attack on Titan Rose Necklace,2017-12,1,5.0,2017-12-01
B00FBF4Z8C,Dahlia Women's Solid Color Acrylic Fingerless Long Arm Warmer Gloves Black,2018-08,1,5.0,2018-08-01
B00FDND8D0,DJT Womens Plus Fleece Hooded Basic Jacket Black 5XL,2017-11,1,5.0,2017-11-01
B00FDND8D0,DJT Womens Plus Fleece Hooded Basic Jacket Black 5XL,2018-01,1,5.0,2018-01-01
B00FDND8D0,DJT Womens Plus Fleece Hooded Basic Jacket Black 5XL,2018-09,1,3.0,2018-09-01
B00FDND8D0,DJT Womens Plus Fleece Hooded Basic Jacket Black 5XL,2019-09,1,3.0,2019-09-01
B00FF58BTC,WESTERN EXPRESS Faux Felt Gambler Hat with Chin Strap Black - Size 7 1/8,2019-01,1,5.0,2019-01-01
B00FKC677S,AeraVida Colorful Strands Coco Palm Wood Nuggets Shell Embellished Strand Necklace,2021-07,1,5.0,2021-07-01
B00FM7QTD8,Heiden Black Leather Sunglass Organizer Storage Case Box (Holds 6 Sunglasses),2019-06,1,5.0,2019-06-01
B00FQ3E534,Vera Bradley Checkbook Cover in Midnight Blues,2021-05,1,5.0,2021-05-01
B00FRLKOLM,Women's Colorful Workout Lifting Fitness Moves Burnout or Tri Blend Tank Top,2018-04,1,5.0,2018-04-01
B00FZ0TM54,SLS3 Calf Compression Sleeves for Legs | Shin Splints Leg Compression Socks for Women | Recovery from Sports Injury + Pain Relief | Calf Guard for Running Cycling,2019-06,1,5.0,2019-06-01
B00FZ0TM54,SLS3 Calf Compression Sleeves for Legs | Shin Splints Leg Compression Socks for Women | Recovery from Sports Injury + Pain Relief | Calf Guard for Running Cycling,2019-09,1,5.0,2019-09-01
B00FZ0TM54,SLS3 Calf Compression Sleeves for Legs | Shin Splints Leg Compression Socks for Women | Recovery from Sports Injury + Pain Relief | Calf Guard for Running Cycling,2019-11,1,2.0,2019-11-01
B00FZ0TM54,SLS3 Calf Compression Sleeves for Legs | Shin Splints Leg Compression Socks for Women | Recovery from Sports Injury + Pain Relief | Calf Guard for Running Cycling,2020-12,1,5.0,2020-12-01
B00G0JQUV8,8 PCS Different Color Cotton Sports Basketball Headband /Sweatband Head Sweat Band/Brace,2018-09,1,5.0,2018-09-01
B00G2GWEKK,Stainless Steel Simulated Turquoise Ball Stud Earring,2018-08,1,2.0,2018-08-01
B00G62BWBC,Ninimour- Women's Winter Knit Crochet Leg Warmers Legging (Black),2018-02,1,4.0,2018-02-01
B00G62BWBC,Ninimour- Women's Winter Knit Crochet Leg Warmers Legging (Black),2018-03,1,2.0,2018-03-01
B00G62BWBC,Ninimour- Women's Winter Knit Crochet Leg Warmers Legging (Black),2018-05,1,5.0,2018-05-01
B00G7N0TKK,Columbia Women's Anytime Outdoor Full Leg Pant Short,2019-10,1,3.0,2019-10-01
B00GD0XB84,"Twilight's Fancy Plain Scalloped Lace Choker Necklace (S, M, L, XL, XXL)",2019-06,2,4.5,2019-06-01
B00GO806LA,HEALING BRACELET-BEAUTIFULLY HANDCRAFTED WITH 3 METAL BRICK BLOCK SETTINGS-COPPER BRASS & TIBETAN SILVER-HEALING POWERS FOR FOR ALL IMBALANCES AND INNER DOSHAS,2018-02,1,5.0,2018-02-01
B00GO9GS3O,18k Gold Plated Hot Pink Crystal Flower Huggie Earrings Girls Teens 10mm,2017-12,1,5.0,2017-12-01
B00GONMOCO,ViciBeads Valentine Rose Gold Plated Pave Rhinestone Heart Bracelet/Anklet + Gift Bag,2018-02,1,5.0,2018-02-01
B00GP60XOQ,"LeggingsQueen Women's Long Sleeve Cowl Neck Basic Tunic Top (T1034-NVY, S)",2017-12,1,5.0,2017-12-01
B00GPIDTKO,"Kobwa(TM) Wool Chunky Knit Braided Beanie Hat Baggy Beret For Winter,Coffee with Kobwa's Keyring",2017-04,1,5.0,2017-04-01
B00GQVC6HM,eFuture(TM) Yellow Fashion Begonia Flower Ink Style Soft & Warm Long Chiffon Shawls Scarves Wrap For Women/Lady +eFuture's nice Keyring,2017-12,1,1.0,2017-12-01
B00GVMWR7K,Girl's Black Faux Leather Back Zipper Riding Knee High Boots Nakia KID 11,2017-12,1,3.0,2017-12-01
B00GWY1QFQ,Gem Stone King 20 Inch Multicolor Simulated Shell Pearls Multi-Strand Twist Necklace,2020-01,1,5.0,2020-01-01
B00GWY1QFQ,Gem Stone King 20 Inch Multicolor Simulated Shell Pearls Multi-Strand Twist Necklace,2020-03,1,5.0,2020-03-01
B00H4DL9II,"MEDIUM ONLY. 100% Pure Silk Thermal Liner Gloves Inner for Bikers, Skiers, Dog Walkers, Cyclists, Fishermen, Gardeners and all Outdoor Activities.",2022-03,2,3.0,2022-03-01
B00H4DL9II,"MEDIUM ONLY. 100% Pure Silk Thermal Liner Gloves Inner for Bikers, Skiers, Dog Walkers, Cyclists, Fishermen, Gardeners and all Outdoor Activities.",2024-02,1,5.0,2024-02-01
B00H4DL9II,"MEDIUM ONLY. 100% Pure Silk Thermal Liner Gloves Inner for Bikers, Skiers, Dog Walkers, Cyclists, Fishermen, Gardeners and all Outdoor Activities.",2025-01,1,5.0,2025-01-01
B00H8XSJJ6,"Luvable Friends Rubber-Grip Sole Socks, Stripes, 18-24 Months",2017-08,1,3.0,2017-08-01
B00H9393YU,Women Corset Top Red Faux Leather Punk Buckles Underbust Bustier Lingerie XXL,2018-12,1,2.0,2018-12-01
B00H9VS1KY,"LeggingsQueen Women's Long Sleeve Cowl Neck Basic Tunic Top (T1034-BGD, S)",2017-09,1,4.0,2017-09-01
B00HAH2IY2,"18k yellow gold pink and white enamel cupcake screwback earrings (5mm, 0.20 inches)",2018-03,1,4.0,2018-03-01
B00HE8HZRW,Momo Grow Girls Maddie Leather Boots - 12 M US Little Girls Grey,2017-12,1,3.0,2017-12-01
B00HEYYIL2,Louis Garneau Carbon LS-100 Shoes Black-46,2020-01,1,5.0,2020-01-01
B00HH07RDO,SODIAL(R) Silver Tone Metal Airplane Shaped Pendant Necklace Watch,2021-01,1,5.0,2021-01-01
B00HH979ZQ,YAZILIND Jewelry White Lace Pink Rose Retro Metal Venetian Pearl Adjustable Collar Necklace for Women,2017-10,1,4.0,2017-10-01
B00HH979ZQ,YAZILIND Jewelry White Lace Pink Rose Retro Metal Venetian Pearl Adjustable Collar Necklace for Women,2019-04,1,1.0,2019-04-01
B00HICDF3W,Aoron Aviator Polarized Sunglasses for Men and Women (Gold frame Green lens)…,2020-02,1,5.0,2020-02-01
B00HJZE4II,"Bridgestone Flat Bill Cap (Black, Large/X-Large) B330 Golf Hat",2019-01,1,5.0,2019-01-01
B00HNW2KUG,"QMEET Stroller Hook - 2 Pack of Multi Purpose Hooks - Hanger for Baby Diaper Bags, Clothing (B26)",2017-08,1,5.0,2017-08-01
B00HPWINNC,TeddyT's Women's Fleece Lined Thermal Super Soft Fluffy Winter Slipper Boots Us Shoe Size 5-8 Baby Pink,2018-10,1,5.0,2018-10-01
B00HPYZFI6,The Walking Dead Men's Low Cut Ankle Socks - 3 Pack,2018-02,1,4.0,2018-02-01
B00HR6KV9A,Woman Rectangle Shape Wristlet Zippered Change Purse Phone Holder,2018-06,1,2.0,2018-06-01
B00HTG12UU,Producing Victory Medallion Pendant,2022-06,1,5.0,2022-06-01
B00HWCUKT0,Peach Couture Skull Scarf Black Scarf White Scarf Womens Scarf Infinity Scarf White Black,2017-04,1,5.0,2017-04-01
B00HWPY8IQ,American Flag USA Classic Teardrop Metal Aviator Sunglasses (Gunmetal),2018-08,1,5.0,2018-08-01
B00HXD0R2S,Reef Draftsmen Mens Leather Sandals | Bottle Opener Flip Flops For Men With Soft Cushion Footbed | Waterproof,2018-11,2,5.0,2018-11-01
B00HXD0R2S,Reef Draftsmen Mens Leather Sandals | Bottle Opener Flip Flops For Men With Soft Cushion Footbed | Waterproof,2018-12,1,5.0,2018-12-01
B00HXD0R2S,Reef Draftsmen Mens Leather Sandals | Bottle Opener Flip Flops For Men With Soft Cushion Footbed | Waterproof,2019-02,1,5.0,2019-02-01
B00HXD0R2S,Reef Draftsmen Mens Leather Sandals | Bottle Opener Flip Flops For Men With Soft Cushion Footbed | Waterproof,2019-04,1,4.0,2019-04-01
B00HXD0R2S,Reef Draftsmen Mens Leather Sandals | Bottle Opener Flip Flops For Men With Soft Cushion Footbed | Waterproof,2019-05,1,1.0,2019-05-01
B00HXD0R2S,Reef Draftsmen Mens Leather Sandals | Bottle Opener Flip Flops For Men With Soft Cushion Footbed | Waterproof,2019-08,1,4.0,2019-08-01
B00HXD0R2S,Reef Draftsmen Mens Leather Sandals | Bottle Opener Flip Flops For Men With Soft Cushion Footbed | Waterproof,2019-11,1,5.0,2019-11-01
B00HXD0R2S,Reef Draftsmen Mens Leather Sandals | Bottle Opener Flip Flops For Men With Soft Cushion Footbed | Waterproof,2020-01,1,4.0,2020-01-01
B00HXD0R2S,Reef Draftsmen Mens Leather Sandals | Bottle Opener Flip Flops For Men With Soft Cushion Footbed | Waterproof,2020-12,1,5.0,2020-12-01
B00HXD0R2S,Reef Draftsmen Mens Leather Sandals | Bottle Opener Flip Flops For Men With Soft Cushion Footbed | Waterproof,2021-10,1,5.0,2021-10-01
B00HXD0R2S,Reef Draftsmen Mens Leather Sandals | Bottle Opener Flip Flops For Men With Soft Cushion Footbed | Waterproof,2022-07,1,5.0,2022-07-01
B00HXD0R2S,Reef Draftsmen Mens Leather Sandals | Bottle Opener Flip Flops For Men With Soft Cushion Footbed | Waterproof,2022-09,1,1.0,2022-09-01
B00I86ABAC,Funny Party Hats Saint Patricks Day Hat - Leprachaun Hat - Pimp Hat - Lucky Charm Hat - St. Patricks Day Hats,2020-04,1,2.0,2020-04-01
B00I8F28JU,Woman's Women's Leather Wallet ID Credit Cards Cash Coin Holder Case Purse Organizer by Silver Fever (Beige),2019-05,1,5.0,2019-05-01
B00I99X9WU,VOID Watch - SOND - Black,2018-04,1,1.0,2018-04-01
B00IIYW9N6,MG Collection CARA Blue Faux Patent Leather Crocodile Embossed Satchel Bag,2018-12,1,5.0,2018-12-01
B00INR7P2S,Scala Womens Sewn Braid Visor Hat (Natural),2020-09,1,4.0,2020-09-01
B00IOT5PXQ,Dr. Comfort Men's Boss Diabetic Boots,2018-06,1,5.0,2018-06-01
B00IOT5PXQ,Dr. Comfort Men's Boss Diabetic Boots,2020-12,1,5.0,2020-12-01
B00IOUX9PG,VertX Men's Camouflage Sport Hunting Fishing Outdoor Camo Sunglasses w/Free Microfiber Camo Pouch – Amber Lens,2018-04,1,5.0,2018-04-01
B00IQE2JUG,"Women's Adjustable Stretch Belt with No Show Flat Buckle, Nickel Free (Truth SEVA)",2019-10,1,5.0,2019-10-01
B00IRLL4MC,Cancer Awareness Angel Pin - Leukemia (Orange),2020-05,1,5.0,2020-05-01
B00ISIL5R8,Jiayiqi Jewelry Womens Hotnew Fashion Sexy Lucky 8 Exotic Belly Waist Body Chain Necklace,2017-09,1,5.0,2017-09-01
B00IT6Q6E6,Laurel Burch Whiskered Cats Silk Scarf 54 X 11.5 In.,2017-06,1,5.0,2017-06-01
B00IUWJRAE,Mauve Super Long 40 Inch #LegWarmers by KD dance New York Makers of the Finest Knit #Dancewear In The World #MadeInUSA,2018-02,1,5.0,2018-02-01
B00IX0JQBS,Harley-Davidson Men's Sun Kickstart Sunglasses Gray Frame/Gray Lens HDV015GRY-35,2022-09,1,5.0,2022-09-01
B00IX0JQBS,Harley-Davidson Men's Sun Kickstart Sunglasses Gray Frame/Gray Lens HDV015GRY-35,2023-02,1,5.0,2023-02-01
B00IZ4I1C2,Bestpriceam 1pc Women Multilayer Chain Tassels Choker Bib False Collar Necklace (Gold),2017-10,1,5.0,2017-10-01
B00IZ4I1C2,Bestpriceam 1pc Women Multilayer Chain Tassels Choker Bib False Collar Necklace (Gold),2018-05,1,3.0,2018-05-01
B00J2Y56N6,925 Sterling Silver Celtic Knot Black Onyx Dangle Earrings 20 mm - Nickel Free,2018-07,1,4.0,2018-07-01
B00J313D8S,YUTRO Fashion Women's Winter Slouchy Fleece Lined Wool Beanie Hat One Size Black,2018-12,1,5.0,2018-12-01
B00J7S0IQM,925 Sterling Silver Tiny Detailed Owl Bird 8 mm Post Stud Earrings,2018-03,1,4.0,2018-03-01
B00J8AH3FS,Womens Scarf Soft Sheer Style C-Green,2018-01,1,5.0,2018-01-01
B00JANFOR2,"Crazy2Shop Sterling Silver Rose Gold Plated Classy Stackable Ring with Clear Simulated Crystals on Half-Bezel Setting with Rhodium Finish, Band Width 1.5MM",2020-06,1,3.0,2020-06-01
B00JEQIP6W,Wrapables Hair Clip and Hair Bow Holder,2020-06,1,5.0,2020-06-01
B00JETCUIS,FM42 Hollowed-out Flower Design Cocktail Ring R189 Size 7,2018-11,1,1.0,2018-11-01
B00JF6EGTQ,Rolling Stones - It's Only Rock and Roll Juniors Torn Tank Top Black Small,2022-07,1,5.0,2022-07-01
B00JM7G4C0,"Frozen Dress Girl's Tutu Dress Party Dress, Purple(Size:S,Suitable For Height 100-110 Centimeter)",2017-09,1,4.0,2017-09-01
B00JSRAIN0,Big Mango Fashion Lovely Skull Skeleton Flower Single Shoulder Bag Leisure Mini Crossbody Bag Womens Embossed Bag,2018-12,1,5.0,2018-12-01
B00JUW5SCE,GURAIO Fashion Lady Strands Suede Rope Bracelet Gift,2018-06,1,5.0,2018-06-01
B00JZZGU50,Set of 6 Pairs: 316L Stainless Steel Cubic Zirconia Simulated Diamond Round Stud Earrings,2018-04,1,5.0,2018-04-01
B00K4CFOKA,Korean Drama Boys Over Flowers Kissing Star Necklace,2022-07,1,4.0,2022-07-01
B00K6BAB52,Xpril Women's Cotton Zip Up Hoodie Vest,2023-02,2,5.0,2023-02-01
B00K6BAB52,Xpril Women's Cotton Zip Up Hoodie Vest,2024-11,1,3.0,2024-11-01
B00K85OAOO,"MediPeds Coolmax Cotton Half Cushion EXTRA WIDE Crew Socks, Medium Ladies 6-10 / Mens 6-9, Black, 2 Pair",2022-02,1,5.0,2022-02-01
B00KA33GDA,Hynes Victory Ladies Large Totes (Yellow),2020-01,1,4.0,2020-01-01
B00KA3R3M0,Fashion Green Enamel Bib Link Plaque Dangle Stick Necklace Stud Earrings Set,2019-02,1,5.0,2019-02-01
B00KA3R3M0,Fashion Green Enamel Bib Link Plaque Dangle Stick Necklace Stud Earrings Set,2019-03,1,3.0,2019-03-01
B00KA3TUNA,Elegant Women's Multi-Row Torsade Fringe White Pearl Bead Chain Bib Necklace,2019-01,1,1.0,2019-01-01
B00KA3TUNA,Elegant Women's Multi-Row Torsade Fringe White Pearl Bead Chain Bib Necklace,2019-02,1,5.0,2019-02-01
B00KA3TUNA,Elegant Women's Multi-Row Torsade Fringe White Pearl Bead Chain Bib Necklace,2019-03,2,2.5,2019-03-01
B00KA3TUNA,Elegant Women's Multi-Row Torsade Fringe White Pearl Bead Chain Bib Necklace,2019-04,3,5.0,2019-04-01
B00KA3TUNA,Elegant Women's Multi-Row Torsade Fringe White Pearl Bead Chain Bib Necklace,2019-07,1,2.0,2019-07-01
B00KA3TUNA,Elegant Women's Multi-Row Torsade Fringe White Pearl Bead Chain Bib Necklace,2020-06,1,4.0,2020-06-01
B00KDUC44C,West Coast Jewelry Sterling Silver Polished Medical Figaro Anchor Link ID Bracelet - 7.5 Inches Long,2019-04,1,4.0,2019-04-01
B00KEV8CNW,Breast Cancer Superwoman T-shirt (V-neck),2021-04,1,1.0,2021-04-01
B00KM6KPFC,HDE Women's Bright Crossbody Gold Chain Leather Evening Envelope Clutch Purse,2020-01,1,5.0,2020-01-01
B00KO29X9I,HDE Suspenders for Men Y-Back Button End Adjustable Heavy Duty Design Dress Suspender (Black & White Stripped),2018-12,1,5.0,2018-12-01
B00KPCCNS0,2pc Barefoot Sandals Foot Jewelry Beach Wedding Dancing Tassel Ankle Bracelet,2018-06,1,2.0,2018-06-01
B00KPCCNS0,2pc Barefoot Sandals Foot Jewelry Beach Wedding Dancing Tassel Ankle Bracelet,2018-07,1,1.0,2018-07-01
B00KQEG8OW,NC Celeb Celebrity Multi Chain Tassel Bracelet Bangle Slave Finger Ring Hand Harness Gold #11,2017-11,1,5.0,2017-11-01
B00KREZPPY,Cute Turquoise Blue Rhinestone Toggle Bracelet,2018-07,1,5.0,2018-07-01
B00KVUMP20,"Men's Tanning Pouch Sun Protection, Tanning Cover for Men",2024-05,1,1.0,2024-05-01
B00KW4L9XQ,Chunky Twist Tribal Antique Gold Bib Statement Unisex Women's Men's Necklace,2018-04,1,5.0,2018-04-01
B00KW4L9XQ,Chunky Twist Tribal Antique Gold Bib Statement Unisex Women's Men's Necklace,2018-11,1,5.0,2018-11-01
B00KW4L9XQ,Chunky Twist Tribal Antique Gold Bib Statement Unisex Women's Men's Necklace,2019-02,1,3.0,2019-02-01
B00KW4L9XQ,Chunky Twist Tribal Antique Gold Bib Statement Unisex Women's Men's Necklace,2019-05,1,5.0,2019-05-01
B00KW4L9XQ,Chunky Twist Tribal Antique Gold Bib Statement Unisex Women's Men's Necklace,2020-11,1,2.0,2020-11-01
B00KWE4IZM,Alabama Crimson Tide Camo Euro with Flying A Decal,2018-10,1,5.0,2018-10-01
B00KX0TWNS,Troy Lee Designs GP Midnight Youth Boys Off-Road/Dirt Bike Motorcycle Pants - Black/Size 24,2023-11,1,5.0,2023-11-01
B00KXDI0U6,COACH HC7003,2018-10,1,4.0,2018-10-01
B00KXDI0U6,COACH HC7003,2019-01,1,5.0,2019-01-01
B00L1343DA,Hanes Ultimate Girls' 4-Pack Low-Cut Scallop Socks,2016-05,1,5.0,2016-05-01
B00L1343DA,Hanes Ultimate Girls' 4-Pack Low-Cut Scallop Socks,2017-05,1,5.0,2017-05-01
B00L1343DA,Hanes Ultimate Girls' 4-Pack Low-Cut Scallop Socks,2017-12,1,5.0,2017-12-01
B00L1343DA,Hanes Ultimate Girls' 4-Pack Low-Cut Scallop Socks,2020-04,1,4.0,2020-04-01
B00L1GFVK6,Zensufu 4 pcs Sports Basketball Headband/Sweatband,2019-08,1,5.0,2019-08-01
B00L1GN9LY,Stack of Books Dangling Drop Charm Earrings,2021-05,1,5.0,2021-05-01
B00L2TFIAK,Under Armour Boys Grade School Micro G Assert V Running Shoes 6 Black,2018-09,1,5.0,2018-09-01
B00L2TFIAK,Under Armour Boys Grade School Micro G Assert V Running Shoes 6 Black,2019-07,1,4.0,2019-07-01
B00L56LG9W,Winter Women Faux Rabbit Fur Neck Warmer Scarf Wrap Muffler Collar Shawl Stole Black,2019-02,1,1.0,2019-02-01
B00LAGZS32,"Rhodium Plated Clear & Pink Cubic Zirconia Small Heart Screw Back Earrings for Babies, Infants, Toddlers & Little Girls - Stunning Jewelry Gift for Valentine's Day or any Special Occasion",2020-04,1,5.0,2020-04-01
B00LF3P074,"Mens Big and Tall Luxury Silk Camp Shirt 50s Panel 2 Colors (3XL, Ivory)",2019-09,1,5.0,2019-09-01
B00LIDHRS6,Basico 12-pair Nylon/spandex Girdle Brief panties w/ Large Hidden Pocket (Small),2018-02,1,5.0,2018-02-01
B00LIU9JT4,Diamond Candy Men's Tight Round Neck Training Vest Perspiration Wicking Vest Leotard 2BM,2018-06,1,4.0,2018-06-01
B00LJWRSUS,Fun Daisy Garden Beauty Fashion Earring Ear Studs - ed00591,2018-10,1,4.0,2018-10-01
B00LK48XCM,Topwholesalejewel Silver Crystal Rhinestone with Large Aurora Borealis Teardrop Center Necklace and Matching Dangle Earrings Jewelry Set,2019-11,1,5.0,2019-11-01
B00LLIWD7S,THE PEARL SOURCE 10-11mm Genuine Baroque Black Tahitian Cultured Pearl & Cubic Zirconia Tear Earrings for Women,2022-07,1,5.0,2022-07-01
B00LM5N45A,Fashion Women Lady Faux Leather Wallet Purse Card Holders Mini Handbag (Blue),2017-11,1,5.0,2017-11-01
B00LMLYZQQ,"Baby Jay Unisex-Baby' -Long Sleeve- Tshirt (36-48 (4T), White)",2019-02,1,4.0,2019-02-01
B00LMUANAO,Qiyun (TM) Chunky Turquoise Blue Pendant Wood Beaded Chain Necklace Tibet Necklace Earrings,2019-04,1,5.0,2019-04-01
B00LMUANAO,Qiyun (TM) Chunky Turquoise Blue Pendant Wood Beaded Chain Necklace Tibet Necklace Earrings,2019-05,1,4.0,2019-05-01
B00LMZ3KGS,Spiral Womens - Bright Eyes - Baseball Top White - S,2018-03,1,5.0,2018-03-01
B00LOPVY9G,Marked for Archive,2019-10,1,5.0,2019-10-01
B00LP47VTS,Solid Sterling Silver Rhodium Plated 2.5 Millimeter Popcorn Chain Necklace,2022-06,1,1.0,2022-06-01
B00LPSSEE0,Modern Kiwi Solid Sheer Chiffon Kimono Cardigan,2021-06,1,5.0,2021-06-01
B00LPSSEE0,Modern Kiwi Solid Sheer Chiffon Kimono Cardigan,2022-07,1,5.0,2022-07-01
B00LT9MSM4,MyLUX Fashion Designer Handbag Briefcase Purse 81178 brown,2019-04,1,5.0,2019-04-01
B00LUUFDZ6,"Allegra K Lady Stand Collar Single Breasted Patch Pockets Chiffon Shirt, Salmon Pink, Medium / US 10",2018-03,1,2.0,2018-03-01
B00LV8PGZE,Sutter & Stockton 20mm Navy Blue & Silver Grey Interchangeable Replacement Military Watch Strap Band,2017-12,1,3.0,2017-12-01
B00LX7JO60,Crocs Women's Capri IV Flip-Flop,2017-07,1,5.0,2017-07-01
B00LX7JO60,Crocs Women's Capri IV Flip-Flop,2018-08,1,1.0,2018-08-01
B00LX7JO60,Crocs Women's Capri IV Flip-Flop,2018-09,1,3.0,2018-09-01
B00LX7JO60,Crocs Women's Capri IV Flip-Flop,2018-12,1,5.0,2018-12-01
B00M4H55WA,Women's Nebraska Cornhuskers Volleyball Stars Missy 3/4 Sleeve V-Neck Shirt - Red - 2X,2018-12,1,5.0,2018-12-01
B00M9S7UEA,"Shelby Gloves 5225-XS Structural Fire Fighting Gloves, X-Small",2023-02,1,5.0,2023-02-01
B00MAN5CF8,In Style Eyes All Around Sun Blocker Polarized Wrap Around Nearly Invisible Line Bifocal Sunglasses/Black/2.00 Strength,2019-07,1,5.0,2019-07-01
B00MD98EX6,Fun Daisy New Design Jewelry Vintage White Simulated Pearls branch Retro Fashion Necklace,2019-02,1,5.0,2019-02-01
B00MGSOB5Y,"Burt's Bees Baby - Burp Cloths, 3-Pack Extra Absorbent 100% Organic Cotton Burp Cloths, Blossom",2018-10,1,5.0,2018-10-01
B00MGSOB5Y,"Burt's Bees Baby - Burp Cloths, 3-Pack Extra Absorbent 100% Organic Cotton Burp Cloths, Blossom",2019-07,1,5.0,2019-07-01
B00MIW7EZ2,Farm Girl Lucky Shot Camo Hat,2018-09,1,5.0,2018-09-01
B00MJ0RVI8,Ladies Knitted Bolero Crochet Cardigan Shrug,2019-09,1,4.0,2019-09-01
B00MLCCMBU,"Swannys NHL Bracelet (St. Louis Blues, 9 Inch)",2019-08,1,4.0,2019-08-01
B00MOYBO8W,Hello Kitty Little Girls 2T-5T Plush Fleece Hat & Mitten Set,2020-01,1,5.0,2020-01-01
B00N1QJ3SK,Liroyal Art Deco owl Vintage Retro Long Necklace Jewellery Pendant,2019-02,1,5.0,2019-02-01
B00N2DP9BC,Black Small Rectangular Sunglasses Classic Narrow Purple Lens,2019-03,1,4.0,2019-03-01
B00N4M6RIA,"Iblue Oversized Leather Canvas Casual Travel Tote Luggage Duffel Handbag#1858 (M, Army green)",2018-09,1,2.0,2018-09-01
B00N5002BO,"National Eyelet Trim Flannel House Coat, Dusk Blue, 1X",2020-01,1,5.0,2020-01-01
B00N8MAUOS,niceeshop(TM) 9 Pieces Baby Girls Cute Flower Headband Hairband Hair Accessories,2018-02,1,5.0,2018-02-01
B00NALN81Y,"NYKKOLA Womens Fashion Chinese Ink Style Soft Chiffon Scarf Wrap,Orange",2018-02,1,5.0,2018-02-01
B00NALN81Y,"NYKKOLA Womens Fashion Chinese Ink Style Soft Chiffon Scarf Wrap,Orange",2018-03,1,1.0,2018-03-01
B00NALN81Y,"NYKKOLA Womens Fashion Chinese Ink Style Soft Chiffon Scarf Wrap,Orange",2019-01,1,5.0,2019-01-01
B00NFD0PPO,Tangkula New Women's PU Leather Vintage Cross-body Shoulder Bags (Brown),2018-10,1,4.0,2018-10-01
B00NFD0PPO,Tangkula New Women's PU Leather Vintage Cross-body Shoulder Bags (Brown),2019-06,1,1.0,2019-06-01
B00NFD0PPO,Tangkula New Women's PU Leather Vintage Cross-body Shoulder Bags (Brown),2019-07,1,5.0,2019-07-01
B00NFD0PPO,Tangkula New Women's PU Leather Vintage Cross-body Shoulder Bags (Brown),2019-09,1,5.0,2019-09-01
B00NFT7PEC,"Women's Plus Size Marled Cowl Neck Poncho Light Khaki Chocolate,2X",2018-02,1,5.0,2018-02-01
B00NGAANS0,Noble Mount Men's 'Soft Comfort' Premium Thermal Set,2018-02,1,5.0,2018-02-01
B00NGBT9Z2,"Anita Active Womens Firm Support Xcontrol Non-Wired Sports Bra, 36C",2018-09,1,5.0,2018-09-01
B00NGLFLX6,Showtime Men's Elastic Waist Band Casual Sky Blue Pocketed Lounge Pants with Open Bottoms,2018-08,1,1.0,2018-08-01
B00NMSBKNI,Clementine Womens Triblend Short-Sleeve Deep V-Neck T-Shirt-NAVY TRIBLEND-2XL,2019-06,1,5.0,2019-06-01
B00NNVC15K,FORBUSITE Stylish Mens Slouch Beanie Long Knit Cap Skull Hat Gray B734 ??,2018-04,1,5.0,2018-04-01
B00NOYBS1O,"Yoga Clothing For You Spandex Oversized V-Neck Shirt with Thumb Holes, Large Black",2018-04,1,5.0,2018-04-01
B00NRFV356,Findtime Sapphire Tungsten Mens Watch with Date Analog Dress Quartz Wrist Watches,2019-04,1,5.0,2019-04-01
B00NRFV356,Findtime Sapphire Tungsten Mens Watch with Date Analog Dress Quartz Wrist Watches,2019-10,1,5.0,2019-10-01
B00NV4G9WA,TrendyWorld Lady's Leaf Shape Crystal Resin Ear Cuff Left Ear,2018-06,1,5.0,2018-06-01
B00NV4G9WA,TrendyWorld Lady's Leaf Shape Crystal Resin Ear Cuff Left Ear,2020-04,1,3.0,2020-04-01
B00NW5JQH8,"PiercingJ 20g Gold & Black Plated/Silver Nose Ring Piercing Hoop 20 Gauge 5/16"" (3 Colors Mixed 6pcs)",2019-09,1,4.0,2019-09-01
B00NWJC9WI,Rose Wood Print Frame Sunglasses,2020-02,1,5.0,2020-02-01
B00O2DP1DW,Futrzane Faux Fox Fur Hair Soft Wrist Band Ring Cuff Warmer (Dark Navy Blue),2020-01,1,5.0,2020-01-01
B00O2GVW2S,MILITARY GI Medical Instrument and Supply Set Case - OD,2018-07,1,5.0,2018-07-01
B00O2Q7XQM,Half Frame Kids Teen Age 8-16 Performance Baseball Cycling Running Sport Sunglasses - Black & Yellow,2019-06,1,5.0,2019-06-01
B00O2QAPYO,Retro Rewind Kids Sunglasses for Boys Girls Age 3-12 - Shatterproof UV400 Toddler Children Sun Glasses,2019-09,1,5.0,2019-09-01
B00O2QAPYO,Retro Rewind Kids Sunglasses for Boys Girls Age 3-12 - Shatterproof UV400 Toddler Children Sun Glasses,2020-03,1,5.0,2020-03-01
B00O2QAPYO,Retro Rewind Kids Sunglasses for Boys Girls Age 3-12 - Shatterproof UV400 Toddler Children Sun Glasses,2020-06,3,3.6666666666666665,2020-06-01
B00O2QAPYO,Retro Rewind Kids Sunglasses for Boys Girls Age 3-12 - Shatterproof UV400 Toddler Children Sun Glasses,2020-08,1,5.0,2020-08-01
B00O2QAPYO,Retro Rewind Kids Sunglasses for Boys Girls Age 3-12 - Shatterproof UV400 Toddler Children Sun Glasses,2020-09,1,5.0,2020-09-01
B00O2QAPYO,Retro Rewind Kids Sunglasses for Boys Girls Age 3-12 - Shatterproof UV400 Toddler Children Sun Glasses,2021-07,1,5.0,2021-07-01
B00O2QAPYO,Retro Rewind Kids Sunglasses for Boys Girls Age 3-12 - Shatterproof UV400 Toddler Children Sun Glasses,2021-08,1,5.0,2021-08-01
B00O2QAPYO,Retro Rewind Kids Sunglasses for Boys Girls Age 3-12 - Shatterproof UV400 Toddler Children Sun Glasses,2021-09,1,5.0,2021-09-01
B00O2QAPYO,Retro Rewind Kids Sunglasses for Boys Girls Age 3-12 - Shatterproof UV400 Toddler Children Sun Glasses,2022-08,1,5.0,2022-08-01
B00O2QAPYO,Retro Rewind Kids Sunglasses for Boys Girls Age 3-12 - Shatterproof UV400 Toddler Children Sun Glasses,2022-11,1,5.0,2022-11-01
B00O2QAPYO,Retro Rewind Kids Sunglasses for Boys Girls Age 3-12 - Shatterproof UV400 Toddler Children Sun Glasses,2024-05,1,4.0,2024-05-01
B00O734GK6,Tie-Dye Dashiki 100% Cotton Colorful Traditional Design By AmericanDashiki,2019-07,1,4.0,2019-07-01
B00O972MCO,Red Kap Men's Wrinkle Resistant Cotton Work Shirt,2019-02,1,3.0,2019-02-01
B00O972MCO,Red Kap Men's Wrinkle Resistant Cotton Work Shirt,2023-02,1,5.0,2023-02-01
B00OA01YYC,Ladies Knee Length Wool and Cashmere Cape by Irish Designer Jimmy Hourihan,2020-04,1,4.0,2020-04-01
B00OA01YYC,Ladies Knee Length Wool and Cashmere Cape by Irish Designer Jimmy Hourihan,2020-06,1,5.0,2020-06-01
B00OL47IO2,YAZILIND Chain Tassels Black Lace Handmade Arm Chain Upper Armband Bracelet for Women,2018-06,1,5.0,2018-06-01
B00OL92T8C,SYROKAN Women's Med Impact Wirefree Padded Contour Cross Back Workout Sports Bra Black - A220 36D,2018-12,1,5.0,2018-12-01
B00OQGH1EM,100% Irish Merino Wool Charcoal Troyer Sweater by Carraig Donn,2021-04,1,5.0,2021-04-01
B00OQIMN7A,Wilsons Leather Mens Vacqueta Single Lock Leather Tablet Bag Brown,2019-03,1,5.0,2019-03-01
B00OS9BEAE,"Aloha Eyewear Unisex""Logan"" Optical-Quality RX-Able Semi-Rimless Frames 53x17x135mm (Pink)",2019-04,1,5.0,2019-04-01
B00OTWR3SW,THE NORTH FACE Jim Beanie,2023-01,1,3.0,2023-01-01
B00OTWR3SW,THE NORTH FACE Jim Beanie,2024-02,1,5.0,2024-02-01
B00OTWR3SW,THE NORTH FACE Jim Beanie,2024-11,1,5.0,2024-11-01
B00OTWR3SW,THE NORTH FACE Jim Beanie,2025-02,2,5.0,2025-02-01
B00OTWR3SW,THE NORTH FACE Jim Beanie,2025-11,1,5.0,2025-11-01
B00OTWR3SW,THE NORTH FACE Jim Beanie,2025-12,1,5.0,2025-12-01
B00OTWR3SW,THE NORTH FACE Jim Beanie,2026-01,1,4.0,2026-01-01
B00OYJI5WS,"Boa nerve, stealth",2017-12,1,5.0,2017-12-01
B00P0ZWS6Y,Hoxis Simplicity Wool Felt Tote Faux Leather Decor Womens Picnic Handbag (Gray),2019-11,1,5.0,2019-11-01
B00P6856G4,"EGALAXY Baby Girls Faux Fur Leopard Hoodies Coat Kids Winter Warm Jacket Snowsuit (3-4T, Leopard)",2022-02,1,5.0,2022-02-01
B00P6VYRQ6,Crazy2Shop Sterling Silver Set of 20 Clear Simulated Diamond Nose Stud Box 1.5 mm with End Ball,2019-02,1,5.0,2019-02-01
B00P6VYRQ6,Crazy2Shop Sterling Silver Set of 20 Clear Simulated Diamond Nose Stud Box 1.5 mm with End Ball,2019-05,1,5.0,2019-05-01
B00P6VYRQ6,Crazy2Shop Sterling Silver Set of 20 Clear Simulated Diamond Nose Stud Box 1.5 mm with End Ball,2022-01,1,5.0,2022-01-01
B00P7Z9LEO,"6-6.5mm Pink Freshwater Cultured High Luster Pearl Endless Necklace, 100""",2020-07,1,5.0,2020-07-01
B00PBN254U,Bluecell Pack of 5 Black Color Unisex Sunglasses Eyeglasses Adjustable Rope Eyewear Retainer (Black),2018-09,1,5.0,2018-09-01
B00PCRH5BS,SPORT-TEK Women's PosiCharge Competitor Tee XL Neon Orange,2021-12,1,5.0,2021-12-01
B00PG88EBS,Clic Aviator XXL Polarized Bi-Focal Reading Sunglasses in Gunmetal & Grey Lens +1.75,2022-07,1,1.0,2022-07-01
B00PI7BOE6,maikun Scarf Clip Flower Pearl Diamante Multi-uses Jewelry Gift for Valentine's Day Day,2020-06,1,5.0,2020-06-01
B00PJIV8OU,QIYUN.Z Luxury Drop Oval Rhinestone Bling Sparking Gold Tone Chain Bib Choker Necklace,2018-10,1,1.0,2018-10-01
B00PJIV8OU,QIYUN.Z Luxury Drop Oval Rhinestone Bling Sparking Gold Tone Chain Bib Choker Necklace,2018-11,1,5.0,2018-11-01
B00PJIV8OU,QIYUN.Z Luxury Drop Oval Rhinestone Bling Sparking Gold Tone Chain Bib Choker Necklace,2019-01,1,1.0,2019-01-01
B00PUWOOQY,"Breckelles Indy-11 Bootie Boots,6 B(M) US,Indy Beige",2019-05,1,3.0,2019-05-01
B00PV9XNGI,Sankuwen Drop Arm Harness Slave Chain Upper Armband Cuff Armlet Bracelet,2018-05,1,4.0,2018-05-01
B00PX7E8WG,Jack Skellington White Snood Beanie Pocket Faux Fur Nightmare Before Christmas,2019-10,1,5.0,2019-10-01
B00PXLWIW4,Japanese Kimono Nagajuban Underwear Lingerie Robe Floral Woven Pattern White M,2020-08,1,3.0,2020-08-01
B00Q2DUHCU,New Geneva Gold Metal Loop Style Band Oval Face Women's Bangle Cuff Watch,2019-02,1,5.0,2019-02-01
B00Q707KM8,Calabria Victoria Designer Reading Glasses,2020-04,2,2.5,2020-04-01
B00QA88RRO,TWINTH Womens Comfy Rayon Drape Collar Long Sleeve Cardigan Black X-Large,2021-06,1,5.0,2021-06-01
B00QBU67R8,iStrap 24mm Rubber Diver Replacement Watch Band PVD Buckle for Men Panerai Luminor Radiomir 42mm,2018-08,1,3.0,2018-08-01
B00QDPCA0E,Latigerf Long Teardrop Stud Earring White Gold Plated Swarovski Elements Crystal Navy-Blue,2018-04,1,5.0,2018-04-01
B00QFMT37S,Taymory Bicycle Gran Fondo USA Cycling Jersey Vail Large USA / XL EU,2018-07,1,5.0,2018-07-01
B00QL2BVRM,"Doctor's Choice Men's Diabetic 2 Pack Crew Sock (Large, Tan)",2019-07,1,5.0,2019-07-01
B00QXEQRPE,Suncloud Polarized Sunglasses Cutout in Matte Black with Blue Mirror Lens,2018-06,1,5.0,2018-06-01
B00R0Q7VGI,SYROKAN Women's High Impact Front Zipper Racerback Full Support Sports Bra Black 38C,2018-06,1,5.0,2018-06-01
B00R0Q9FJY,SYROKAN Women's High Impact Mesh Wireless Padded Cup X-Back Gym Active Sports Bra Black - A184 38D,2018-05,1,4.0,2018-05-01
B00R12DYMG,DZT1968(TM) Newest Women Winter Warm Real Rabbit Fur Scarf Ball Velvet Rabbit Style (J),2021-08,1,2.0,2021-08-01
B00R4Z47GW,"Tilley TA800 Dries Overnight Travel Socks (Pack of 3), Large, Navy",2021-06,1,5.0,2021-06-01
B00R8EQ636,"Scarleton Satchel Handbag for Women, Ultra Soft Washed Vegan Leather Crossbody Bag, Shoulder Bag, Tote Purse, Purple, H147216",2020-11,1,3.0,2020-11-01
B00R96OVEY,"Paialco Women's Rose Gold Plated Simple Cute Ball Stud Earrings, 6mm",2019-08,1,5.0,2019-08-01
B00RCKMVIU,Nike Dri-FIT Cushion Dynamic Arch No-Show Running Sock,2020-01,1,5.0,2020-01-01
B00RCLX4US,"BONAMART Kids Boys Girls Split 5 Toes Crew Toe Cartoon Socks 5-8 Years Old, 5 Pairs 28868, Medium",2020-11,1,2.0,2020-11-01
B00REL4F4U,Atlantis Luxury Handmade Sunglasses for Women - Thin frame - UV Protection,2019-05,1,5.0,2019-05-01
B00REL4F4U,Atlantis Luxury Handmade Sunglasses for Women - Thin frame - UV Protection,2019-08,1,2.0,2019-08-01
B00RIXAGF6,Womens Bating Sleeve Blouse Loose Cashmere Like Poncho Red,2019-01,1,4.0,2019-01-01
B00RJUFZ8Q,"Masquerade Mask For Men Antique Look Mask for Masquerade Party, Venetian Party, Mardi Gras, Halloween & Masquerade Ball",2018-11,1,5.0,2018-11-01
B00RJUFZ8Q,"Masquerade Mask For Men Antique Look Mask for Masquerade Party, Venetian Party, Mardi Gras, Halloween & Masquerade Ball",2020-05,1,5.0,2020-05-01
B00RJUFZ8Q,"Masquerade Mask For Men Antique Look Mask for Masquerade Party, Venetian Party, Mardi Gras, Halloween & Masquerade Ball",2020-12,1,5.0,2020-12-01
B00RJUFZ8Q,"Masquerade Mask For Men Antique Look Mask for Masquerade Party, Venetian Party, Mardi Gras, Halloween & Masquerade Ball",2021-05,1,5.0,2021-05-01
B00RJUFZ8Q,"Masquerade Mask For Men Antique Look Mask for Masquerade Party, Venetian Party, Mardi Gras, Halloween & Masquerade Ball",2021-10,1,5.0,2021-10-01
B00RJUFZ8Q,"Masquerade Mask For Men Antique Look Mask for Masquerade Party, Venetian Party, Mardi Gras, Halloween & Masquerade Ball",2021-12,1,5.0,2021-12-01
B00RJUFZ8Q,"Masquerade Mask For Men Antique Look Mask for Masquerade Party, Venetian Party, Mardi Gras, Halloween & Masquerade Ball",2022-08,1,5.0,2022-08-01
B00RLEJ1WQ,Sechunk Small Canvas Messenger Bag Shoulder Bag Crossbody Satchel Bag for Men Women Green,2018-05,1,2.0,2018-05-01
B00RLEJ1WQ,Sechunk Small Canvas Messenger Bag Shoulder Bag Crossbody Satchel Bag for Men Women Green,2019-04,1,4.0,2019-04-01
B00RR74CEO,Allegra K Lady Slim Horizontal Stripes Long Puff Sleeve Scoop Neck Peplum Top,2018-09,1,5.0,2018-09-01
B00RVG9FZM,VAENAIT BABY Toddler Kids Boys Fleece Wearable Blanket Sleeper Blue Cloud S,2019-02,1,3.0,2019-02-01
B00RY3HKG8,7ZACC 316l Surgical Steel Septum Clicker Nose Ring Hoop Cz Ring 16g 6mm Shining Five-gems 316l Surgical Steel Septum Clicker Ring(Sold Individually) -6mm so Tiny,2019-05,1,5.0,2019-05-01
B00RYCC3F2,"PajamaJeans Womens Stretch Jeans Denim - Loose Jeans for Women, Blue, M",2018-07,1,5.0,2018-07-01
B00RYCC3F2,"PajamaJeans Womens Stretch Jeans Denim - Loose Jeans for Women, Blue, M",2019-07,1,1.0,2019-07-01
B00S15X2EC,Rieker Women's Louise Sandals 39 M EU/ 8-8.5 B(M) US Blue Multi,2021-07,1,4.0,2021-07-01
B00S59ESKQ,"BeOne Rimless Polarized Night Driving Yellow Lens Flex Sunglasses (Black, Yellow)",2019-03,1,3.0,2019-03-01
B00S6JB23Q,Spring Hinge Aviators Silver Mirror Lens Sunglasses Black Metal Frame,2019-11,1,3.0,2019-11-01
B00S6JB23Q,Spring Hinge Aviators Silver Mirror Lens Sunglasses Black Metal Frame,2024-08,1,1.0,2024-08-01
B00S729R16,Womens I Am Anna Frozen Skater Dress Large,2018-12,1,4.0,2018-12-01
B00S7LXMVI,Disney Boys' Big Hero 6 2-Piece Pajama Set,2018-04,1,5.0,2018-04-01
B00S8MQ4PC,"Boston Leather 1-1/4"" Garrison Leather Belt | Black 46",2023-08,1,1.0,2023-08-01
B00S99PCSE,1Pc Purple- Stylish Artificial Gem Love Heart Shape Pendant Chain Necklace Valentines Gift,2018-11,1,4.0,2018-11-01
B00SB0EG10,LovelyJewelry Heart Love Mom Son Family Charms Beads for Bracelets,2019-06,1,5.0,2019-06-01
B00SGM1PWG,SUNNOW Women's New Alloy Turquoise Pendant Double Long Necklace,2018-08,2,5.0,2018-08-01
B00SGM1PWG,SUNNOW Women's New Alloy Turquoise Pendant Double Long Necklace,2019-02,1,3.0,2019-02-01
B00SIQZJZO,EVBEA Gothic Jewelry Skull Cross Drops Sparkly Big Chandelier Earrings for Women,2020-04,1,5.0,2020-04-01
B00SIQZJZO,EVBEA Gothic Jewelry Skull Cross Drops Sparkly Big Chandelier Earrings for Women,2021-03,1,5.0,2021-03-01
B00SIQZJZO,EVBEA Gothic Jewelry Skull Cross Drops Sparkly Big Chandelier Earrings for Women,2021-04,1,5.0,2021-04-01
B00SM8D130,"Africanbeads Layered Dangling Bubble Necklace and Earring Set,Statement Jewelry Set,Bib Necklace Earrings Set For Women",2021-11,1,5.0,2021-11-01
B00SNRRVO0,"Comfy Robes Men's Deluxe 20 oz. Turkish Cotton Hooded Bathrobe, SMALL - NAVY",2020-02,1,5.0,2020-02-01
B00SQSQOTO,Flesser Vintage Choker Coin Tassels Hippie Boho Bohemian Festival Gypsy Jewelry (Silver),2018-11,1,5.0,2018-11-01
B00SR8EDEG,COCOSHIP Retro Red Gray Leopard High Waist Bikini Ruffle Vintage Swimwear Bathing Suit S(FBA),2018-07,1,3.0,2018-07-01
B00SSPVLJ8,"Samsung Galaxy Screen Protector ,Tempered Glass Screen Protector for Samsung Galaxy",2021-06,1,5.0,2021-06-01
B00SUJCXOO,Anti-peeping Privacy Tempered Glass Screen Protector for Iphone 5 5g 5c 5s,2018-12,1,3.0,2018-12-01
B00SUMSP34,NYKKOLA Jewelry Crystal Paved Unique Design 925 Silver Ring(Q),2018-11,1,5.0,2018-11-01
B00SVS60TS,KANGAROO 100% Wool Red Fez Hat - Maroon/Burgundy Fez Hat,2018-06,1,5.0,2018-06-01
B00T1NY6MK,Women Cozy Tartan Scarf Wrap Shawl Neck Stole Warm Plaid Checked Pashmina,2021-04,1,3.0,2021-04-01
B00T264XYC,Rhinestone Camouflage Cross Women's Handbag Purse Wallet one set 5097,2018-03,1,5.0,2018-03-01
B00T2QTM3E,Allegra K Women's Stripes Round Neck Spring Tunic Knit Shirt L Black White,2019-10,1,5.0,2019-10-01
B00T2QTM3E,Allegra K Women's Stripes Round Neck Spring Tunic Knit Shirt L Black White,2022-03,1,5.0,2022-03-01
B00T4AZMXM,Unique Tibetan Style Necklace With Golden Chain And Threaded Together Small Turquoise Beads/Pearls By VAGA,2019-02,1,4.0,2019-02-01
B00T4NGOSQ,Boho Earrings Drop Vintage Crystal Earring Beaded Bohemian for Women,2020-05,1,3.0,2020-05-01
B00T4NGOSQ,Boho Earrings Drop Vintage Crystal Earring Beaded Bohemian for Women,2022-05,1,5.0,2022-05-01
B00T4NGOSQ,Boho Earrings Drop Vintage Crystal Earring Beaded Bohemian for Women,2023-01,1,5.0,2023-01-01
B00T6N40JY,Because He's Mine Blue Line Classic Silver Plated Square Crystal Charm Bracelet,2021-01,1,2.0,2021-01-01
B00T6Z11G2,Alilang Crystal Rhinestone Fish Jewelry Pin Brooch,2023-05,1,5.0,2023-05-01
B00T8U6CB4,Leo&Lily Boys' Sports Husky Waist Pants Joggers Trousers Activepant,2020-04,1,5.0,2020-04-01
B00T9GVXIY,JQUEEN Women's Star Moon Sun Shining Forever Opal Stone Long Dangle Pierced Stud Earrings,2018-08,1,3.0,2018-08-01
B00TBY0KBA,FlameReflection Women Halo Round CZ Cubic Zirconia Stainless Steel Engagement Ring Band Optional Stud Earrings Size 5 to 11,2019-12,1,1.0,2019-12-01
B00TFSJPQS,Scarf Pad - Padding & Liner for Head Scarves Terry Cloth - Cream,2018-12,1,5.0,2018-12-01
B00TQ8D4XW,Animewild Doctor Who Weeping Angel 3D Pendant Necklace,2020-05,1,2.0,2020-05-01
B00TR1NYMY,Freshwater Cultured White Pearl Dangle Earrings 14K White Gold 10-10.5mm,2019-01,1,5.0,2019-01-01
B00TSTX1L4,Cat Radiance Enamel Dangle Earrings By Zarah,2019-01,1,5.0,2019-01-01
B00TY0NPU4,Khombu Snow Trekker Little Kid/big Kid Pink Black Snow Boots (11),2020-11,1,3.0,2020-11-01
B00TYQ9TW6,Pacific Coast Sunglasses Navigator Padded Sunglasses Matte Black Frames Smoke Lenses,2018-11,1,5.0,2018-11-01
B00TZ7UPAO,Ladies Night Fascinator Hat with Headband Flowers and Feathers for Adults Women Teens (Black),2018-08,1,5.0,2018-08-01
B00U0IA75A,Ripple Junction Taco Bell Rainbow Logo Light Weight Pocket Lounge Pants 2XL Black,2025-01,1,5.0,2025-01-01
B00U2C7AG8,Ayliss 10Pairs Black Sexy Nurse Cross Adhesive Nipple Cover Disposable Pasties,2019-07,1,3.0,2019-07-01
B00U2E2X0E,Teehee Women's Fashion Cotton Over The Knee Socks 3 Pair (Rouched Top),2018-10,1,5.0,2018-10-01
B00U2E2X0E,Teehee Women's Fashion Cotton Over The Knee Socks 3 Pair (Rouched Top),2019-09,1,3.0,2019-09-01
B00U7TU4Z0,Forbidden Body Jewelry 20g Surgical Steel 3mm Light Pink Cubic Zirconia Crystal Nose Screw,2021-06,1,1.0,2021-06-01
B00U87TN26,Sealike Vintage RAF Pilot Flying Motorcycle Goggles Helmet Goggles Fly Safety Goggles for Cruiser Chopper Motorcycle Scooter with Stylus,2018-12,1,4.0,2018-12-01
B00U89LX54,uxcell Men's V Neck Sleeveless Stretchy Slim Fit Knit Vests Black S US 34,2019-08,1,4.0,2019-08-01
B00U8J7NDK,CharmSStory Jan-Dec Simulated Birthstone Charms Synthetic Crystal Silver Plated Beads for Bracelet,2020-03,1,5.0,2020-03-01
B00U9CYBEA,925 Sterling Silver Rimmed Red Resin Pear Teardrop Modern Bold Color Statement Drop Earrings,2019-05,1,5.0,2019-05-01
B00UCPMNOO,Chicago Bears Men's Deuce Crew Socks,2022-01,1,5.0,2022-01-01
B00UEM2T7Q,"Benibos Women's White Black Striped Turn Down Collar Loose T-Shirt (L, 1233)",2020-02,1,5.0,2020-02-01
B00UEQRLKM,Laypoo Women's Chiffon Slim Sweet Ruffle Round Neck Tops Short Sleeve Blouse,2019-07,1,1.0,2019-07-01
B00UEZ41Q0,"Top Moda Lindy-03 Gladiator Sandals, Black Pu, 8.5",2019-08,1,1.0,2019-08-01
B00UIBY250,Timberland Men's TB7125 Shiny Dark Brown/Brown One Size,2019-04,1,5.0,2019-04-01
B00UKTA1E6,JANE STONE Silver Color Bubble Bib Necklace Fancy Chunky Necklace Fashion Jewelry Statement Necklace Evening Party Jewellery(Fn0564-S-Ivory),2020-01,1,5.0,2020-01-01
B00UM4EYQ0,"MOPAS Solid Knee Length Short Spandex Yoga Leggings 2 Pack (19 inch, Black/White)",2021-10,1,5.0,2021-10-01
B00UMCNKBM,StrapsCo Vintage Leather NATO Strap Watch Band w/Polished Stainless Steel Rings,2018-07,1,5.0,2018-07-01
B00UMYK0ZY,"Niutop Fashion Multicolor Set of 10pcs Large/small Replacement Wristband Wrist Bands with Clasps for Fitbit Flex Only /No Tracker/ Wireless Activity Bracelet Sport Wristband Fit Bit Flex Bracelet Sport Arm Band Armband(no Tracker, Replacement Bands Only). (10colorsbands-size Large)",2019-02,1,5.0,2019-02-01
B00UMYK0ZY,"Niutop Fashion Multicolor Set of 10pcs Large/small Replacement Wristband Wrist Bands with Clasps for Fitbit Flex Only /No Tracker/ Wireless Activity Bracelet Sport Wristband Fit Bit Flex Bracelet Sport Arm Band Armband(no Tracker, Replacement Bands Only). (10colorsbands-size Large)",2019-05,1,5.0,2019-05-01
B00UMYK0ZY,"Niutop Fashion Multicolor Set of 10pcs Large/small Replacement Wristband Wrist Bands with Clasps for Fitbit Flex Only /No Tracker/ Wireless Activity Bracelet Sport Wristband Fit Bit Flex Bracelet Sport Arm Band Armband(no Tracker, Replacement Bands Only). (10colorsbands-size Large)",2019-07,1,5.0,2019-07-01
B00UO7TLGS,5.11 Men's Flannel Long Sleeve Shirt,2018-12,1,5.0,2018-12-01
B00UP3Q9H0,Joe's USA(tm- Brushed Twill Low Profile Cap in 14 Colors,2019-04,1,1.0,2019-04-01
B00UPDFAW0,Gem Stone King 24k Yellow Gold Plated Walking Liberty Coin Cufflinks for Men 22MM in Diameter,2019-03,1,5.0,2019-03-01
B00UTAXWXS,JQUEEN Fashion Harness Women Bikini Gold Link Beach Crossover Belly Body Chain Necklace,2019-08,1,3.0,2019-08-01
B00UXSAUMC,Blupear Crystals Wrap Bracelet Genuine Leather Handmade 5 Multilayer 4mm Beads Woven Bangle,2019-01,1,5.0,2019-01-01
B00UY67YA4,LaGaksta Abstract Mini Handmade Soft Italian Leather Crossbody Bag/Light Taupe-Brown,2018-10,1,5.0,2018-10-01
B00V3K0XSK,"925 Oxidized Sterling Silver Antique Blooming Lotus Pendant on Alloy Necklace Chain, 16 inches",2020-10,1,5.0,2020-10-01
B00V4EFCZO,H2H Mens Casual Slim Fit Basic Designed Roll-up Sleeve Popover Henley Shirts Ivory US M/Asia L (KMTTL0351),2018-11,1,4.0,2018-11-01
B00V6AJHI4,Nike Gym Vintage Full Zip Hoodie,2020-07,1,5.0,2020-07-01
B00VBFBMZA,Casualbox Womens Summer Sun Hat Light Weight Wide Japanese Design Sax,2020-06,1,5.0,2020-06-01
B00VDSINO8,"YFN Tiny Sterling Silver ""My Sister My Friend"" Infinity Love Knot Women Pendant Necklace 18""",2019-07,1,5.0,2019-07-01
B00VFKLT18,TWINTH Plus Size Tunic Loose Fit High Low Short Sleeve CHARCOAL 3XL,2018-07,1,4.0,2018-07-01
B00VFXA8D0,6pcs Assorted Seamless Outdoor Sport Bandanna Headwrap Scarf Wrap,2018-06,1,5.0,2018-06-01
B00VHW27TC,IGLOOSBUILT Men's Insulated Waterproof Fleece Gloves,2022-12,1,5.0,2022-12-01
B00VHW27TC,IGLOOSBUILT Men's Insulated Waterproof Fleece Gloves,2025-02,1,3.0,2025-02-01
B00VJR8OX8,LERDU Women Tie Dye Blend Mixed Fuchsia And Blue Chiffon Print Scarves Large Marble Stones Jewelry Scarf Necklaces(Hot Pink + Blue),2019-12,1,2.0,2019-12-01
B00VK7YNRI,"Nike Unisex Replacement Shoe Laces (45, Athletic Royal)",2020-07,1,4.0,2020-07-01
B00VMAZTD0,"Delicol Durable Magic Sport Headband,bandana,headwear,multi Colors for Choices, From $3.99",2019-06,1,5.0,2019-06-01
B00VPQXCDA,Shawhuaa Womens Flowy Vintage Floral Print Chiffon Shirt Vest Strap Top White,2021-02,1,4.0,2021-02-01
B00VPZVYOA,"Doublju Mens Trendy Button Down Soft V-Neck Cardigan DARKOLIVE,(US M) Asian L",2020-01,1,2.0,2020-01-01
B00VRTPO4A,Yimidear Female UV Sun Hat Cowboy Hat Lady Summer Outdoor Sports Visor Cap Women Baseball Cap Peaked Cap (Middle Blue),2021-06,1,4.0,2021-06-01
B00VRTPO4A,Yimidear Female UV Sun Hat Cowboy Hat Lady Summer Outdoor Sports Visor Cap Women Baseball Cap Peaked Cap (Middle Blue),2022-07,1,4.0,2022-07-01
B00VSNJRW0,Bebamour Butterfly and Sweetheart Pattern Kids' Backpack School Bags,2019-10,1,5.0,2019-10-01
B00VSNJRW0,Bebamour Butterfly and Sweetheart Pattern Kids' Backpack School Bags,2020-12,1,5.0,2020-12-01
B00VSR7JDU,Carhartt Legacy Gear Bag,2018-11,1,5.0,2018-11-01
B00VSR7JDU,Carhartt Legacy Gear Bag,2020-06,1,5.0,2020-06-01
B00VSR7JDU,Carhartt Legacy Gear Bag,2022-11,1,5.0,2022-11-01
B00VSR7JDU,Carhartt Legacy Gear Bag,2023-01,1,5.0,2023-01-01
B00VSR7JDU,Carhartt Legacy Gear Bag,2025-03,1,5.0,2025-03-01
B00VSR7JDU,Carhartt Legacy Gear Bag,2025-04,1,5.0,2025-04-01
B00VSTS1Z8,Parma77 Beautiful Queen Violet Jade Bangle Jadetie Bracelet Lavender Size 56mm-62mm (Large),2018-09,1,3.0,2018-09-01
B00VXC7Z2K,Eagle Emblems Mens 23rd Americal Division Embroidered Ball Cap Adjustable Black,2020-07,1,5.0,2020-07-01
B00W1W8PKM,roswear Women's Sexy American Flag 4th of July Padded Bikini Set Swimsuit Multicolored Large,2020-09,1,5.0,2020-09-01
B00W27NDP8,Hue & Ash Denim Small Shoulder Bag (Sky Blue),2019-10,1,5.0,2019-10-01
B00W71MSGE,QY 12PCS New Version Colorful Patterns Cloth Version Plastic Spiral Coil Wrist Band Key Ring Chain,2023-09,1,5.0,2023-09-01
B00W7VZWGM,iLoveSIA Women's Tight Capri Workout Legging US Size L Black+Pink,2018-11,1,4.0,2018-11-01
B00W88BXK8,Stetson Benton Panama Hat,2021-04,1,5.0,2021-04-01
B00WAWN4MW,IUNEED New Fashion Women Flax Flower Bowler Hat Billycock Cap (Grey),2022-05,1,5.0,2022-05-01
B00WD5DRHS,Star Wars Stormtrooper Galactic Empire Bifold Wallet,2019-02,1,5.0,2019-02-01
B00WFOUH7A,ZENTEII Women Faux Synthetic Leather Mini Shoulder Bag,2021-02,1,5.0,2021-02-01
B00WFOUH7A,ZENTEII Women Faux Synthetic Leather Mini Shoulder Bag,2021-05,1,5.0,2021-05-01
B00WJ06CZG,"Observ Clear Packing Cubes, Red - Premium, High Strength 3 Piece Travel Organizer Set",2018-12,1,5.0,2018-12-01
B00WLKLVTQ,"90 Degree By Reflex 22"" Yoga Capris Heather Charcoal XL",2020-02,1,3.0,2020-02-01
B00WM6G7H0,LKE 3pcs/Set Women Fashion Hair Styling Clip Hair Braider Twist Styling Braid Tool Magic Wonder Holder Clip DIY French,2019-04,1,4.0,2019-04-01
B00WM6G7H0,LKE 3pcs/Set Women Fashion Hair Styling Clip Hair Braider Twist Styling Braid Tool Magic Wonder Holder Clip DIY French,2019-06,1,3.0,2019-06-01
B00WM6G7H0,LKE 3pcs/Set Women Fashion Hair Styling Clip Hair Braider Twist Styling Braid Tool Magic Wonder Holder Clip DIY French,2019-08,1,1.0,2019-08-01
B00WP6QK74,ilishop Women's Fashion Genuine Leather Cross Body Shoulder Bag Satchel Handbag (Red),2019-02,1,5.0,2019-02-01
B00WP6QK74,ilishop Women's Fashion Genuine Leather Cross Body Shoulder Bag Satchel Handbag (Red),2020-04,1,3.0,2020-04-01
B00WP6QK74,ilishop Women's Fashion Genuine Leather Cross Body Shoulder Bag Satchel Handbag (Red),2020-05,1,3.0,2020-05-01
B00WVE6V92,"CTM Women's Leather Floral Print Eyeglass Holder and Case, Brown",2019-01,1,3.0,2019-01-01
B00WWLU4PG,JQUEEN Black Stretch Gothic Tattoo Henna Choker Collar Necklace Elastic Ring Bracelet Jewelry Set 80s 90s,2021-05,1,4.0,2021-05-01
B00X11AO8I,TQS Boho Foot Chain Barefoot Sandal Hamsa Hand Turquoise Beads Anklet for Women 1 pcs,2020-07,1,3.0,2020-07-01
B00X1OM01O,KOGMO Womens Short Sleeve Solid Basic Tunic Top Tee with Side Shirring,2020-05,1,2.0,2020-05-01
B00X3GQ4TE,Mens 316L Stainless Steel Leather Bracelet Bangle Cuff,2019-02,1,5.0,2019-02-01
B00X3IVB7M,MiCoolker Small Crossbody Phone Purse Luxury Leather Travel Shoulder Pouch Wallet Case Bag,2019-06,1,5.0,2019-06-01
B00X3IVB7M,MiCoolker Small Crossbody Phone Purse Luxury Leather Travel Shoulder Pouch Wallet Case Bag,2020-03,1,5.0,2020-03-01
B00X3IVB7M,MiCoolker Small Crossbody Phone Purse Luxury Leather Travel Shoulder Pouch Wallet Case Bag,2020-11,1,5.0,2020-11-01
B00X3IVB7M,MiCoolker Small Crossbody Phone Purse Luxury Leather Travel Shoulder Pouch Wallet Case Bag,2021-11,1,5.0,2021-11-01
B00X3IVB7M,MiCoolker Small Crossbody Phone Purse Luxury Leather Travel Shoulder Pouch Wallet Case Bag,2023-08,1,4.0,2023-08-01
B00X76S66O,BigDO Jewelry Fashion Acrylic Twist Collar Chunky Choker Statement Chain Necklace for Women,2020-08,1,5.0,2020-08-01
B00X7NSA9K,KOI Womens Elsa Short Sleeves Keyhole Scrub Top Navy S,2020-06,1,5.0,2020-06-01
B00X8KGX64,Gem Stone King 6MM Stunning Round Simulated Aquamarine Bead Stretchy Bracelet/Necklace,2019-12,1,5.0,2019-12-01
B00XBFQVD6,"Quidditch Golden Snitch Pocket Necklace Snitch Gold Necklace, Harry Potter and the Deathly Hallows Golden Snitch Necklace (Silver)",2018-08,1,5.0,2018-08-01
B00XCKYWHW,San jewelry Magic Naga Wealth Rich Lucky Charm Thai Amulet Statue,2019-08,1,5.0,2019-08-01
B00XECMFAO,SA106 Womens Extra Oversized Round Designer Fashion Exposed Lens Butterfly Sunglasses,2017-09,1,5.0,2017-09-01
B00XECMFAO,SA106 Womens Extra Oversized Round Designer Fashion Exposed Lens Butterfly Sunglasses,2018-03,1,5.0,2018-03-01
B00XECMFAO,SA106 Womens Extra Oversized Round Designer Fashion Exposed Lens Butterfly Sunglasses,2021-08,1,5.0,2021-08-01
B00XECMFAO,SA106 Womens Extra Oversized Round Designer Fashion Exposed Lens Butterfly Sunglasses,2022-10,1,3.0,2022-10-01
B00XECMFAO,SA106 Womens Extra Oversized Round Designer Fashion Exposed Lens Butterfly Sunglasses,2023-04,1,5.0,2023-04-01
B00XIREVRU,V137-vp Flip up Round Metal Sunglasses (Sdd Gold-brown),2018-10,1,5.0,2018-10-01
B00XJ81L3A,Dazzle Flash Gold Plated Peacock Necklace for Women Gift for Her NGG239-1,2022-02,1,5.0,2022-02-01
B00XK3RTLC,Vox Women's Polarized Aviator Sunglasses Aztec Navajo Tribal Fashion Eyewear – Black & White Navajo Frame – Smoke Lens,2022-07,1,3.0,2022-07-01
B00XKDXYA2,SA106 Hippie Retro Groovy Gradient Oversize Circle Lens Round Sunglasses,2019-10,1,4.0,2019-10-01
B00XKDXYA2,SA106 Hippie Retro Groovy Gradient Oversize Circle Lens Round Sunglasses,2020-05,1,3.0,2020-05-01
B00XKDXYA2,SA106 Hippie Retro Groovy Gradient Oversize Circle Lens Round Sunglasses,2020-06,1,5.0,2020-06-01
B00XKDXYA2,SA106 Hippie Retro Groovy Gradient Oversize Circle Lens Round Sunglasses,2020-12,1,4.0,2020-12-01
B00XXSKI0S,French Toast Girls' Short Sleeve Peter Pan Blouse,2016-07,1,5.0,2016-07-01
B00XZHG2D4,GUESS Women's Proposal Zip-Around Wallet,2019-04,1,5.0,2019-04-01
B00Y0XI6BS,Stylefad Men's Woven Mirofiber Cravat Ascot Self Tie Gold Yellow Paisley,2020-06,1,4.0,2020-06-01
B00Y18IBG2,TV Inspired GOT Khaleesi Antique Golden Tone Dragon Egg Pendant Necklace,2019-07,1,4.0,2019-07-01
B00Y7Y3JK8,New Womens Flannel Long Sleeve Top Blouse Cute Cat Printed Shirts T-Shirt Tee,2020-12,1,5.0,2020-12-01
B00Y8O4OVK,Joe's USA Mens 4X-Large Tall Long Sleeve Easy Care Shirt-Burgundy/Light Stone,2019-05,1,5.0,2019-05-01
B00YBVA112,In stock! Black color Space Gray Adapter for Apple Watch 38mm and 42mm Watchband Adapter for Apple Watch Sport Edition Watchband Adapter 2pcs 24K Gold Apple watch adapter Free tempered screen protector for apple watch (42mm Space Gray),2018-10,1,5.0,2018-10-01
B00YC4ISA4,MANDI HOME Shining Angel Wings Shape Crystal Silver Earring Pierced Ear Studs,2019-01,1,5.0,2019-01-01
B00YC4ISA4,MANDI HOME Shining Angel Wings Shape Crystal Silver Earring Pierced Ear Studs,2019-02,3,4.0,2019-02-01
B00YGIM5BO,FancyG Vintage Inspired Classic Rectangle Glasses Frame Eyewear Clear Lens,2021-02,1,4.0,2021-02-01
B00YGIM5BO,FancyG Vintage Inspired Classic Rectangle Glasses Frame Eyewear Clear Lens,2023-03,1,5.0,2023-03-01
B00YLLX272,Tooniforms by Cherokee Women's Round Neck Betty Boop Print Scrub Top Small Print,2020-01,1,5.0,2020-01-01
B00YNRLWEO,Lucky Little Turtle Car Mirror Charm on Flexible Elastic Semi Precious Stone Strand,2019-12,1,5.0,2019-12-01
B00YOL7NRE,90 Degree By Reflex 2 Pack Womens Power Flex Capri Workout Leggings,2020-06,1,5.0,2020-06-01
B00YOL7NRE,90 Degree By Reflex 2 Pack Womens Power Flex Capri Workout Leggings,2021-10,1,5.0,2021-10-01
B00YP2TNZ2,"Angerella Polka Vintage High Waisted Bathing Suits for Women(SST017-R2-3XL),Rose red (Dot),US12-14=Tag Size 3XL",2020-08,1,1.0,2020-08-01
B00YSPA0IA,Bling Jewelry Freemasons Masonic Compass Symbol Tie Clip for Men Credit Blue Two Tone Silver Tone Stainless Steel,2023-02,1,5.0,2023-02-01
B00YU1I7PA,Sannysis(TM) Fashion Women Anchor Sleeveless Loose Vest Tank Top Blouse Tee Shirt (L),2019-09,2,4.5,2019-09-01
B00YX34SNA,JL Future Cut Resistant Gloves High Performance CE Level 5 Protection Food Grade Large Size 1 Pair,2019-02,1,5.0,2019-02-01
B00YXNXB6A,FUNOC Women Summer Adjustable Rhinestone Diamante Crown Denim Sun Hat Cap Caps,2019-04,1,4.0,2019-04-01
B00Z8PPMGY,Eyekepper Rimless Titanium Frame Polarized Sunglasses Grey Lens,2019-08,1,4.0,2019-08-01
B00ZBMECL0,FUA 1PC Jewelry Women's Vintage Skeleton Necklace Short Collar,2019-01,1,5.0,2019-01-01
B00ZCF942S,"Tasso Elba Mens Supima Cotton Full-Zip Knit Jacket, Navy Blue, XL",2022-04,1,5.0,2022-04-01
B00ZDMHK7Q,Tilley TO54 Orbit Hat Natural 73/4,2021-06,1,4.0,2021-06-01
B00ZE8P1AW,"NE PEOPLE Roll Up 3/4 Sleeve Button Down Shirt with Stretch,Newt01_teal,XXX-Large",2019-05,1,1.0,2019-05-01
B00ZGQ9U1I,SmartFit Boys' Black Dress Slip-On 5 Regular,2021-03,1,5.0,2021-03-01
B00ZK9J6DI,"JOVIVI Women Stainless Steel Non- Pierced Hollow Triangle Clip On Earrings Fake Ear Cartilage Cuff Ear Ring, 1-4Pairs",2018-11,1,5.0,2018-11-01
B00ZR20ZZG,Hypoallergenic Detachable Crystal Spike Ear Jackets by Onnea,2020-04,1,3.0,2020-04-01
B00ZR2MT9Q,E.a@Market Children Cartoon Plants Vs Zombies Baseball Cap (Grey),2022-03,1,5.0,2022-03-01
B00ZRXLFTU,Buttons & Pleats The Best Shirt Stays Advanced Type Footloop Style,2018-10,1,5.0,2018-10-01
B00ZU4O73M,RetroGem Elegant Austrian White Pearl Silver Tone Sweater Clip 5 Inch Pearl Chain Cardigan Clip Sweater Guard,2019-08,1,1.0,2019-08-01
B00ZWHXXSW,"90 Degree By Reflex 22"" Yoga Capris Lightning Blue L",2019-03,1,5.0,2019-03-01
B00ZWHXXSW,"90 Degree By Reflex 22"" Yoga Capris Lightning Blue L",2019-04,1,5.0,2019-04-01
B00ZYWNKRE,American Bazi Women's Destroyed Denim Jumpsuit Overalls RJHO5085 - Blue - Medium - H5C,2019-08,1,3.0,2019-08-01
B00ZYWNKRE,American Bazi Women's Destroyed Denim Jumpsuit Overalls RJHO5085 - Blue - Medium - H5C,2020-06,1,5.0,2020-06-01
B00ZYWNKRE,American Bazi Women's Destroyed Denim Jumpsuit Overalls RJHO5085 - Blue - Medium - H5C,2020-08,1,5.0,2020-08-01
B00ZZM098Q,"ReliBeauty Women’s Flutter Sleeve Solid Tops (4-6, Beige)",2019-05,1,5.0,2019-05-01
B0102WIKW0,EGC-Parent,2019-02,1,5.0,2019-02-01
B0102WIKW0,EGC-Parent,2019-04,1,4.0,2019-04-01
B0102WIKW0,EGC-Parent,2019-06,1,5.0,2019-06-01
B0102WIKW0,EGC-Parent,2020-01,1,5.0,2020-01-01
B0102WIKW0,EGC-Parent,2020-05,1,5.0,2020-05-01
B0103QVAV8,Women's Teen Wolf Beacon Hills Lahey 2-Sided V-Neck - Medium Maroon,2020-06,1,5.0,2020-06-01
B0106AB4XK,CNCbetter Women Fashion Charms Simulated-Pearl Charms Ball Dangle Long Screw Back Clip On Earring,2019-09,1,1.0,2019-09-01
B0106EITAM,Fruit of the Loom Men's 5-Pack Plaid Boxer Shorts Boxers Underwear 3XL,2021-01,1,5.0,2021-01-01
B0106J5MLG,Hot Spot Women's Leather Thong With O Rings And Side Buckle Adult Role Play Lingerie,2019-07,1,2.0,2019-07-01
B010C7B7RU,Sportoli Kids Elastic and Metal Glove and Mitten Clips with Snowman Accent - Navy,2021-04,1,1.0,2021-04-01
B010FCD5D6,"JISTL World Map Necklace, Antique Map Necklace, Globe Necklace",2023-03,1,4.0,2023-03-01
B010G6J7T2,"Sunday Afternoons Mens Adventure Hat (Royal/Royal, Medium)",2019-06,1,5.0,2019-06-01
B010M6GKG4,Cloudz Security Neck Wallet/Pouch,2021-08,1,5.0,2021-08-01
B010PFPN6A,belleap UV Sun Protection Women's Shorts Swimsuit Rash guard Boyshorts Medium Black,2019-05,1,4.0,2019-05-01
B010RS2I9A,"NIKE Womens Flex Supreme TR 4 Cross Trainer (8M, Cool Grey/Pure Platinum/White/Volt)",2020-04,1,4.0,2020-04-01
B010SGW9HM,Ayliss Women Tie Dye Bandage Push up Padded Bikini Set with Side-tie Bottom US4-6 Blue,2020-04,1,3.0,2020-04-01
B010SGW9HM,Ayliss Women Tie Dye Bandage Push up Padded Bikini Set with Side-tie Bottom US4-6 Blue,2020-10,1,5.0,2020-10-01
B010UH6UFG,Mariell Dramatic Micro-Pave CZ Dangle Bridal Wedding Earrings with Genuine Silver Platinum Plating,2019-09,1,5.0,2019-09-01
B010XJU598,YAZILIND Lady's Silver Plated Flower Shape Cubic Zirconia Multicolor Women Ring size8,2019-09,1,5.0,2019-09-01
B010XJU598,YAZILIND Lady's Silver Plated Flower Shape Cubic Zirconia Multicolor Women Ring size8,2021-07,1,1.0,2021-07-01
B0115XSUOS,"BIADANI Women Military Anorak Safari Hoodie Jacket, IJKW009 Olive, Large",2020-02,1,5.0,2020-02-01
B011A6PW4Q,Solid 18k White Gold Nose Hoop 20 Gauge 5/16,2019-09,1,2.0,2019-09-01
B011T8X7BU,La Clé LA-005Grainy Structured Mini Small Crossbody Shoulder Bag Faux Leather Purse (Black),2020-07,1,4.0,2020-07-01
B011THAVRO,"Avidlove Women's Nightshirts Satin Chemises Slip Sleepwear,Dark Blue (FBA),Large",2019-03,1,5.0,2019-03-01
B011THAVRO,"Avidlove Women's Nightshirts Satin Chemises Slip Sleepwear,Dark Blue (FBA),Large",2020-04,1,5.0,2020-04-01
B01257Q2PW,"Sunglass Strap (6 Pack) & Ear Hooks (2 Pack) for Glasses - Eyeglass Sports Cord, Adjustable Lanyard Leash for Men, Women & Kids",2019-08,1,1.0,2019-08-01
B01257Q2PW,"Sunglass Strap (6 Pack) & Ear Hooks (2 Pack) for Glasses - Eyeglass Sports Cord, Adjustable Lanyard Leash for Men, Women & Kids",2019-09,1,5.0,2019-09-01
B01269BXS0,"Mrignt Men Casual Cotton Elastic Waist Trousers Drawstring Jogging Harem Sweatpants(Light Blue,Medium)",2018-09,1,5.0,2018-09-01
B0126GV6FS,Heshe Women’s Handbags Messenger Designer Shoulder Handbag Tote Top Handle Bags for Ladies (Cracker Khaki),2019-10,1,5.0,2019-10-01
B012C16PXK,Halife Women's Long Sleeve Draped Knitted Cardigan Sweaters Open Front,2018-10,1,5.0,2018-10-01
B012OZ23US,"CafePress - RAYBURN HOUSE T-Shirt - 100% Cotton T-Shirt, White",2019-08,1,5.0,2019-08-01
B012OZ23US,"CafePress - RAYBURN HOUSE T-Shirt - 100% Cotton T-Shirt, White",2019-09,1,5.0,2019-09-01
B012VPSTTU,Simplicity Women's Summer UPF 50+ Roll Up Floppy Beach Hat with Ribbon Rose,2019-04,1,5.0,2019-04-01
B012WPJQG4,Stretchy Non Slip Ponytail Headband Sports Sweatband Great for Workout Running Yoga Cycling,2019-06,1,4.0,2019-06-01
B012ZEM9GG,BeOne2015 New Unique Bohemia Two Piece Flower Charm Tassel Chain Turquoise Beads Sandal Anklet,2020-02,1,5.0,2020-02-01
B012ZYHMRW,"DBDK MERCURY-1 Women's Strappy Foldable Side Zipper Hidden Wedge Ankle Booties, Color:FUCHSIA, Size:10",2019-05,1,5.0,2019-05-01
B01305CYPU,ETOSELL Men Women Adjustable Army Plain Vintage Hat Cadet Military Baseball Cap Blue,2019-08,1,4.0,2019-08-01
B013CWUJTO,V3047-vp Style Vault Rectangular Metal Small Lens Sunglasses (B1376F Bronze-brown),2019-08,1,5.0,2019-08-01
B013F52DDI,Men Premium Polarized Mirror Lens Sports Cycling Riding Fishing Sunglasses (Blue),2019-06,1,3.0,2019-06-01
B013FIQXZO,Moisture Wicking Fleece Sweatband/Headband/Head wrap/Yoga Headband/Workout Headband/Best Looking Ear Warmer for Man and Women,2020-04,1,5.0,2020-04-01
B013JBRLD0,PANDORA Heart Clasp Sterling Charm Bracelet 7.5 19CM Medium,2019-10,1,5.0,2019-10-01
B013JBRLD0,PANDORA Heart Clasp Sterling Charm Bracelet 7.5 19CM Medium,2020-04,1,1.0,2020-04-01
B013JQURM2,Jstyle Jewelry Stainless Steel Mens Chain Necklace for Men 3mm Wide 30 Inch,2018-10,1,5.0,2018-10-01
B013JQURM2,Jstyle Jewelry Stainless Steel Mens Chain Necklace for Men 3mm Wide 30 Inch,2018-11,1,5.0,2018-11-01
B013LFDXAY,"Glass Tile Pendant,Unicorn Pendant Locket Necklace,Moon Jewelry,Vintage Pendant Locket Necklace",2021-02,1,5.0,2021-02-01
B013OUCIGQ,NIUEIMEE-8171 Unisex Multi-functional Rugged Canvas Leather Single-shoulder Chest Pack/Bag (Coffee),2019-05,1,5.0,2019-05-01
B013PUY9GC,Wigwam Men's American Wool Boot Sock 3-Pack,2020-02,1,5.0,2020-02-01
B013PUY9GC,Wigwam Men's American Wool Boot Sock 3-Pack,2021-08,1,5.0,2021-08-01
B013QW3MZS,Thin Hoop Silver Tone Earrings in Gift Box (25mm),2020-11,1,3.0,2020-11-01
B013TGYAQ6,"Shaka 3/4 Sleeves Baseball T Shirts (Large, Olive / Green Camo)",2019-09,1,3.0,2019-09-01
B013W94G7I,ELLAZHU Women Casual Bat Wings Tassel Print Sweatshirt Onesize GY717 Grey,2020-03,1,2.0,2020-03-01
B013XAVKDY,Gem Stone King Beautifully 7mm Cultured Freshwater Pearl 925 Sterling Silver Kitty Earrings,2018-12,1,5.0,2018-12-01
B013ZAY4BM,".925 Sterling Silver Open Lotus Flower Ring, Size 9",2021-10,1,3.0,2021-10-01
B0141DN4DG,Polarized Flip Up Fit Over Sunglasses with Side Shields,2020-11,1,4.0,2020-11-01
B0141GUG8E,"NYFASHION101 Unisex Multicolor Warm Cable Knit Thick Slouch Beanie Cap, Black/Gray",2018-11,1,5.0,2018-11-01
B0141GUG8E,"NYFASHION101 Unisex Multicolor Warm Cable Knit Thick Slouch Beanie Cap, Black/Gray",2019-06,1,4.0,2019-06-01
B0141GUG8E,"NYFASHION101 Unisex Multicolor Warm Cable Knit Thick Slouch Beanie Cap, Black/Gray",2020-11,1,5.0,2020-11-01
B0142KBQVA,"Forest Sexy Underwear Men's Boxer Briefs Shorts Bulge Pouch Soft Underpant(XL,Blue)",2019-10,1,4.0,2019-10-01
B0143WAYZG,"Pierced Owl Tribal Fan with Clear Cz 14g or 16g Septum Clicker - Choose Gold Plate, Rose, or Silver Tone (16 GA Gold Tone)",2018-10,1,3.0,2018-10-01
B01499MDVQ,"Belle Donne - Women's Solid Color Faux Leather 1.25"" Belt - Fucshia- Medium",2019-01,1,3.0,2019-01-01
B014E2BRDI,Irish Patchwork Cap Made in Ireland Fitted Colors You See is What You Get Sz S,2022-02,1,5.0,2022-02-01
B014EYKD2W,My Identity Doctor Custom Engraved Medical Alert Dog Tag 316L Steel Light-Weight,2020-03,1,5.0,2020-03-01
B014JUFEJ8,"DTC French Nickel Silver Catholic Patron Saint Medal, 5/8 Inch",2019-07,1,5.0,2019-07-01
B014RL15MY,OK-STORE S925 the Twilight Saga New Moon Ring Breaking Dawn 925 Sterling Silver Egagement Wedding Rhinestones Ring,2023-07,1,5.0,2023-07-01
B014S66DFC,Mordenmiss Women Loose One-Chinese Frog Button Wool Coat XL Blackish Green,2020-02,1,5.0,2020-02-01
B014SWE0ZQ,"Via Pinky Scarlett-52F Children Girl Comfort Flower Warm Mid Calf Snow Boots,Blue,4",2020-01,1,5.0,2020-01-01
B014TX3KPU,Women Men Multi Color Porcelain Elastic Tibetan Buddhist 108 Worry Prayer Beads Mala Bracelet Necklace (Yin Yang),2020-02,1,2.0,2020-02-01
B014UJG51E,"Doublju Mens Long Sleeve Leather Point Henley T-shirts, Cmttl049_olive, Medium",2019-06,1,3.0,2019-06-01
B014VHNJAU,Thoughts to Share September Sapphire Birthstone Adjustable Silver Tone Fashion Bracelet,2019-07,1,3.0,2019-07-01
B014VV8DQG,110 PCS Body Jewelry Piercing Eyebrow Navel Belly Tongue Lip Bar Ring 22 Styles,2022-08,1,5.0,2022-08-01
B014VV8DQG,110 PCS Body Jewelry Piercing Eyebrow Navel Belly Tongue Lip Bar Ring 22 Styles,2024-02,1,1.0,2024-02-01
B014W1XAT0,"Beth Marie Luxury Boutique Bunny Rabbit Ring Holder, Pink Ceramic Engagement and Wedding Ring Holder, Measures 2.75"" Wx3.25 Hx1.75 D",2020-12,1,5.0,2020-12-01
B014W5VKAC,ECOSUSI Womens Dazzling Rhinestone Clutch Evening Bags Fashion Purse Girl's Handbags Blue,2019-10,1,4.0,2019-10-01
B014WYXYJS,Rolling Stones- Logo Repeat Socks Size ONE SIZE,2019-12,1,5.0,2019-12-01
B014Y80D46,Tagoo Vintage Animal Design Brooch Pins for Women Gifts for Men,2019-06,1,4.0,2019-06-01
B0154AFS2U,< KITSCH > Friends Forever Infinity Charm Silver Neckace & Earring Set,2019-08,1,1.0,2019-08-01
B01554TERA,Coach Men's Compact ID Calf Leather Wallet Midnight Navy F75086,2019-02,1,5.0,2019-02-01
B01565ZHXS,Jiayiqi Womens Charm Purple Lavender Real Dried Floral Glass Crystal Cabochon Pendant Long Chain Necklace,2019-02,1,3.0,2019-02-01
B0156AUG48,"Opromo Unisex Cobbler Uniforms with 2 pockets, Art Smock Aprons for Adult Women Men, Polyester-Cotton,19 x 28 inches-Red",2020-03,1,4.0,2020-03-01
B01588OWC0,F.C. Barcelona Cap CL,2020-03,1,5.0,2020-03-01
B0159Q5TK0,"Women's Red and White Striped Loose T-shirt (M, Red stripe)",2019-11,1,1.0,2019-11-01
B015D1LL3A,Family Feeling Little Boys Snug-Fit Pajamas Short Sets Pjs Clothes Kid Size 16,2020-04,1,3.0,2020-04-01
B015EVS8P8,"Men or Ladies 316L Stainless Steel Large Alphabet Letter E Pendant with Free 22"" Ball Chain",2018-11,1,1.0,2018-11-01
B015G7ZGY6,"Pro Jewelry Dangling Gold Tone ""Panda Face"" Clip-on Bead for Charm Bracelet 64731",2021-09,1,5.0,2021-09-01
B015HGO322,"Blue Glass Beads Rosary, 6mm Beads",2018-12,1,5.0,2018-12-01
B015IYANZE,"Idgirl Unisex-baby Winter Flannel Romper Blue-star Outfits Suit (90cm (4-12 months), Blue)",2019-11,1,1.0,2019-11-01
B015JUUG68,16mm Watch Band Compatible With Timex T2N093 Two-tone Stainless Steel TX752T,2022-04,1,5.0,2022-04-01
B015KFDWQI,Men Black Dress Belt Leather Classic Design for Suit 34,2020-01,1,5.0,2020-01-01
B015KIAXPI,ThyWay 3 PCS Unisex Vintage Collar Punk Goth Emo Heart Leather Choker Necklace,2019-06,1,5.0,2019-06-01
B015MY23GW,"Toiletry Bag, E-BLOOMY Classic Hanging Travel Toiletry Bag for Men and Women (Classic Black)",2019-08,1,5.0,2019-08-01
B015NBNEV2,HUMAN Up to No Good Pastel Goth Athletic Black Large Raglan,2019-02,1,5.0,2019-02-01
B015NMFY1O,The Hat Depot 200hc402 100% Wool Skull Cap with Flower Decoration-3colors (Black),2020-04,1,2.0,2020-04-01
B015OB3L9Q,"Queen.M Halter Strappy Barbie Pink Sweet Sexy Lingerie Irregular See Through Babydoll,Blue,Medium",2019-10,1,5.0,2019-10-01
B015OF4YFM,"ACEVOG Women's Elengant Vintage Casual Evening Dress,Black,Medium",2021-07,1,4.0,2021-07-01
B015OF57WG,"ACEVOG Women's Elengant Slim Vintage Casual Cap Sleeve Bridesmaid Dress,Dark Green,Large",2020-01,1,5.0,2020-01-01
B015PCE2WY,"Allegra K Women's Scoop-Neck Stripes Sleeve Short Fitted Dress, Red, Large",2019-06,1,5.0,2019-06-01
B015PCE2WY,"Allegra K Women's Scoop-Neck Stripes Sleeve Short Fitted Dress, Red, Large",2019-08,1,4.0,2019-08-01
B015PNJPKM,"Lecxci Mens 1 1/2"" Wide Long Real Leather Belt with Gunmetal Buckle Snap Button Closure (36, Trinity Strap Black)",2019-04,1,5.0,2019-04-01
B015QSLGL2,"2 Balance Bracelets, Silicone Beaded Blue White Combo - Medium Size",2019-02,2,3.0,2019-02-01
B015TL8DXA,"HICKIES Kids Elastic No-Tie Laces - Pink (10 HICKIES Laces, Works In All Sneakers)",2020-01,1,5.0,2020-01-01
B015U17HKE,Gem Stone King 10.00 Ct Round Cut Blue Simulated Sapphire and Zirconia Tennis Bracelet 7inches,2020-09,1,1.0,2020-09-01
B015W2D16K,"Miusol Women's 3/4 Sleeve Casual Slim Fit and Flare A-line Vintage Dress,Navy Blue,Large",2018-12,1,5.0,2018-12-01
B015W2D2DM,"Miusol Women's Retro Flare Bow A-line 3/4 Sleeve Slim Evening Party Swing Dress,X-Large,Navy Blue",2019-03,1,5.0,2019-03-01
B015WCEQFA,UHIBROS Jewelry Stainless Steel Womens Cubic Zirconia Stud Earrings Multicolor Set Piercing 8 Pairs (NA),2019-05,1,5.0,2019-05-01
B015WXZSZ6,Bandolino Women's BERTA Platform Pump,2020-12,1,4.0,2020-12-01
B015WXZSZ6,Bandolino Women's BERTA Platform Pump,2021-02,1,3.0,2021-02-01
B015X0R6AI,Wyoming Traders Wild Rag Teal Silk Jacquard Scarf,2022-02,1,5.0,2022-02-01
B015XXIZAU,FURTALK Winter Fox Fur Hat Headband - Women's Genuine Wrap Cap Neckwarmer Original,2020-12,1,5.0,2020-12-01
B01632NII4,Kaariag Punkin Titanium Steel Bead Chain Radian Cross Necklace,2019-03,1,3.0,2019-03-01
B0165MW8FQ,"FANSING Biker Ring Mens, Red Dome Agate Rings, Stainless Steel, Size 8",2019-06,1,4.0,2019-06-01
B016742YOW,Converse Cuff Beanie - Black,2019-03,1,5.0,2019-03-01
B0167MDGWI,"Sarah's Silks Playsilk - 100% Real Silk, Hand Dyed, Bright Colored Play Scarves | Montessori and Waldorf Toys for Dress up, Imaginative, and Pretend Play (35"" x 35"")",2018-04,2,3.0,2018-04-01
B0167MDGWI,"Sarah's Silks Playsilk - 100% Real Silk, Hand Dyed, Bright Colored Play Scarves | Montessori and Waldorf Toys for Dress up, Imaginative, and Pretend Play (35"" x 35"")",2023-10,1,5.0,2023-10-01
B016B1OF7U,"HIKA Women's High Elastic Waist Flare Pleated A-line Midi Skirt (XXL, Black)",2019-02,1,3.0,2019-02-01
B016B1PKDI,Cole Haan Men's Quincy Cap Toe Oxford Black Oxford,2019-07,1,5.0,2019-07-01
B016BUCBTK,"ZANZEA Women's Loose Casual Solid Long Sleeve Chiffon Shirt Tops Blouse (14, Khaki)",2019-05,1,5.0,2019-05-01
B016C4I6LW,MKTRADE FC BARCELONA MESSI NEYMAR SOCCER KIDS WINTER GLOVES,2019-08,1,5.0,2019-08-01
B016DAQBT4,Jane Stone 1 PC Fashion Cute White Cartoon Robot Stud Earring Men Women Personalized Single Piercing Earrings Statement Hip Featuring Jewelry Cool Gift(E0579),2018-12,1,5.0,2018-12-01
B016DB3FNS,Science Lover Mismatched Moon and Planet Earth Stud Earrings,2020-05,1,2.0,2020-05-01
B016E46JR8,"ULTRAFINO 208"" inches Roll Hat Size Reducer Sizing Foam Filler Adhesive Tape",2018-10,1,2.0,2018-10-01
B016E46JR8,"ULTRAFINO 208"" inches Roll Hat Size Reducer Sizing Foam Filler Adhesive Tape",2018-12,1,5.0,2018-12-01
B016E46JR8,"ULTRAFINO 208"" inches Roll Hat Size Reducer Sizing Foam Filler Adhesive Tape",2019-12,1,5.0,2019-12-01
B016E46JR8,"ULTRAFINO 208"" inches Roll Hat Size Reducer Sizing Foam Filler Adhesive Tape",2020-10,1,5.0,2020-10-01
B016E46JR8,"ULTRAFINO 208"" inches Roll Hat Size Reducer Sizing Foam Filler Adhesive Tape",2021-03,1,5.0,2021-03-01
B016E46JR8,"ULTRAFINO 208"" inches Roll Hat Size Reducer Sizing Foam Filler Adhesive Tape",2021-04,1,4.0,2021-04-01
B016E46JR8,"ULTRAFINO 208"" inches Roll Hat Size Reducer Sizing Foam Filler Adhesive Tape",2022-04,1,3.0,2022-04-01
B016E46JR8,"ULTRAFINO 208"" inches Roll Hat Size Reducer Sizing Foam Filler Adhesive Tape",2025-04,1,5.0,2025-04-01
B016E9PS0C,MOOCHI Women's Gold Plated Black Wall Pattern Rhinestone Chain Necklace Earrings Bracelet Ring Jewelry Sets,2020-10,1,5.0,2020-10-01
B016GQ9NCM,Shalalla London Silver Initial Charms Letter A-Z Alphabets- AAA+ CZ Crystals-,2020-01,1,5.0,2020-01-01
B016IAWHFQ,ONEDONE Balaclava mask Double Layers Full Face Mask Winter Wind Stopper Face Mask for Outdoor Ski Bike Sports(Black+Grey),2019-04,1,2.0,2019-04-01
B016JCXPSG,J.TOMSON Women's Batwing Sleeve V-Neck Wrap Front Drape Top NAVY L,2019-05,1,4.0,2019-05-01
B016LAZSYK,Marvel Daredevil Symbol 39/30 Logo Baseball Cap Hat,2019-10,1,5.0,2019-10-01
B016OV4SFG,365 Printing Supporter and Competitor Cute Couple Hoodies Funny Matching Outfit (Men- X-Large/Women- Small) Black,2019-04,1,5.0,2019-04-01
B016PBQ3MQ,BERRICLE Rhodium Plated Sterling Silver Asscher Cut Cubic Zirconia CZ 3-Stone Anniversary Wedding Engagement Ring 2.8 CTW Size 4,2021-03,1,5.0,2021-03-01
B016Q6NDKA,Loritta Warm Wool Knitted Gloves Convertible Fingerless Gloves With Mitten Cover Beige,2020-01,1,4.0,2020-01-01
B016QLB1JK,TL Set of 2 Vintage Ladies' Necklace The Tree of Life Glass Gem Pendant Long Chain Blessing Necklaces,2018-11,1,1.0,2018-11-01
B016QLB1JK,TL Set of 2 Vintage Ladies' Necklace The Tree of Life Glass Gem Pendant Long Chain Blessing Necklaces,2018-12,1,1.0,2018-12-01
B016QLB1JK,TL Set of 2 Vintage Ladies' Necklace The Tree of Life Glass Gem Pendant Long Chain Blessing Necklaces,2019-04,2,1.0,2019-04-01
B016RJ5NXQ,"Sterling Silver Snowflake Pendant with Genuine Garnet, Blue Topaz & White Topaz Including 18"" Chain (Garnet)",2021-02,1,5.0,2021-02-01
B016U30DZM,"StarSide 10pcs Round Head Strap Locks chrome for Guitar Schaller Style, 10 Piece",2019-02,1,4.0,2019-02-01
B016VXVVNY,Bioworld Batman Metal Badge Chain Wallet,2022-02,1,5.0,2022-02-01
B016YYSQOC,"Fytto 1022 Women/Men’s Calf Sleeves, 15-20mmHg Graduated Compression – Lightweight, Opaque, Footless Compression Socks, Versatile Relief for Aching Legs – White, Medium",2020-03,1,4.0,2020-03-01
B017052PHS,Chuvora 925 Sterling Silver Open Filigree Tree of Life Symbol Ring for Women Size 8 - Nickel Free,2020-01,1,5.0,2020-01-01
B0170O9Y5A,Tahari Space Dye Infinity Scarf Brown,2018-12,1,5.0,2018-12-01
B0171NGYEE,Ularmo 2015 New Popular Gothic Punk Temptation Ear Cuff Wrap Clip Earring (dragon silver),2019-01,1,1.0,2019-01-01
B0172SWG1I,Besteel Jewelry 3-9mm Stainless Steel Figaro Chain Necklace for Men and Women 18-36 Inch,2020-02,1,2.0,2020-02-01
B0172SWG1I,Besteel Jewelry 3-9mm Stainless Steel Figaro Chain Necklace for Men and Women 18-36 Inch,2020-12,1,4.0,2020-12-01
B0176IHGEQ,RIJ- 3 Pair Set 10mm Sterling Silver Gold Flashed Small Endless Hoop Earrings Ear Nose,2019-02,1,3.0,2019-02-01
B01782BZB0,"River Island Jewelry –""2 Pair"" 10mm Unisex Solid 925 Sterling Silver Small Endless Hoop Earrings for Cartilage and Piercings",2020-01,1,5.0,2020-01-01
B0178IKH40,MagBelt - Medium - Black Belt/Black Buckle,2020-03,1,5.0,2020-03-01
B0179ZPMX8,Jastore® Baby Girl Cute Turban Headband Head Wrap Knotted Hair Band (Style 18 (8 Pieces)),2019-04,1,5.0,2019-04-01
B017AJNKWS,Barbra Collection Hawaiian Style Kukui Nut Hand Painted Necklaces 30 Nuts(Cowry Shell),2021-04,1,5.0,2021-04-01
B017ATQBC4,Leather Tote with Zip Around Pocket,2020-02,1,5.0,2020-02-01
B017BJ7RG2,Ownsig Retro Big Drip Green Round Annual Ring Earrings Stud Carved Jewellery,2022-10,1,5.0,2022-10-01
B017CQROCQ,Bala Cartilage Earring 16g Tragus Helix Surgical Steel Stud Snowflake 2pcs,2021-12,1,5.0,2021-12-01
B017DNE7RI,US Marines Military Performance Wrist Watch w/ Padded Genuine Leather Strap,2022-12,1,5.0,2022-12-01
B017HIHV4A,Vera Bradley Women's Trifold Wallet Petal Splash One Size,2021-09,1,5.0,2021-09-01
B017JOAQOY,MauSong Sweet Hot Women Crystal Heart Mom Daughter Sister Family Pendant Necklace Type Clear MOM,2022-08,1,5.0,2022-08-01
B017JQ86GW,BUENOS NINOS Women's Sleeveless Fit and Flare V-Neck Short Lace Dress Evening Gown Dress Black L,2020-05,1,3.0,2020-05-01
B017KE19MG,Dollger Clubmaster sunglasses Polarized Wayfarer Sunglasses Horn Rimmed,2019-06,1,5.0,2019-06-01
B017KQ9PHU,"Mertailor Mermaid Tails For Swimming Monofin – Adults (Large, Jellyfish Dream)",2019-08,1,5.0,2019-08-01
B017LG00PU,AEGISMAX Camping Compression Sack for Sleeping Bag Accessories 20D Waterproof Nylon Stuff Sack Outdoor Ultralight Storage Bag (M),2025-04,1,5.0,2025-04-01
B017MU4F8S,"Athena Ladies Melody Ankle Hi Top Sneaker Boot feat Gold Chain & Zip, Neon Pink, 6.5",2019-12,1,4.0,2019-12-01
B017NLUNQO,Meaneor Women's Silver Reflective Tape Fluorescent Waterproof Lightweight Long Sleeve Hiking Jacket Black XL,2019-07,1,4.0,2019-07-01
B017OV9K9Y,"HTC Desire 626 Case, HTC 626S Wallet Case, Harryshell(TM) Smile Pattern Wallet PU Flip Leather Case for HTC Desire 626 626S Cover With Card Slots & Card Slots (C-21)",2019-10,1,5.0,2019-10-01
B017PW3L06,Cute Emoji Earrings Accessories Girl Studs Posts Sterling Silver Smile Face (Wink),2022-01,1,5.0,2022-01-01
B017UUONLO,Temptation of Eden Serpent Earring by Alchemy Gothic,2022-06,1,5.0,2022-06-01
B017VDXQEU,"SusenstoneChoker Necklace , Ethnic Vintage Bead Pendant Statement Necklace (Green)",2019-02,1,5.0,2019-02-01
B017VOSCKW,Baggallini RFID Flap Wristlet,2019-08,1,5.0,2019-08-01
B017VOSCKW,Baggallini RFID Flap Wristlet,2019-11,1,5.0,2019-11-01
B017WNTRBK,Regetta Jewelry Fashion Leather Dark Brown Adjustable Bracelet with Feather and Charms.,2019-04,1,5.0,2019-04-01
B017WYWFAE,"The Elder Scrolls Series Skyrim Symbol Pendant Necklace with 20"" Chain",2021-10,1,3.0,2021-10-01
B0180QQMJI,"Chicwe Women's Plus Size Sleeveless Dress with Waist Mock Tie 12, Navy",2020-11,1,3.0,2020-11-01
B0181ENSQ4,"925 Sterling Silver Christian Cross Religious Pendant Necklace 18"", Gift for Women Girls Teens",2019-06,1,5.0,2019-06-01
B0181ENSQ4,"925 Sterling Silver Christian Cross Religious Pendant Necklace 18"", Gift for Women Girls Teens",2020-07,1,5.0,2020-07-01
B0181V2H46,Doublju Womens Basic Long Sleeve Turtleneck Flared Tunic Top OLIVE 3XL,2019-04,1,5.0,2019-04-01
B0184T7YWA,Colortone Mineral Wash Green Hoodie S-3XL Long Sleeve Pockets No Zipper Co (XX-Large),2021-05,1,5.0,2021-05-01
B01879NS68,PH PandaHall 30pcs 6 Styles Ballet Theme Charms Antique Silver Alloy Pendants Charms for DIY Necklace Bracelet Jewelry Making,2020-07,1,5.0,2020-07-01
B0187OENQC,"New Town Creative Personalized Black Leather Key Chain - Best Gift for Dad, Father, Boyfriend, Groomsmen, Men (Black Keychain Only)",2021-09,1,3.0,2021-09-01
B0187OENQC,"New Town Creative Personalized Black Leather Key Chain - Best Gift for Dad, Father, Boyfriend, Groomsmen, Men (Black Keychain Only)",2022-04,1,5.0,2022-04-01
B0187OENQC,"New Town Creative Personalized Black Leather Key Chain - Best Gift for Dad, Father, Boyfriend, Groomsmen, Men (Black Keychain Only)",2022-10,1,5.0,2022-10-01
B0188OFUDQ,Michael Michael Kors Angelina Large Leather Shoulder Bag,2024-10,1,5.0,2024-10-01
B018FDJ18K,Eyekepper Readers Quality Metal Frame Spring Temples Round Reading Glasses Gunmetal +2.75,2021-09,1,5.0,2021-09-01
B018FMCY08,Creazy Beard Wig Hats Handmade Knit Warm Winter Caps Men Women Kid (Grey),2019-02,1,1.0,2019-02-01
B018G5599W,Ever-Pretty Womens Three-Quarter Lace Sleeves Floor Length Bridesmaid Dress 16 US Purple,2020-01,1,5.0,2020-01-01
B018IAKLBQ,ZANZEA Women Lapel Long Sleeve Button Pocket Stripe Blouse Striped 18,2021-03,1,5.0,2021-03-01
B018K11V44,GT Men's Cool Super Large Dial Quartz Steel Silicone Band Wrist Watch Green Pointer,2022-10,1,4.0,2022-10-01
B018KRRFL6,Lush Moda Seamless Full Length Leggings - Variety of Colors - Navy,2019-03,1,5.0,2019-03-01
B018KRRFL6,Lush Moda Seamless Full Length Leggings - Variety of Colors - Navy,2019-08,1,2.0,2019-08-01
B018MXM4VY,FORBUSITE Slouch Beanie Hats for Men Winter Summer Oversized Baggy Skull Cap (B101-brownish),2019-11,1,4.0,2019-11-01
B018P2PE1E,"Tagoo Multi Circles Vintage Brooch Fashion Safety Pin Clip in Crystal Pearl for Women&Girls, Wedding/Banquet/Bouquet",2019-12,1,5.0,2019-12-01
B018P2PE1E,"Tagoo Multi Circles Vintage Brooch Fashion Safety Pin Clip in Crystal Pearl for Women&Girls, Wedding/Banquet/Bouquet",2020-04,1,4.0,2020-04-01
B018SBS7JS,"Ekouaer Soft Bathrobe Women Kimono Sleepwear, Size Medium, Color Gray-100% Cotton",2019-03,1,4.0,2019-03-01
B018TZMT60,"DRSKIN Women's Open - Front Long Sleeve Knit Cardigan (Cardigan Black, 2XL)",2020-03,1,2.0,2020-03-01
B018VE791O,Urban CoCo Women's Floral Trimmed Wool Blend Cloche Winter Hat (Peacock Blue-Model A),2020-01,1,3.0,2020-01-01
B018VE791O,Urban CoCo Women's Floral Trimmed Wool Blend Cloche Winter Hat (Peacock Blue-Model A),2020-04,1,5.0,2020-04-01
B018VE793W,Urban CoCo Women's Floral Trimmed Wool Blend Cloche Winter Hat (Black-Model A),2022-05,1,5.0,2022-05-01
B018WI2INS,Majestic Stephen Curry Golden State Warriors NBA Men's Emoji T-Shirt (Small),2019-11,1,5.0,2019-11-01
B018WIJ8GS,Sterling Silver 8mm Gemstone Genuine Blue Topaz Stud Earrings,2022-05,1,5.0,2022-05-01
B018WJYDPI,Vans K Authentic Nintendo Princes Peach Size 6,2020-05,1,2.0,2020-05-01
B018XGAOIU,"SUNNOW Womens Black Sleeveless Evening Party Playsuit Ladies Lace Long Jumpsuit (XL=US 12-14, Black)",2019-08,1,3.0,2019-08-01
B018XTDQSM,Banithani Ethnic Indian Gold Plated Jhumka Jhumki Traditional Bollywood Earrings Jewelry,2019-03,1,4.0,2019-03-01
B018YFAL0G,Wild Flower Jewelry 18K Gold-Plated Round Disc Engraved Initial Pendant 18” Adjustable Necklace with Personalized Alphabet Letter (K),2019-07,1,5.0,2019-07-01
B0195J92SW,In Style Eyes Sellecks Designer Reading Glasses for Both Men & Women/Black/1.75,2019-10,1,3.0,2019-10-01
B0195MZ5S0,Plaid Ties for Men - Woven Necktie - Burgundy and Gray,2020-03,1,5.0,2020-03-01
B0198WEY34,Kenneth Cole Reaction Women's Remix Multi Pocket Crossbody Natural/Rose Gold Cross Body,2019-12,1,4.0,2019-12-01
B019C10TIA,Meaneor Women's Hip Hop Classic Pullover Long Hoodie Sweatshirts Jacket Black L,2019-03,1,5.0,2019-03-01
B019F4MFC2,Sunward Fashion Women Lace Padded Bra Bustier Strap Crop Tank Top Bralette (White Laced),2019-08,1,5.0,2019-08-01
B019FULL1C,"Jewels Fashion Hypoallergenic Surgical Steel Sliver Star Labret 5/16""",2022-09,1,5.0,2022-09-01
B019G52QSS,Reef Mens L Blue,2019-08,1,5.0,2019-08-01
B019N711NK,Unisex Barbarian Knit Beanie Octopus,2020-02,1,4.0,2020-02-01
B019N9OU4U,Cool Men Roll Knit Beanie Rectangular Winter Skullcap Top Hat B816 (B5050-Navy),2020-02,1,5.0,2020-02-01
B019ODS4QU,Anni Coco Women's 1950s Cap Sleeve Swing Vintage Party Dresses Grey Small,2019-06,1,3.0,2019-06-01
B019OO1GFU,Joeoy Women's Backless Half Sleeve High Low Pleated Dress Black-XL,2020-11,1,4.0,2020-11-01
B019P8Z41W,Mirror Lens Fashion Designer Sunglasses for Women,2020-09,1,1.0,2020-09-01
B019PS78AW,Eyekepper Kids Children Girls Cartoon Elsa Princess Cosplay Mesh Bubble Dress Blue,2021-11,1,5.0,2021-11-01
B019PS78AW,Eyekepper Kids Children Girls Cartoon Elsa Princess Cosplay Mesh Bubble Dress Blue,2023-02,2,5.0,2023-02-01
B019QVHJ70,"Dreams & Co. Women's Plus Size Knit Ombre Lounger - Pretty Aqua Ombre, 3X",2020-08,1,5.0,2020-08-01
B019RLHSM0,"Romastory Women's v-Neck Solid Sleeveless Knee Fitted Dress, Blue, Large",2019-05,1,5.0,2019-05-01
B019RPTD8S,"ReliBeauty Womens Color Block One Piece Bathing Suit (12-14, Navy)",2023-05,1,5.0,2023-05-01
B019SPX36U,"Myobe Women's V Neck Long Sleeve A-Line Dress (XL, Black)",2019-03,1,2.0,2019-03-01
B019SS1PI0,"ReliBeauty Women's Boy-Leg One Piece Swimsuit, Black-1, XL 8-10",2021-08,1,4.0,2021-08-01
B019U1XDYE,"AMORWING 8mm Womens Rose Quartz Variscite Stone Elephant Bracelet 7""",2020-08,1,5.0,2020-08-01
B019VY2CXS,"Ekouaer Thick Shawl Collar Turkish Bathrobe Knee Length Plush Wrap Robe (Gray, Large)",2019-05,1,2.0,2019-05-01
B019WB49KY,Women's Large Wide Brim Floppy Straw Hat Summer Beach Sun Hat w/ Bow Ribbon,2019-05,1,3.0,2019-05-01
B019WB49KY,Women's Large Wide Brim Floppy Straw Hat Summer Beach Sun Hat w/ Bow Ribbon,2019-06,1,5.0,2019-06-01
B019WB49KY,Women's Large Wide Brim Floppy Straw Hat Summer Beach Sun Hat w/ Bow Ribbon,2019-11,1,5.0,2019-11-01
B019X38PJM,Luvsox Women's Fashion Crew Love Socks (Type L (4 pairs)),2019-03,1,5.0,2019-03-01
B01A0420WQ,Giro Junction MTB Shoes - 2015 Performance Exclusive 44 BLACK/RED,2019-10,1,5.0,2019-10-01
B01A0TCH1U,ANGVNS Ladies Women Fashion Casual High Waist Flared Solid A-Line Long Skirt Black XL,2020-02,1,4.0,2020-02-01
B01A1PSIA2,JIAYIQI Modern Style Letters R Cabochon Cuff Links for Men Fancy Dress Shirt Cufflinks,2019-10,1,5.0,2019-10-01
B01A5LQHW8,"Miranda Hot Sleeveless Short Lace Evening Party Prom Beach Wedding Dress (8, Ivory)",2020-04,1,4.0,2020-04-01
B01A5UFPNG,Roswear Women's Sequin Gold Deep V Neck Keyhole Back Romper Party Clubwear Dress Black Medium,2019-09,1,3.0,2019-09-01
B01A5ZF1Y4,"Ultimate Grip Sports Headband - Quadruple Braided Headwear with No Slip Grip. Perfect for Running, Soccer, Softball, Basketball, Tennis, Volleyball, Yoga & Working Out.",2019-09,1,3.0,2019-09-01
B01A6MLINO,"Women Bohemian Neck Tie Vintage Printed Ethnic Style Summer Shift Dress (Large, Pattern 12)",2019-04,1,2.0,2019-04-01
B01A6MLINO,"Women Bohemian Neck Tie Vintage Printed Ethnic Style Summer Shift Dress (Large, Pattern 12)",2019-09,1,5.0,2019-09-01
B01A7JH628,"Clip-On Earrings - Silver Over Steel (10mm Pad, 6 pieces per pack)",2020-10,1,3.0,2020-10-01
B01A9DRFQY,Wacoal Women's Dual Control Underwire Bra,2019-10,1,2.0,2019-10-01
B01A9DRFQY,Wacoal Women's Dual Control Underwire Bra,2020-09,1,5.0,2020-09-01
B01A9DRFQY,Wacoal Women's Dual Control Underwire Bra,2020-11,1,4.0,2020-11-01
B01A9E12NA,"Emmalise Women's Flowey Lightweight Yoga Tank Top Tshirt - 2 Pk White Blue, L",2019-10,1,2.0,2019-10-01
B01AA1AJXQ,Miusol Women's Vintage 1940's Sleeveless Retro Style Rockabilly Evening Dress,2019-09,1,4.0,2019-09-01
B01ABB5H4Q,Co2Crea Hard Travel Case for ClearArmor 141001 Shooters Hearing Protection Safety Ear Muffs Folding by,2019-05,1,5.0,2019-05-01
B01ABPB8A4,S-2nd Generation Talking Watch - Dual-Tone Alarm Day-Date Women Watch (1155)(M106),2023-09,2,5.0,2023-09-01
B01ACL29YQ,PANDORA Dainty Bow Bangle Ltd Ed Boxed - SMALL 6.7,2021-04,1,3.0,2021-04-01
B01AHJET8W,Yollmart V-Neck Long Sleeve Bodysuit Jumpsuit Bodycon Rompers Maxi Dress-5047-XL,2019-07,1,3.0,2019-07-01
B01AIQ9OAM,"Sterling Silver Green Malachite Gemstone Vintage Marquise Shape Rope Edge Dangle Hook Earrings 1.4""",2020-01,1,5.0,2020-01-01
B01AJ763AE,Clothink Women Gray Cotton Spaghetti Strap V Neck Ruffle Wrap Loose Cami S,2020-05,1,2.0,2020-05-01
B01AJU6HQG,Womens Cozy 3 Pack Seamless Stretchy Wirefree Lace Trim Leisure Sports Sleep Bra blue pink purple 36D,2019-07,1,5.0,2019-07-01
B01ALB66LO,Women's Print Red Yellow Aztec Pattern Backless Halter Bodycon Long Maxi Dress S,2019-07,1,5.0,2019-07-01
B01AN3WM9K,"MIUSOL Women's Classicial Floral Lace Long Sleeve Slim Formal Mini Dress Wine Large, Wine, Large",2020-06,1,5.0,2020-06-01
B01ANATHS2,Perman Fashion Women Beautiful Rose Pattern Chiffon Shawl Wrap Stole Scarf Scarves (Gray),2025-03,1,5.0,2025-03-01
B01ANBAAHS,"X XHtang Men's Ratchet Belt with Genuine Leather, Slide Belt for men 1 3/8 inches Wide",2021-04,1,5.0,2021-04-01
B01ANKIM3S,"Cfanny Women's Cartoon Eyes and Tears Pattern Tight Crop Top,Multi,Medium",2019-10,1,5.0,2019-10-01
B01ARAAWAK,"Surenow Womens Retro 50s Halter High Waist Bikini Carnival Swimsuit Bathing Suit, X-Large, Burgundy",2019-09,1,5.0,2019-09-01
B01ARHXWMI,Shengdilu Women's OL Pencil Bodycon Cocktail Party Miusol Dresses Beige Size L,2021-03,1,3.0,2021-03-01
B01ARI7QLA,"Lowpricenice Sexy Irregular Splice Cotton Long Sleeve T Shirts Tops Blouse (XL, Khaki)",2019-05,1,3.0,2019-05-01
B01ARUW0FA,"SIEFERSN Fashion Design Women's Lambskin Touchscreen Gloves Winter Warm Leather Gloves 1154125038 (Large 7.5"", Black)",2022-01,1,5.0,2022-01-01
B01ASBIG2Y,Smartwool Striped Hike Medium Crew,2020-03,1,5.0,2020-03-01
B01AVHSF3A,"The Muppets Girls 6 pk Socks (6-8 Girls (Shoe: 10.5-4), True Love No Show)",2021-10,1,5.0,2021-10-01
B01AVHSF3A,"The Muppets Girls 6 pk Socks (6-8 Girls (Shoe: 10.5-4), True Love No Show)",2021-12,1,3.0,2021-12-01
B01AVKRVGO,ALPINESTARS Men's Wordmark T-Shirt,2024-10,1,4.0,2024-10-01
B01AVVLHPY,"Weanas 5 in 1 Fleece Hood, Snood, Scarf, Beanie, Neck Warmer, Ski Hat (Blue&Yellow)",2020-01,1,1.0,2020-01-01
B01AX2M8MW,Brooks Heritage Regent Deep Purple/Silver Chrome 9.5,2021-09,1,5.0,2021-09-01
B01AXWNGQO,Glassesshop Womens Cateye or High Pointed Eyeglasses Retro Vintage Celebrity Inspired-Brown,2019-07,1,5.0,2019-07-01
B01B1YE33S,"Silver Grey Chiffon Fluttering Triangular Shawl Wrap for Evening Dress by Lena Moro, One Size",2019-07,1,4.0,2019-07-01
B01B2B8FY8,"MAGIC TOWN Toddler Ballet Leotard for Girls Dance (2-4, Pink)",2020-10,1,1.0,2020-10-01
B01B2D2Z9M,4UGoods Men's Cycling MTB Bike Shorts Loose-fit Liner CoolMax Padded Short (XL),2019-10,1,3.0,2019-10-01
B01B3SHTAQ,Maximos Men's Guayabera Button Down Wedding Shirt-Black-Large,2019-11,1,3.0,2019-11-01
B01B6H33GS,SIBOSUN Retro Old Railroad Style Bronze Octagon Steampunk Mechanical Skeleton Hand-wind Pocket Watch,2020-10,1,1.0,2020-10-01
B01B98R2LQ,ROPALIA Women's Casual Chiffon Blouse Polka Dot Short Sleeve Shirt T-Shirt Tops Black,2019-05,1,5.0,2019-05-01
B01BCPPDVW,Mens 100% Silk Navy Blue Football Art of the Game Tie Necktie,2019-11,1,4.0,2019-11-01
B01BDV1YJA,Official Classic Street Fighter Snapback,2019-10,1,5.0,2019-10-01
B01BEEQ6OE,eBags Hyper-Lite Travel Packing Cubes - Lightweight Organizers - Super Packer 5pc Set - (OrangeYellow),2021-04,1,5.0,2021-04-01
B01BF33TZS,"Womens Stylish Faux Patent Leather Skinny Belt with Mini Bow Accent (XL(39.5""-43.5""), NeonPink)",2019-11,1,4.0,2019-11-01
B01BGMHUBM,Reading Glasses Bifocal Floral Pattern Crystal Readers (1.75 Brown),2020-09,1,5.0,2020-09-01
B01BKSF93S,Gem Stone King Gorgeous 18 Inch Octagon Cut Tiger Eye Loose Stone Beads Necklace with Lobster Clasp,2023-07,1,5.0,2023-07-01
B01BMUMN56,"May The Force Be with You Star Wars Inpsired Vinyl Cell Phone Decal for The iPhone or Android (White 2"" Wide)",2019-09,1,5.0,2019-09-01
B01BQ2EK6K,"Flesh tunnel Screw on ear gauge Available size 2g (6mm) to 1 3/16"" (30mm) Please Choose Style A>B>C>D or E (1 Pair ONLY)",2021-06,1,5.0,2021-06-01
B01BRDB2T6,"OURS Women Round Neck Sleeveless Cut Out Back Pockets Casual Romper Jumpsuit (M, Navy Blue)",2019-07,1,4.0,2019-07-01
B01BS7GO2Q,"Stainless Steel Bracelet Grooved Cuff Bangle, Silver Tone",2019-05,1,4.0,2019-05-01
B01BS7GO2Q,"Stainless Steel Bracelet Grooved Cuff Bangle, Silver Tone",2019-08,1,3.0,2019-08-01
B01BSM3C3K,"3C-LIFE Band 42mm Women for Apple iWatch,Genuine Leather Strap Wrist Band Replacement for Apple Watch All Models 44mm",2020-12,1,2.0,2020-12-01
B01BT6VGGA,"Stretch Maternity Leggings Seamless Solid Color Nursing Clothes Tights, Black, One Size",2019-09,1,2.0,2019-09-01
B01BT6VGGA,"Stretch Maternity Leggings Seamless Solid Color Nursing Clothes Tights, Black, One Size",2020-02,1,3.0,2020-02-01
B01BTVPLWA,Women's High Performance Warm Chunky Cushioned Thermal Ski Socks (Lilac),2020-04,1,5.0,2020-04-01
B01BUGI8QA,"Sterling Silver Italian 10.5mm Cuban Curb Link ITProlux Solid 925 Necklace Chain 24"" - 30"" (26)",2020-06,1,5.0,2020-06-01
B01BVF651A,"Anna Deluxe Headpiece Frozen Disney Tiara, One Size Child",2020-05,1,2.0,2020-05-01
B01BYMF2XM,Tom Waits T-shirt - I Like Beautiful Melodies (2X-Large),2019-12,1,5.0,2019-12-01
B01BZ0ELIU,12pcs Mickey and Minnie Inspired Headband Ears Birthday Party Favors,2022-04,1,5.0,2022-04-01
B01C00VARY,"Connectyle Mens Skull Embroidery Fitted Flat Bill Hats Cool Snapback Hip Hop Cap, Medium, Grey",2020-03,1,5.0,2020-03-01
B01C17NIM6,"Jzcky Shzrp Leather Valet Key Chain for Men and Women,Smart Gift Idea (Chrome)",2022-05,1,5.0,2022-05-01
B01C2PO7PE,Joeoy Women's Elastic Waist Ballet Layered Princess Mesh Tulle Midi Skirt,2022-12,1,3.0,2022-12-01
B01C2PO7PE,Joeoy Women's Elastic Waist Ballet Layered Princess Mesh Tulle Midi Skirt,2023-01,1,3.0,2023-01-01
B01C2RJRMK,Baby Kid Girl Swimsuits Bathing Polka Dots Bowknot Toddler One Piece Swimwear Tankini Dress S/2-3T Red,2022-06,1,5.0,2022-06-01
B01C2RJRMK,Baby Kid Girl Swimsuits Bathing Polka Dots Bowknot Toddler One Piece Swimwear Tankini Dress S/2-3T Red,2022-08,1,5.0,2022-08-01
B01C372EHE,"Polo Ralph Lauren Mens Polo Bear Pajama Set (M, Red)",2020-03,1,4.0,2020-03-01
B01C372EHE,"Polo Ralph Lauren Mens Polo Bear Pajama Set (M, Red)",2023-01,1,5.0,2023-01-01
B01C3A2C5K,Colored Organics Boys' Harlow Organic Slub Toddler V-Neck Tee Long Sleeve 3T Blue,2019-09,1,4.0,2019-09-01
B01C3KS0KG,"HrGlass Training Waist Cincher Training Belt (X-Large, Black)",2019-05,1,5.0,2019-05-01
B01C45C1TG,SUASI Womens Latest Metal Cat Eye Style with Mirror UV-400 Lens Wayfarer Sunglasses 8041 (Pink),2019-05,1,5.0,2019-05-01
B01C5LS9QI,EVALESS Women Tankini 2 Pieces Swimwear High Neck Bikini Swimsuit X-Large Blue,2021-06,1,2.0,2021-06-01
B01C5LSCDI,EVALESS Womens Tankini 2 Pieces High Neck Bikini Swimsuit Blue XXLarge Size,2019-12,1,5.0,2019-12-01
B01C6PV4EC,"Shouhengda Women Chiffon Lapel V-Neck Blouse Plaid Button Down Tops (US2/Tag S, Letter)",2020-03,1,5.0,2020-03-01
B01C6V718Y,NAWO Leather Handbags Tote Purse Shoulder Bags POP Art Style For Women Grey,2020-02,1,2.0,2020-02-01
B01C7UW6QQ,BIADANI Women Open Front Lightweight Cardigan Eggplant X-Large,2021-01,1,5.0,2021-01-01
B01C83CITM,"Shymay Women's Shapewear Tops Wear Your Own Bra Short Sleeve Crop Top Arm Shapers, Black1, Large",2020-01,1,4.0,2020-01-01
B01C83CITM,"Shymay Women's Shapewear Tops Wear Your Own Bra Short Sleeve Crop Top Arm Shapers, Black1, Large",2020-02,1,5.0,2020-02-01
B01C9XF4EW,Moge Mens Gym Tank Tops Bodybuilding Fitness Workout Vest Tanks,2019-10,1,4.0,2019-10-01
B01CCCQXK4,Enriko 3 Row Bridal Princess Stretch Sparkling Crystal Clear CZ Rhinestones Diamond Ankle Bracelet Anklet,2020-03,1,5.0,2020-03-01
B01CD8RU0O,"Kryptek Spartan Logo Hat, Color: Typhon, One Size (15logoht)",2022-04,1,5.0,2022-04-01
B01CDF3VNM,Spyder Boys Bug Out Socks,2020-02,1,5.0,2020-02-01
B01CDULTQI,Fly-love® 20pcs Stainless Steel Crystals Nose Studs Rings Bone Bar Pin Piercing Jewelry,2019-07,1,5.0,2019-07-01
B01CFHTM8Q,SoulBeads Crown Charm Pendant 925 Sterling Silver Dangling Bead for Charms Bracelet,2019-08,1,5.0,2019-08-01
B01CHGHFJS,Joeoy Women's Sexy Sheer Eyelash Lace Spaghetti Strap Crop Top Cami Bra,2022-02,1,5.0,2022-02-01
B01CHGHFJS,Joeoy Women's Sexy Sheer Eyelash Lace Spaghetti Strap Crop Top Cami Bra,2024-05,1,5.0,2024-05-01
B01CHI6NJO,"TEERFU Womens OL Mermaid Pencil Skirt Bandage Knee length Summer Vintage Dress, Puple, Free Size: Waist 25.20-33.46''",2020-12,1,3.0,2020-12-01
B01CJFF1MA,Womens 18k Gold Fashion Jewelry 3mm Stainless Steel Thin Wedding Ring CZ Zircon Engagement Promise Band,2020-05,1,2.0,2020-05-01
B01CL2YOH4,"RUNNING GIRL Ombre Yoga Pants Ultrasoft Performance Active Stretch High Waisted Running Leggings (S/M, Grey)",2020-08,1,4.0,2020-08-01
B01CNRRBN6,"Half Face Mens Phantom of the Opera Masquerade Mask for Masquerade Party, Mardi Gras, Venetian Party, Prom & Halloween",2020-10,1,4.0,2020-10-01
B01COSSVTM,"Toraway Blouses, Women Casual Polka Dots Long Sleeve Blouses Chiffon Shirt Tops (X-Large) Black",2019-05,1,1.0,2019-05-01
B01COSSVTM,"Toraway Blouses, Women Casual Polka Dots Long Sleeve Blouses Chiffon Shirt Tops (X-Large) Black",2020-01,1,2.0,2020-01-01
B01CQK6QUE,Goat of Mendes Sabbatic Devil Pentagram Satanic Baphomet Pagan Wicca Pendant 24 Inch Necklace,2019-11,1,4.0,2019-11-01
B01CQOQKGK,"Jstyle Jewelry Stainless Steel Womens CZ Stud Earrings Set Piercing, 8 Pairs 3MM",2021-07,1,3.0,2021-07-01
B01CQP9L0G,La Cera Women's 100% Cotton Woven Sleeveless Floral Lace Yoke Gown 1211G 2X White/Blue,2022-01,1,5.0,2022-01-01
B01CRF7KIA,"Del Rossa Womens Modal Knit Pajamas, Long Loose V-Neck Pj Set, XL Pink (A0412PNKXL)",2020-03,1,2.0,2020-03-01
B01CRVSMOK,Michael Michael Kors Greenwich Medium Perforated Leather Bucket Bag Navy,2019-11,1,5.0,2019-11-01
B01CRXC37A,"HOMEYEE Women's Celebrity Turn Down Collar Business Bodycon Dresses (XL, Carmine)",2020-01,1,4.0,2020-01-01
B01CS4NNK4,Dasein Women Barrel Handbags Purses Fashion Satchel Bags Top Handle Shoulder Bags Vegan Leather Work Bag Tote (Black),2022-01,1,5.0,2022-01-01
B01CS72TC4,"Ensnovo Womens 1950s Halter Floral Spring Garden Party Picnic Dress Pink, 1X",2019-07,1,5.0,2019-07-01
B01CU4ID2U,Women Fashion V-Neck 3/4 Sleeve Long Length Print Lace Dress Plus Size XXL-XXXXL,2019-11,1,1.0,2019-11-01
B01CVFNEY0,"Bentibo Women's Sleek Fit Yoga Pant Spandex Fitness Pant, Black/Grey, Small",2019-07,1,4.0,2019-07-01
B01CZSB5MQ,EFINNY Women Hollow Chiffon Blouse Leaf Printed Casual Tops Shirts,2022-02,1,3.0,2022-02-01
B01CZSB8H8,EFINNY Women's Ladies Leaf Pattern Chiffon Shirt Boat Neck Crochet Leaf Blouse Tops,2019-06,1,3.0,2019-06-01
B01CZSB8H8,EFINNY Women's Ladies Leaf Pattern Chiffon Shirt Boat Neck Crochet Leaf Blouse Tops,2020-05,1,5.0,2020-05-01
B01CZUHBEK,joyliveCY Women Charm Jewerly Pendant Rose Gold Plated Necklace Bicyclic Chain Necklace,2021-03,1,5.0,2021-03-01
B01CZUHBEK,joyliveCY Women Charm Jewerly Pendant Rose Gold Plated Necklace Bicyclic Chain Necklace,2021-04,1,4.0,2021-04-01
B01CZUHBEK,joyliveCY Women Charm Jewerly Pendant Rose Gold Plated Necklace Bicyclic Chain Necklace,2021-05,1,5.0,2021-05-01
B01CZUHBEK,joyliveCY Women Charm Jewerly Pendant Rose Gold Plated Necklace Bicyclic Chain Necklace,2021-07,2,5.0,2021-07-01
B01D19HATA,Men's Solid Color Bikini Brief Underwear(Pack of 5),2019-06,1,5.0,2019-06-01
B01D34VX3W,Milwaukee Leather MPM9510 Men's Black Water-Resistant Rain Suit with Hi Vis Reflective Tape,2023-12,1,5.0,2023-12-01
B01D34VX3W,Milwaukee Leather MPM9510 Men's Black Water-Resistant Rain Suit with Hi Vis Reflective Tape,2024-10,1,3.0,2024-10-01
B01D36NVGC,SOJOS Retro Fashion Cat Eye Women Sunglasses Metal Frame Mirrored Lenses SJ1002 with Gold Frame/Demi Brown Lens,2020-05,1,5.0,2020-05-01
B01D36NVGC,SOJOS Retro Fashion Cat Eye Women Sunglasses Metal Frame Mirrored Lenses SJ1002 with Gold Frame/Demi Brown Lens,2021-01,1,3.0,2021-01-01
B01D39L65M,"Dokotoo Womens Casual Chiffon Ladies V-Neck Cuffed Sleeve Blouse Tops Large White,White,(US12-14)L",2019-11,1,1.0,2019-11-01
B01D39L65M,"Dokotoo Womens Casual Chiffon Ladies V-Neck Cuffed Sleeve Blouse Tops Large White,White,(US12-14)L",2020-06,1,5.0,2020-06-01
B01D39L65M,"Dokotoo Womens Casual Chiffon Ladies V-Neck Cuffed Sleeve Blouse Tops Large White,White,(US12-14)L",2022-04,1,2.0,2022-04-01
B01D39LC06,"Dokotoo Womens Casual Chiffon Ladies V-Neck Cuffed Sleeve Blouse Tops X-Large Rose,Rose,(US16-18)XL",2019-08,1,5.0,2019-08-01
B01D39LC06,"Dokotoo Womens Casual Chiffon Ladies V-Neck Cuffed Sleeve Blouse Tops X-Large Rose,Rose,(US16-18)XL",2020-05,1,5.0,2020-05-01
B01D39LJ90,"Dokotoo Womens Casual Chiffon Ladies V-Neck Cuffed Sleeve Blouse Tops Medium Gray,Gray,(US8-10)M",2020-07,1,1.0,2020-07-01
B01D39LLCA,"Dokotoo Womens Casual Chiffon Ladies V-Neck Cuffed Sleeve Blouse Tops XX-Large Black,Black,(US18-20)XXL",2019-06,1,4.0,2019-06-01
B01D39LLCA,"Dokotoo Womens Casual Chiffon Ladies V-Neck Cuffed Sleeve Blouse Tops XX-Large Black,Black,(US18-20)XXL",2019-10,1,2.0,2019-10-01
B01D39LNUA,"Dokotoo Womens Casual Chiffon Ladies V-Neck Cuffed Sleeve Blouse Tops X-Large Gray,Gray,(US16-18)XL",2019-08,1,4.0,2019-08-01
B01D39LNUA,"Dokotoo Womens Casual Chiffon Ladies V-Neck Cuffed Sleeve Blouse Tops X-Large Gray,Gray,(US16-18)XL",2019-12,1,5.0,2019-12-01
B01D46PXRQ,Korotus Waist Trainer Latex Workout Corset Waist Cinchers Body shaper 2XL Black,2019-06,1,5.0,2019-06-01
B01D46USP8,"Mrignt Men's 100% Cotton Solid Polo Short Sleeve T-Shirt(Navy,XL)",2019-07,1,4.0,2019-07-01
B01D4GDANA,CISMARK® Lady's Chic Color Block V Neck Highwaist Wear to Work Dress White XL,2022-05,1,2.0,2022-05-01
B01D4LW7PM,LITTLE-GUEST baby-boys Boy Shorts,2020-08,1,5.0,2020-08-01
B01D60V7OS,Deargles Womens Dress in Sequins Short Sleeves SS16001 Gold 8,2020-07,1,1.0,2020-07-01
B01D60V7OS,Deargles Womens Dress in Sequins Short Sleeves SS16001 Gold 8,2020-11,1,5.0,2020-11-01
B01D60V7OS,Deargles Womens Dress in Sequins Short Sleeves SS16001 Gold 8,2021-02,1,5.0,2021-02-01
B01D61LJ90,Tenworld Women Summer Cotton Dress Boho Long Maxi Evening Party Dress (L = US 8),2019-06,1,3.0,2019-06-01
B01D866H5O,Girls Pajamas Cats Kids Cotton Clothes Oufit Toddler 2 Piece Shorts Set Grey 3T,2019-07,1,5.0,2019-07-01
B01D907A6O,Toros de Tijuana T shirt camiseta Baseball (xlarge),2020-07,1,5.0,2020-07-01
B01D94FEJA,Harry Potter Gryffindor Crest Cufflinks,2021-01,1,3.0,2021-01-01
B01D9S0GXU,Besteel Stainless Steel 6MM Mens Charm Necklace for Men Chain Link Punk Rock Biker 22 Inch,2019-06,1,5.0,2019-06-01
B01D9S0GXU,Besteel Stainless Steel 6MM Mens Charm Necklace for Men Chain Link Punk Rock Biker 22 Inch,2019-08,1,4.0,2019-08-01
B01DA0HCGG,"Women's Plus-Size Eyelash Lace Robe, Black, 1X/2X",2019-07,1,5.0,2019-07-01
B01DA30BIO,West Leathers Women's Leather Belt Leather Belts,2020-01,1,3.0,2020-01-01
B01DA30BIO,West Leathers Women's Leather Belt Leather Belts,2020-02,1,5.0,2020-02-01
B01DD0G6Z6,Sleepyville Critters Lucky Cat Maneki Neko Vegan Large Tote Handbag Purse Bag,2021-01,2,5.0,2021-01-01
B01DEKT7H4,"AshopZ Summer Women's Beach Bikini Swimwear Chiffon Cover Up Dress, Green",2019-06,1,5.0,2019-06-01
B01DEOOK36,"MYLSMPLE 100% Cotton Black Baseball Caps Cap Hats For Men Women Boys Girls Snapback Hip Hop Flat Hat Adjustable Baseball Cap, Adult (Black)",2020-07,1,4.0,2020-07-01
B01DF01R62,Bewell 100BG Wooden Watch Analog Quartz Light Weight Vintage Wrist Watch for Men (Red Sandalwood),2020-12,1,5.0,2020-12-01
B01DF01R62,Bewell 100BG Wooden Watch Analog Quartz Light Weight Vintage Wrist Watch for Men (Red Sandalwood),2021-05,1,5.0,2021-05-01
B01DF01R62,Bewell 100BG Wooden Watch Analog Quartz Light Weight Vintage Wrist Watch for Men (Red Sandalwood),2022-01,1,5.0,2022-01-01
B01DF01R62,Bewell 100BG Wooden Watch Analog Quartz Light Weight Vintage Wrist Watch for Men (Red Sandalwood),2022-04,1,3.0,2022-04-01
B01DJLTB4M,Favorite Characters Baby Boy's Disney Dory Slipper DOF201 (Toddler/Little Kid) Multi/Pink/Blue Medium M,2019-11,1,4.0,2019-11-01
B01DKMN5TW,Ninimour Women's Sleeveless Paisley Print Boho Beach Shorts Rompers Jumpsuit,2019-06,1,3.0,2019-06-01
B01DLXDS9M,"Honenna Women’s Reinforced Toe Semi Sheer Opaque Tights Panty Hose (XL, Black)",2019-08,1,5.0,2019-08-01
B01DN1F2BY,BIADANI Women Button Down Long Sleeve Crewneck Soft Knit Cardigan Sweater Coral2 3X-Large,2019-06,1,3.0,2019-06-01
B01DNEVJLS,Voguegirl Womens Ladies Sleeveless Embroidery Lace Blouses Shirts Tops Vest Pink XXXL,2019-07,1,3.0,2019-07-01
B01DNM6WYO,"Ekouaer Women's Full Busted Unlined Minimizer Underwire Bra(White,42G)",2020-04,1,1.0,2020-04-01
B01DP3DH30,Mother’s Day Gift ''External Love'' Water-drop Shape Crystal Pendant Necklace for Women,2019-06,1,5.0,2019-06-01
B01DPBP41A,Cat Eye Jewels 8mm Pearl Stud Earrings S925 Sterling Silver Button Ball White Shell Pearl Stud Earrings E04,2019-07,1,4.0,2019-07-01
B01DPBP41A,Cat Eye Jewels 8mm Pearl Stud Earrings S925 Sterling Silver Button Ball White Shell Pearl Stud Earrings E04,2019-08,1,5.0,2019-08-01
B01DPBP41A,Cat Eye Jewels 8mm Pearl Stud Earrings S925 Sterling Silver Button Ball White Shell Pearl Stud Earrings E04,2019-11,1,5.0,2019-11-01
B01DPH4ICU,"Cfanny Women's Lace Sleeves Mermaid Prom Evening Dress,Black,Small",2019-12,1,3.0,2019-12-01
B01DPZZDG2,Arua Glossy Silicone Wedding Ring for Women. Gift Bag and Silicone Keychain Included. Single Black Ring Size 6 (16.5mm diameter),2020-05,1,5.0,2020-05-01
B01DQMIAIM,Oureamod Women No Show Lace Hidden Boat Socks Beige 5 Pack,2020-01,1,5.0,2020-01-01
B01DSSR3R8,Aurora Women’s Classic Steel Quartz Watch With Black Band (Rose Gold),2020-01,1,3.0,2020-01-01
B01DSSR3R8,Aurora Women’s Classic Steel Quartz Watch With Black Band (Rose Gold),2020-08,2,3.5,2020-08-01
B01DTE1FEI,BodyJ4You Septum Hanger Fake Nose Ring Non-Piercing CZ Crystals Imitation Piercing,2019-05,1,5.0,2019-05-01
B01DW2IPEA,Dearlovers Women Plunge Neck Stretch Bandage Clubwear Mini Dress Small Black,2019-06,1,5.0,2019-06-01
B01DWIKHAO,Kate & Macy Clementine Design Best Friends Forever Bracelet Painted Glass Beads Rhinestones,2020-11,1,5.0,2020-11-01
B01DWLHQM8,Luggage 20 Inch and 28 Inch 2 Piece ABS Spinner Set - Orange - by Utopia Home,2020-05,1,3.0,2020-05-01
B01DZAAFZQ,Kwok Women's Summer Vest Top Short Sleeve Blouse Casual Tank Tops T-Shirt Lace (XXXL),2019-11,1,1.0,2019-11-01
B01DZWZHYI,"Leg Avenue Women's Costume, Purple, One Size",2021-01,1,3.0,2021-01-01
B01E14S07U,"Zattcas Women's v-Neck Geometric Strapless Long Maxi Dress, Navy, Medium",2020-10,1,1.0,2020-10-01
B01E4Q7KW6,Luna Flower GTEW099 Women's Cami Spaghetti Straps Tunic Tanktop With Lace Trim Aqua Large,2019-06,1,5.0,2019-06-01
B01E4VPMDA,Henoda Soft Silicone Replacement Watch Band for Samsung Gear S2 Smart Watch - Blue (Not Fit Gear S2 Classic SM-7320 Version),2022-12,2,4.0,2022-12-01
B01E6SB3FM,"Jfkstore Girls Latin Salsa Dance Shoes Ballroom,Heel 3.5CM,Beige,1M US,Little Kid",2020-12,1,1.0,2020-12-01
B01E6YQGNU,"BININBOX Unisex Kid Boys Girls Canvas Slip on Shoes for Toddler/Little Kids (13 M Little Kid, Blue)",2019-10,1,5.0,2019-10-01
B01E7014T4,"t shirts womans,Timeson Womens Curve Loose Fit Evening Blouse Shirts X-Large Blue",2019-10,1,3.0,2019-10-01
B01E77SEPE,"DANISH ENDURANCE Graduated Calf Compression Sleeves (Small, White)",2021-02,1,5.0,2021-02-01
B01E7EML2Y,"YFINE 2 Pair Cotton Waterproof Flat Waxed Shoelaces for Leather Boots Dress Shoes Laces Black 47.24""",2020-07,1,4.0,2020-07-01
B01E8ASYAK,Bolbove Crystal Dragonfly Keychain Sparkling Keyring Rhinestones Purse Pendant Handbag Charm,2020-06,1,5.0,2020-06-01
B01E8VGWB2,TianHengYi Women's Simple Style Dumpling Shape Nylon Cross-body Shoulder Bag Lightweight Messenger Bag Black,2019-07,1,5.0,2019-07-01
B01EBBUFGW,Gem Stone King Orange Red Cluster Faceted Crystal Earrings with Cultured Freshwater Pearl,2024-05,1,5.0,2024-05-01
B01EBBVQGU,Johnnie Lene Boys Solid Satin Long Tie From Baby to Teen,2021-09,1,5.0,2021-09-01
B01EBQKN1Y,ACEVOG Women Summer Sleeveless Crew Neck Sundress Beach Floral Casual Mini Dress Colorful M,2020-08,1,5.0,2020-08-01
B01EC05A12,Chellysun Women's V-neck Casual Short Sleeve T-shirt Blouse Tees Tops Grey Small,2020-01,1,4.0,2020-01-01
B01EG1KYPO,DADAWEN Women's Summer Breathable Athletic Casual Toning Sandals Rose Red US Size 7,2019-09,1,5.0,2019-09-01
B01EHHRJ1O,"OURS Women's Loose Round Neck Batwing Sleeve Color Block Long Maxi Boho Dress (M, Orange and Gray)",2020-04,1,4.0,2020-04-01
B01EHJUB5I,"Walant Womens Chiffon Robe Beach Dress Swimsuit Bathing Suits Bikini Cover-ups,Blue,One Size",2019-07,1,5.0,2019-07-01
B01EHUKCJW,"Missmay Women's Elegant Vintage 1940's Short Sleeve Plaid Swing Dress,Gray,X-Large",2020-05,1,5.0,2020-05-01
B01EHUKCJW,"Missmay Women's Elegant Vintage 1940's Short Sleeve Plaid Swing Dress,Gray,X-Large",2022-01,1,5.0,2022-01-01
B01EKN746U,"Underworks Econo High Power Chest Binder Tank - FTM, Non-Binary, Transgender",2023-02,1,2.0,2023-02-01
B01ELTZC6M,"ICSTH Womens Organza Kentucky Derby Church Party Floral Wide Brim Summer Hat, White, OS",2020-02,1,5.0,2020-02-01
B01EMM2M70,"Mordenmiss Women's Summer Two Layers Maxi Dresses (Medium, Short Sleeves Black)",2020-08,1,5.0,2020-08-01
B01EN4KVUM,"Tenworld Women Crew Neck Short Sleeve Striped Loose T-Shirt Mini Dress(S - XXXL) (L = US 8),Multicolor,Large",2019-09,1,4.0,2019-09-01
B01EN4KVUM,"Tenworld Women Crew Neck Short Sleeve Striped Loose T-Shirt Mini Dress(S - XXXL) (L = US 8),Multicolor,Large",2020-10,1,1.0,2020-10-01
B01EN6EO6M,Matel Aglets Shoelace Tips (Set of 4 Tips And Screws Includes Screwdriver),2022-02,1,5.0,2022-02-01
B01EN6KIWG,"Mosunx(TM) Women New Summer Vest Top Sleeveless Blouse Casual Tank Tops T-Shirt (XXXL, Multicolor)",2019-07,2,2.0,2019-07-01
B01EN6KIWG,"Mosunx(TM) Women New Summer Vest Top Sleeveless Blouse Casual Tank Tops T-Shirt (XXXL, Multicolor)",2019-09,1,1.0,2019-09-01
B01ENZHEF6,Cool Fun Colorful Funky Socks by The Dapper Way: Luxury Gift Set 7 pairs,2020-03,1,5.0,2020-03-01
B01ENZHEF6,Cool Fun Colorful Funky Socks by The Dapper Way: Luxury Gift Set 7 pairs,2020-06,1,5.0,2020-06-01
B01EQTIC1O,Susenstone Women Multilayer Irregular Pendant Chain Statement Necklace,2020-04,2,3.0,2020-04-01
B01ER0N31Q,"vanberfia Women's Casual Summer Women Blouse Tops Sleeveless Shirt (M, 6275)",2019-08,1,3.0,2019-08-01
B01ER3JWQ8,ZANZEA Women's Lace Crew Neck Transparent Mesh Long Sleeve Tops Shirt Blouse White US 12,2023-02,1,1.0,2023-02-01
B01ERXYCIQ,Strideline Athletic Crew Socks Feathered Elephant Bengal 1507211 Strapped Men's,2020-07,1,5.0,2020-07-01
B01ET49GDY,Kisscy Women's Halter Straps Strappy Braided One-piece Monokini Swimsuit L Black,2019-10,1,1.0,2019-10-01
B01ET8W42U,Laptop Briefcase Business Messenger Shoulder Bag for Men and Women- Large,2020-02,2,5.0,2020-02-01
B01EUBK86A,CLSL TM-V15-WHTZ_Medium Tesla Men's V Neck Sleeveless Cool Dry Compression Muscle Tank Baselayer V15,2019-11,1,5.0,2019-11-01
B01EUH6KBQ,Lacostew Women's Plus Size Loose 3/4 Sleeve Shirt V Neck Zipper T shirt Red Size XXL,2019-09,1,1.0,2019-09-01
B01EV7U598,ACEVOG Women's Bohemian Tunic Backless Mini Boho Dress,2019-12,1,4.0,2019-12-01
B01EXWIRIW,MOQUEEN Women's Sleeves Button Down Shirt with Stretch 1064(White XXXL),2021-01,1,4.0,2021-01-01
B01F0ECMQK,Sheriff Callie Girl's Flashing Lights LCD Watch,2020-07,1,3.0,2020-07-01
B01F3CAPT0,Pinup Vintage Hepburn's Style Dresses for Bride Size S BP08-2,2020-05,1,5.0,2020-05-01
B01F4U0T06,virblatt - Sleeveless Hoodie Women | Cotton | Sleeveless Shirt Hooded Rave top Hoodie Tank top Women Vest Beach - Mystisch Green S-M,2020-06,1,3.0,2020-06-01
B01F5CMRHQ,Fashion Dress Belt for Women Elastic Belt with Interlock Buckle Waist Bands,2019-06,1,5.0,2019-06-01
B01F6CUX9Y,"Avital Womens Cold Shoulder Asymmetrical Trapeze Shirt (Aqua Green Chevron, 2X)",2023-01,1,5.0,2023-01-01
B01F6F52QK,JJ Perfection Women's Short Sleeve Classic Slim Fit Bodycon Dress HCHARCOAL 2XL,2020-05,1,1.0,2020-05-01
B01F6MVRDU,"ZANZEA Ladies Cotton Linen A-line Split Hem Baggy Long Maxi Dress (US 16, Half Sleeve Army Green)",2020-11,1,2.0,2020-11-01
B01F8BWPB2,"SILKWORLD Men's Mesh Pocket Short Blue US Large Asia XXL Waist:36""-38""",2019-09,1,2.0,2019-09-01
B01F8LQ0RW,"Big Black Auto Open Close Umbrella For Unisex Windproof,Double Canopy",2019-10,1,4.0,2019-10-01
B01F8M4AMS,"Zeagoo Elegant Women Sleeveless Flare Fit Sundress Lace Chiffon Party Prom Dress, Navy Blue, XX-Large",2022-12,1,3.0,2022-12-01
B01F8NA60W,"Miusol Women's Casual 1920'S Style Skater Flare Print Party Swing Skirt,A-Navy Blue,Small",2019-10,1,5.0,2019-10-01
B01F9921QM,Women's Tunic Top Set - Clouds Of Lace 2 Piece Shirt And Vest - Teal - 2X,2020-06,1,4.0,2020-06-01
B01F9YNWJ2,Xcoser Deluxe Fett Helmet Re-Armored Halloween Cosplay Prop Coatume Accessories Collectors Edition,2021-03,1,5.0,2021-03-01
B01FBKXWY4,Paw Patrol Boys' Blue Boys Lighted Runner 5 Regular,2019-12,1,5.0,2019-12-01
B01FD764BI,"CHIC.U 1950's Vintage Cherry Printed Spring Party Picnic Dress Party Cocktail Dress,White,S",2020-03,1,5.0,2020-03-01
B01FDZSPS0,"4 Pack Zenana Women's Lace Trim Tanks Small Black, Black, White, Purple",2020-01,1,4.0,2020-01-01
B01FEID0VS,"Tough Cookie's Women's Sublimation Burnout Rainbow V-Neck Top (X-Large, Rainbow Sub)",2019-09,1,4.0,2019-09-01
B01FGC5ZXI,BIADANI Women Round Neck Button Down Soft Classic Knit Cardigan Sweater Navy 1X-Large,2020-12,1,5.0,2020-12-01
B01FH9BA98,MSBASIC Womens Versatile Open Front Lightweight Long Sleeve Bolero Shrug Large Black,2020-03,1,5.0,2020-03-01
B01FH9OZ6I,"HOMEYEE Women's Elegant Patchwork Sheath Sleeveless Business Dress B290 (S, Red)",2020-09,1,3.0,2020-09-01
B01FIG3AAM,"Outerstuff MLB Chicago White Sox Baby Boys Infants Peanuts Love Baseball Creeper, White",2023-03,1,5.0,2023-03-01
B01FJ3CXXO,DRESSIS Womens Knitted Sleeveless Cowl Neck Fitted Dress Navy M,2019-12,1,4.0,2019-12-01
B01FM6NJR2,"LifeVV Women's 3 Pairs Seamless Sheer Patterned Fishnet Pantyhose Tights (Style 4), One Size",2020-05,1,5.0,2020-05-01
B01FM6NJR2,"LifeVV Women's 3 Pairs Seamless Sheer Patterned Fishnet Pantyhose Tights (Style 4), One Size",2021-02,1,5.0,2021-02-01
B01FMF8SCE,Womens Comfy Elastic Waist Cotton&Linen Floral Culottes Wide Leg Pants Color 44 Size L,2020-05,1,5.0,2020-05-01
B01FMU3GQ2,Gypsy Jewels 3 Row Squares Multi Color Gold Tone Bib Statement Necklace Earrings Set,2020-04,1,5.0,2020-04-01
B01FNA5G00,SA106 Unique Oversized Cat Eye Hybrid Butterfly Sunglasses,2019-08,1,5.0,2019-08-01
B01FNA5G00,SA106 Unique Oversized Cat Eye Hybrid Butterfly Sunglasses,2019-10,1,5.0,2019-10-01
B01FNA5G00,SA106 Unique Oversized Cat Eye Hybrid Butterfly Sunglasses,2020-06,1,2.0,2020-06-01
B01FNA5G00,SA106 Unique Oversized Cat Eye Hybrid Butterfly Sunglasses,2020-09,1,5.0,2020-09-01
B01FNEKMB4,My Land Women's Floral Feather Bull Head Skull Print Top T Shirt Ivory L,2020-03,1,5.0,2020-03-01
B01FSHRM0U,Women's Sexy V Neck Halter Hollow Out One Piece Monokini Beachwear Bikini Swimwuits M White,2019-08,1,4.0,2019-08-01
B01FSHWF4S,"Women’s Funny Burnout Tank Top “Does Running Late Count As Exercise” RB Clothing Co Medium, White",2020-01,1,5.0,2020-01-01
B01FTBGFYY,Nine West Women's Kenten Black/Black Leather Sandal 8 M,2020-01,1,5.0,2020-01-01
B01FTIFBYW,"Besteel 24 Pcs Braided Leather Bracelet for Men Women Wooden Beaded Cuff Wrap Bracelet Adjustable (B:Black,8.5in)",2019-08,1,5.0,2019-08-01
B01FTXSB1C,"Lovaru Women's O Neck Feather Print Shirt Casual Cutout Sleeve Top Blouse,Green,Small",2019-08,1,5.0,2019-08-01
B01FUKQD2I,Y Shaped Lariat Necklace 2 Pack - Leaf - Silver and Gold Tone,2020-11,1,2.0,2020-11-01
B01FVKZ83W,"ACEVOG Women Sleeveless A-Line Party Cocktail Sundress Floral Bridesmaid Dress ,Rose Red ,X-Large",2019-09,1,5.0,2019-09-01
B01FVYUPG8,"ECOSUSI Vintage Canvas Leather 14.7"" Laptop Messenger Bag Men Satchel Briefcase Green",2019-07,1,5.0,2019-07-01
B01FX0TBAG,HaoDuoYi Women's V Neck Clubwear Casual Jumpsuit with Belt (M) Length-53.82-Bust-32.76-Waist-29.64 Blue,2019-11,1,4.0,2019-11-01
B01FYAJYQ6,Jack Mason Men's Chronograph Watch Nautical Black Italian Leather Strap JM-N102-025,2022-05,1,5.0,2022-05-01
B01FYZA9LU,"Women's Vogue Shoulder Off Wide Hem Design Top Shirt (3XL, 2 Blue)",2021-04,1,2.0,2021-04-01
B01G45VTB8,"2 Pack Zenana Women's Lace Trim Cami Tank Tops Small Black, H Beige",2019-10,1,1.0,2019-10-01
B01G4UPK8G,"Xi Peng Men's Contrast Color Button Down Closure Short Sleeve Shirts(Large, White)",2019-07,1,5.0,2019-07-01
B01G69OMKC,10 Pair Women Cotton Sneaker Low cut Summer Socks whiteS/M,2020-06,1,5.0,2020-06-01
B01G6SO23A,"Phoenix Women Naval Anchor Print Back Bow Sleeveless Shirt Blouse Tank Top,Pink,M",2021-07,1,5.0,2021-07-01
B01G9XYQ10,KALMORE Fashion Jewerly Women's Beautiful Elegant Crystal Flower Brooch Pin (Blue),2020-01,1,5.0,2020-01-01
B01GAR167C,HMaking Dazzling Evening Bag Crystal Hard Case Clutch Handbag Purse for Women,2019-11,1,5.0,2019-11-01
B01GD525SA,AStyles Vintage Inspired Half Tinted Frame Clear Lens Cat Eye Glasses,2021-04,1,4.0,2021-04-01
B01GD525SA,AStyles Vintage Inspired Half Tinted Frame Clear Lens Cat Eye Glasses,2021-05,1,5.0,2021-05-01
B01GD525SA,AStyles Vintage Inspired Half Tinted Frame Clear Lens Cat Eye Glasses,2024-07,1,5.0,2024-07-01
B01GEHA6LK,A.J. Morgan Grad School Round Sunglasses,2020-10,1,5.0,2020-10-01
B01GEHA6LK,A.J. Morgan Grad School Round Sunglasses,2021-01,1,3.0,2021-01-01
B01GEHA6LK,A.J. Morgan Grad School Round Sunglasses,2022-01,1,5.0,2022-01-01
B01GEHA6LK,A.J. Morgan Grad School Round Sunglasses,2022-06,1,1.0,2022-06-01
B01GGEERAC,everbrighting Women's 3-Pack Sports Bra with Removable Pads,2019-11,1,5.0,2019-11-01
B01GGXJ4B0,Doublju Womens 3/4 Sleeve Lace-Up Asymmetrical Tunic Top with Lace Trim Black Large,2019-10,1,5.0,2019-10-01
B01GHMCZBQ,EachWell Women Short Sleeve Oversize Floral Printed Dress Top Blouses Long Shirt,2020-07,1,5.0,2020-07-01
B01GKAEC6Q,Kalon 6 Pack Women's Hipster Brief Nylon Spandex Underwear,2019-12,1,5.0,2019-12-01
B01GKAEC6Q,Kalon 6 Pack Women's Hipster Brief Nylon Spandex Underwear,2020-01,1,5.0,2020-01-01
B01GKAEC6Q,Kalon 6 Pack Women's Hipster Brief Nylon Spandex Underwear,2020-03,1,5.0,2020-03-01
B01GKAEC6Q,Kalon 6 Pack Women's Hipster Brief Nylon Spandex Underwear,2020-04,2,5.0,2020-04-01
B01GKAEC6Q,Kalon 6 Pack Women's Hipster Brief Nylon Spandex Underwear,2020-05,1,5.0,2020-05-01
B01GKAEC6Q,Kalon 6 Pack Women's Hipster Brief Nylon Spandex Underwear,2020-06,1,4.0,2020-06-01
B01GKAEC6Q,Kalon 6 Pack Women's Hipster Brief Nylon Spandex Underwear,2020-07,1,5.0,2020-07-01
B01GKAEC6Q,Kalon 6 Pack Women's Hipster Brief Nylon Spandex Underwear,2020-08,5,4.4,2020-08-01
B01GKAEC6Q,Kalon 6 Pack Women's Hipster Brief Nylon Spandex Underwear,2020-09,1,4.0,2020-09-01
B01GKAEC6Q,Kalon 6 Pack Women's Hipster Brief Nylon Spandex Underwear,2020-11,1,5.0,2020-11-01
B01GKAEC6Q,Kalon 6 Pack Women's Hipster Brief Nylon Spandex Underwear,2020-12,1,4.0,2020-12-01
B01GKAEC6Q,Kalon 6 Pack Women's Hipster Brief Nylon Spandex Underwear,2021-02,1,5.0,2021-02-01
B01GKAEC6Q,Kalon 6 Pack Women's Hipster Brief Nylon Spandex Underwear,2021-03,1,5.0,2021-03-01
B01GKAEC6Q,Kalon 6 Pack Women's Hipster Brief Nylon Spandex Underwear,2021-04,2,4.0,2021-04-01
B01GKAEC6Q,Kalon 6 Pack Women's Hipster Brief Nylon Spandex Underwear,2021-07,1,3.0,2021-07-01
B01GKAEC6Q,Kalon 6 Pack Women's Hipster Brief Nylon Spandex Underwear,2021-08,1,5.0,2021-08-01
B01GKAEC6Q,Kalon 6 Pack Women's Hipster Brief Nylon Spandex Underwear,2021-09,2,4.5,2021-09-01
B01GKAEC6Q,Kalon 6 Pack Women's Hipster Brief Nylon Spandex Underwear,2021-10,1,3.0,2021-10-01
B01GKAEC6Q,Kalon 6 Pack Women's Hipster Brief Nylon Spandex Underwear,2021-11,1,5.0,2021-11-01
B01GKAEC6Q,Kalon 6 Pack Women's Hipster Brief Nylon Spandex Underwear,2021-12,1,5.0,2021-12-01
B01GKAEC6Q,Kalon 6 Pack Women's Hipster Brief Nylon Spandex Underwear,2022-01,1,5.0,2022-01-01
B01GKAEC6Q,Kalon 6 Pack Women's Hipster Brief Nylon Spandex Underwear,2022-03,1,2.0,2022-03-01
B01GKAEC6Q,Kalon 6 Pack Women's Hipster Brief Nylon Spandex Underwear,2022-04,1,4.0,2022-04-01
B01GKAEC6Q,Kalon 6 Pack Women's Hipster Brief Nylon Spandex Underwear,2022-05,1,5.0,2022-05-01
B01GKAEC6Q,Kalon 6 Pack Women's Hipster Brief Nylon Spandex Underwear,2022-12,1,5.0,2022-12-01
B01GKAEC6Q,Kalon 6 Pack Women's Hipster Brief Nylon Spandex Underwear,2023-06,1,5.0,2023-06-01
B01GKAEC6Q,Kalon 6 Pack Women's Hipster Brief Nylon Spandex Underwear,2024-09,1,5.0,2024-09-01
B01GKAEC6Q,Kalon 6 Pack Women's Hipster Brief Nylon Spandex Underwear,2025-11,1,5.0,2025-11-01
B01GKEFTVO,Hybrid & Company Womens Pull on Stretch Denim Skirt SK34224 Blue Acid 5,2020-08,1,3.0,2020-08-01
B01GPGSI8I,Jovivi Tree of Life Pendant Quartz Crystal Necklace Gemstone Chakra Jewelry,2019-08,2,4.5,2019-08-01
B01GPL6646,SYROKAN Women's Medium Impact Full Figure Racerback Wirefree Foam Support Sports Bra Purple - A101 38DD,2019-10,1,3.0,2019-10-01
B01GPYXN0S,Men's White Shirt Light Weight 100% Cotton Button Shirt Thai Hippie Beach Yoga Top (3XL),2021-05,1,4.0,2021-05-01
B01GQML3PG,NINEXIS Women's Round Neck Short Sleeve Dolman Top with Front Pleats BLACK XL,2019-08,1,5.0,2019-08-01
B01GS9V6KY,Basketball Heart Silver Basketball Necklace - Personalize With Your Jersey Number! (23),2021-05,1,5.0,2021-05-01
B01H0X4WXK,"Different Touch Men's G-unit Style Tank Tops Square Cut Muscle Rib A-Shirts, Pack of 2",2020-04,1,5.0,2020-04-01
B01H0X4WXK,"Different Touch Men's G-unit Style Tank Tops Square Cut Muscle Rib A-Shirts, Pack of 2",2022-05,1,3.0,2022-05-01
B01H0X4WXK,"Different Touch Men's G-unit Style Tank Tops Square Cut Muscle Rib A-Shirts, Pack of 2",2022-08,1,5.0,2022-08-01
B01H0X4WXK,"Different Touch Men's G-unit Style Tank Tops Square Cut Muscle Rib A-Shirts, Pack of 2",2023-01,1,5.0,2023-01-01
B01H0X4WXK,"Different Touch Men's G-unit Style Tank Tops Square Cut Muscle Rib A-Shirts, Pack of 2",2023-06,1,5.0,2023-06-01
B01H0X4WXK,"Different Touch Men's G-unit Style Tank Tops Square Cut Muscle Rib A-Shirts, Pack of 2",2023-08,1,5.0,2023-08-01
B01H0X4WXK,"Different Touch Men's G-unit Style Tank Tops Square Cut Muscle Rib A-Shirts, Pack of 2",2024-07,1,5.0,2024-07-01
B01H0X4WXK,"Different Touch Men's G-unit Style Tank Tops Square Cut Muscle Rib A-Shirts, Pack of 2",2024-09,1,5.0,2024-09-01
B01H0X4WXK,"Different Touch Men's G-unit Style Tank Tops Square Cut Muscle Rib A-Shirts, Pack of 2",2025-02,1,4.0,2025-02-01
B01H1HPT8C,"Besteel Vintage Style Stainless Steel Biker Rings for Men Bands Polished Black Ring, Size 7-14",2022-02,1,5.0,2022-02-01
B01H1WKB5S,iloveSIA 2PACK Women's Cropped Running Pants Leggings Blue+Rose US Size XL,2019-12,1,5.0,2019-12-01
B01H1WKE9G,iloveSIA 2PACK Women's Cropped Running Pants Leggings White+Rose US Size L,2019-10,1,4.0,2019-10-01
B01H24HH2K,CHOOSE YOUR COLOR Sterling Silver Thin Wedding Ring,2019-08,1,2.0,2019-08-01
B01H37S4LY,LUNIWEI Women Plus Size Buttock-Covered Trimming Lace Sleeveless Blouse Tops,2020-08,1,3.0,2020-08-01
B01H43ZDJS,"Zentron Crystal Collection: Tumbled Natural Citrine Stones Large 1"" Gemstones (1/2 Pound)",2023-06,1,1.0,2023-06-01
B01H4CXGHK,"Croakies The Originals CR16HT Retainers, 3/4"" x 16"", Navy, 2 pack",2019-08,1,5.0,2019-08-01
B01H4MA150,Astylish Womens Evening Dress Off Shoulder Flouncing Mermaid Formal Prom Gowns Medium Wine,2019-12,1,5.0,2019-12-01
B01H5TMHDG,G By Guess Byrone2 White 10,2021-10,1,5.0,2021-10-01
B01H74PGGY,"Elbon Boutique Women Short Sleeve Scoop Neck All Over Tie-dye Tunic Top , Charcoal , X-Large",2019-10,1,3.0,2019-10-01
B01HBOUA3Y,Patagonia Nano Puff Bivy Womens,2020-12,1,5.0,2020-12-01
B01HBS6034,925 Sterling Silver Marcasite Bay Ivy Leaves Leaf Vine Wrap Around Band Ring Size 7,2021-08,1,5.0,2021-08-01
B01HC3QGCS,Berne Deerslayer Advantage Timber Camo Hooded Jacket (CAMOFLAUGE 3X),2020-02,1,3.0,2020-02-01
B01HDXD96S,Lux Accessories Burnish Gold Nautical Your Always in My Heart Charm Keychain (2pc),2021-01,1,3.0,2021-01-01
B01HE3IZCU,"925 Sterling Silver CZ Script Initial Letter F Pendant Necklace, 16""",2022-04,1,4.0,2022-04-01
B01HEC6M0S,"MSBASIC Womens Versatile Open Front Lightweight Long Sleeve Bolero Shrug (Medium, Navy)",2019-11,1,5.0,2019-11-01
B01HEQJYEA,"Zeagoo Women's Summer Spaghetti Strap Sleeveless Beach Dress Swing Sundress,Purple,Small",2020-07,1,5.0,2020-07-01
B01HG4M0M8,Molodo Women's Big Handbag Genuine Leather Tote Shoulder Bags Lady Purse Black,2020-07,1,5.0,2020-07-01
B01HGMYCVC,Gear S2 Bands V-Moro Genuine Leather Crocodile Pattern Replacement band with Metal Silver Adapters Clasp Butterfly Buckle For Samsung Gear S2 Smart Watch (Leather White & Silver Adapter),2019-09,1,4.0,2019-09-01
B01HGT6HHC,FANCYINN® Women Crochet Floral Lace Sexy Halter Neck Cocktail Tank Top Vest Black S,2021-03,1,4.0,2021-03-01
B01HHTL9CY,Dynamique Helix 3 Spiral Stainless Steel Cartilage Piercing Pair (Thinner),2020-04,1,1.0,2020-04-01
B01HI9YG0U,Fashion Women Stainless Steel Watch Ladies Casual Watch Female Quartz Wrist Watches Pink,2020-02,1,5.0,2020-02-01
B01HI9YG0U,Fashion Women Stainless Steel Watch Ladies Casual Watch Female Quartz Wrist Watches Pink,2020-04,1,5.0,2020-04-01
B01HMBQWJ2,espere Lab Created Cushion Cut Pink Opal Rose Gold Tone Fashion Ring Size 7 in Gift Box,2019-12,1,5.0,2019-12-01
B01HON7VZM,"adidas Big Boys Youth Performance Climalite Shorts (Small 8, Dark Grey-White)",2023-05,1,2.0,2023-05-01
B01HQPQY4W,Mens Classical Leather Strap Analog Display Quartz Waterproof Fashion Watches (Brown),2020-05,1,5.0,2020-05-01
B01HREO00M,Lovely Creations Women's Drape Harem Aladdin Loose Elastic Waist Pants,2021-04,1,3.0,2021-04-01
B01HREO00M,Lovely Creations Women's Drape Harem Aladdin Loose Elastic Waist Pants,2023-11,1,5.0,2023-11-01
B01HSJI66A,adidas Women's Shoes | Courtset Sneakers,2020-07,1,5.0,2020-07-01
B01HU6BTHY,Embroidered Lake Hair Don't Care Washed Out Grey Trucker Cap Hat (Pink Anchor),2020-05,1,5.0,2020-05-01
B01HUFSJQE,"MICHAEL Michael Kors Ivy Bootie Peep Toe Perforated Booties, Black, 9.5 US / 40.5 EU",2021-01,1,3.0,2021-01-01
B01HUFSJQE,"MICHAEL Michael Kors Ivy Bootie Peep Toe Perforated Booties, Black, 9.5 US / 40.5 EU",2022-04,1,5.0,2022-04-01
B01HUGMB6C,Braided Halter Racerback Flowy Tank Top Olive Size L,2020-04,1,4.0,2020-04-01
B01HUOHVBY,ROVOS Cycling Gloves Mountain Bike Gloves Biking Gloves for Men/Women 5MM Shock Absorbing Pads Half Finger Sports Bicycle Gloves-for Workout Motorcycle Gym Training Outdoor,2021-08,1,5.0,2021-08-01
B01HUOHVBY,ROVOS Cycling Gloves Mountain Bike Gloves Biking Gloves for Men/Women 5MM Shock Absorbing Pads Half Finger Sports Bicycle Gloves-for Workout Motorcycle Gym Training Outdoor,2023-09,2,3.0,2023-09-01
B01HUOHVBY,ROVOS Cycling Gloves Mountain Bike Gloves Biking Gloves for Men/Women 5MM Shock Absorbing Pads Half Finger Sports Bicycle Gloves-for Workout Motorcycle Gym Training Outdoor,2024-03,2,5.0,2024-03-01
B01HUOHVBY,ROVOS Cycling Gloves Mountain Bike Gloves Biking Gloves for Men/Women 5MM Shock Absorbing Pads Half Finger Sports Bicycle Gloves-for Workout Motorcycle Gym Training Outdoor,2024-06,1,5.0,2024-06-01
B01HV9UM6E,"iPhone 6 Plus 6S Plus Case, Elftear LED Selfie Case Luminous Illuminated Light Up Back Cover Protective Skin for Apple iPhone 6 Plus iPhone 6S Plus (Hot Pink)",2020-02,1,5.0,2020-02-01
B01HW23VL8,Spiral - Womens - Dark Roots - Laceup Sleeve Top Black - L,2021-03,1,5.0,2021-03-01
B01HXM9GX4,Ancient Gold Silver Plated Hollow Geometric Leaves Tassel Dangle Earring (Gold),2020-07,1,5.0,2020-07-01
B01HY4NH6I,Z-joyee Womens 3 Pieces Pu Leather Shoulder Tote Bag Top-handle Handbags Wallet Purse Bags Set,2020-04,1,2.0,2020-04-01
B01HYWRFFY,Ninimour Womens Sleeveless Stripe Print Slim Fit Package Hip Bodycon Dress T L,2021-04,1,2.0,2021-04-01
B01HZJVUDE,Polarized Sports Sunglasses HiHiLL Cycling Glasses for Women Men Baseball Running Golf Fishing with 5 Interchangeable Lenses UV400 Protection TR90 Durable Frame,2021-02,1,1.0,2021-02-01
B01HZWO9FM,Bysn 100pcs 1.8mm Mix Colors Baby Elastic Hair Ties Bands Holders Headband,2020-11,1,5.0,2020-11-01
B01HZWO9FM,Bysn 100pcs 1.8mm Mix Colors Baby Elastic Hair Ties Bands Holders Headband,2021-04,1,5.0,2021-04-01
B01I0AVTYW,MOXY Socks Chicken Wings Crew Fitness Novelty Socks,2021-06,1,5.0,2021-06-01
B01I0ROKE6,iloveSIA Men's Jeans Straight Leg Classic Regular Fit Size 33 x 34L Black,2019-12,1,4.0,2019-12-01
B01I2MW8XO,"Japanese Anime Protagonist Socks, Anime 6 Pairs, One Size",2022-06,1,5.0,2022-06-01
B01I2UI7KO,Men's Classic Stitched Leather Dress Belt - Black (54) Single Pack,2020-02,1,5.0,2020-02-01
B01I32RNME,PAKULA Women's V Neck Romper Floral Print Short Jumpsuits Playsuit Blue Small,2020-03,1,1.0,2020-03-01
B01I59ZAKC,KOREA-JIAEN Pearl Earrings S925 Sterling Silver Plated Base Double Sided Stud Earrings Tassel Ear Line Eardrop (Style-2),2021-02,2,5.0,2021-02-01
B01I94J0X6,"Water Sports Skin Shoes Adult Kids Slip On Aqua Barefoot Beach Socks Surf Pool Durable Outsole (US M:9.5-10, W:10.5-11, Black)",2020-02,1,4.0,2020-02-01
B01I94J0X6,"Water Sports Skin Shoes Adult Kids Slip On Aqua Barefoot Beach Socks Surf Pool Durable Outsole (US M:9.5-10, W:10.5-11, Black)",2020-07,1,5.0,2020-07-01
B01IACALUS,Gypsy Jewels 5 Disk Filigree Wave Swirl Bib Statement Necklace & Dangle Earring Set,2024-02,1,5.0,2024-02-01
B01IAPKAJ2,zeroUV - Retro 80's Classic Colored Mirror Lens Square Horn Rimmed Sunglasses for Men Women (Matte/Red),2019-11,1,3.0,2019-11-01
B01ICIM5AY,GBSELL New Luxury Women Ladies Watches XINEW Stainless Steel Date Quartz Wrist Watch Rose Gold,2023-09,1,5.0,2023-09-01
B01IFI4DMY,Rich in Paradise Big Cat Tiger Face Gym Racer Back Mens Muscle Vest White,2020-01,1,5.0,2020-01-01
B01IFUEXP4,Dead Tired Women's Pajama Pants Bottom by LazyOne | Pajama Bottom for Women (X-Large),2021-01,1,5.0,2021-01-01
B01IFZMP18,FUSE+ Lenses for Persol 2931-S (55mm) G15 Polarized,2019-08,1,2.0,2019-08-01
B01IGQSQHI,BELLBESSON-Polarized Clip-on Flip up Clip Wayfarer Sunglasses Lenses TR90 Frame,2020-06,1,2.0,2020-06-01
B01IGQSQHI,BELLBESSON-Polarized Clip-on Flip up Clip Wayfarer Sunglasses Lenses TR90 Frame,2020-07,1,5.0,2020-07-01
B01IGQSQHI,BELLBESSON-Polarized Clip-on Flip up Clip Wayfarer Sunglasses Lenses TR90 Frame,2020-10,1,3.0,2020-10-01
B01IHHVL64,"Yogareflex Women's Tummy Control Fitness Workout Running Yoga Shorts (S-3XL) , White , XX-Large",2020-03,2,5.0,2020-03-01
B01IHHVL64,"Yogareflex Women's Tummy Control Fitness Workout Running Yoga Shorts (S-3XL) , White , XX-Large",2021-03,1,5.0,2021-03-01
B01IHKVK76,Qise Sexy Womens Faux Leather Elastic High Waisted Thick Black Slim Fit Leggings,2021-03,1,3.0,2021-03-01
B01IIWUCFY,"Body Embrace 6 Pack Women's Cotton Hipsters (Large, Flwr/DTS/Solids)",2019-11,1,5.0,2019-11-01
B01IK3L0N4,"18"" Cultured Freshwater Pearl Necklace Choker on Genuine Leather Cord with One Dyed Peacock Blue Pearl Bead Jewelry-Black Blue Necklace & Bracelet",2021-02,1,5.0,2021-02-01
B01IKK46UG,Men's Flip Flops Super Soft PU Rubber Summer Sandals Lightweight Rubber Sole Comfort Thongs(Brown45/10.5),2020-07,1,5.0,2020-07-01
B01IL17OFI,Vintage Pearl Earring AAA Zirconic Stud Earrings,2021-03,1,4.0,2021-03-01
B01INPAMHE,Small Rectangular Sunglasses Unisex Plastic Frame Spring Hinge Black UV 400,2020-07,1,5.0,2020-07-01
B01IO08OU0,CloudLine Merino Wool Ultra-Light Athletic Tab Ankle Running Socks - Small Granite,2020-03,1,5.0,2020-03-01
B01IOYO2CU,MIEIER Womens Elastic Waisted Embroidery Loose Wide Leg Pants Culottes-Beige,2020-07,1,5.0,2020-07-01
B01IR4TZXI,SheIn Women's Crew Neck Short Sleeve Hollow Shift Dress Large Pink,2021-07,1,1.0,2021-07-01
B01IRLVFY8,"Tommy Hilfiger Mens Custom Fit Chino Pants (34x30, Griffin Grey)",2019-12,1,5.0,2019-12-01
B01IT196G0,"Azbro Women Winter Outdoor Wool Blended Classic Pea Coat Jacket, Dark Green L",2020-03,1,2.0,2020-03-01
B01J0RWL4G,"MoKo Fitbit Blaze Band , Stainless Steel Replacement Smart Watch Band Link Bracelet with Double Button Folding Clasp for Fitbit Blaze Smart Fitness Watch, Watch NOT Included - COLORFUL",2020-06,1,5.0,2020-06-01
B01J0SC9J2,"Miusol Women's Floral Lace 2/3 Sleeves Long Bridesmaid Maxi Dress (X-Large, Navy Blue)",2021-02,1,5.0,2021-02-01
B01J1RF4JY,"Under Armour Boys' Alter Ego Crew Socks (YLG, Spiderman - Aluminum/Black)",2019-11,1,4.0,2019-11-01
B01J3N1U4O,"Sunnyhu Women's Pure Color Kimono Robe, Short (S, Red)",2021-10,1,4.0,2021-10-01
B01J3RY33A,Valpeak Fur Headband Scarves Knit Elastic Scarf Headbands Winter Fur Muffler Neck Warmer (Black),2019-11,1,5.0,2019-11-01
B01J3RY33A,Valpeak Fur Headband Scarves Knit Elastic Scarf Headbands Winter Fur Muffler Neck Warmer (Black),2020-12,1,3.0,2020-12-01
B01J46ZRA8,iLoveSIA Men's Casual Perfect Fit Short Flat Front Shorts Size 40 Dark Khaki,2020-05,1,1.0,2020-05-01
B01J5QTIGG,"Ewin E11 Polarized Sports Sunglasses with 4 Interchangeable Lenses for Men Women Golf Baseball Volleyball Fishing Cycling Driving Running Glasses, TR90 Unbreakable Frame, Waterproof, Anti-Fog Lens",2020-09,1,5.0,2020-09-01
B01J6D1ETM,Ocea Creations Mermaid Mood Ring - Get Instant Emotion Reading - with Purple Gift Box Great Gift for Girls,2021-10,1,5.0,2021-10-01
B01JBVIXXO,Seamless High Waist Leggings for Women-Fleece Lined 3 Pack (Black/Grey/Red),2020-02,1,5.0,2020-02-01
B01JBVIXXO,Seamless High Waist Leggings for Women-Fleece Lined 3 Pack (Black/Grey/Red),2020-03,1,5.0,2020-03-01
B01JBVIXXO,Seamless High Waist Leggings for Women-Fleece Lined 3 Pack (Black/Grey/Red),2020-05,1,4.0,2020-05-01
B01JBVIXXO,Seamless High Waist Leggings for Women-Fleece Lined 3 Pack (Black/Grey/Red),2020-07,1,5.0,2020-07-01
B01JBVIXXO,Seamless High Waist Leggings for Women-Fleece Lined 3 Pack (Black/Grey/Red),2021-03,1,5.0,2021-03-01
B01JCQY1P2,Mens Slim Wallet RFID Front Pocket Wallet Minimalist Secure Credit Card Holder,2020-04,1,5.0,2020-04-01
B01JET3NDI,Betsey Johnson Women's Dip Satchel w/Removable Floral Pouch/Black/Bone,2022-11,1,5.0,2022-11-01
B01JFFUB6S,"Sofra Women's 6 Pack Seamless Racerback Padded Bras (Pastel Colors, Free Size",2019-09,1,5.0,2019-09-01
B01JFFUB6S,"Sofra Women's 6 Pack Seamless Racerback Padded Bras (Pastel Colors, Free Size",2019-10,1,5.0,2019-10-01
B01JFNN9U0,Wearlizer Silicone Band Replacement Strap For Smart Watch Fitness Tracker Samsung Gear Fit2 - Black,2019-11,1,1.0,2019-11-01
B01JFP0DRA,Vivian's Fashions Yoga Pants - Extra Long (Misses and Misses Plus Sizes),2020-07,1,4.0,2020-07-01
B01JK91QD6,Thomas the Tank Engine 61239 Blue Rubber Rain Boot (10),2020-02,1,5.0,2020-02-01
B01JLIR79S,Lovne Milanese Loop Stainless Steel Bracelet Strap Band for Sport&edition Watch Band Replacement with Fully Magnetic Closure Clasp for Watchband Series 1&Series 2(Purple-42mm),2020-03,1,5.0,2020-03-01
B01JOFK2GI,FAYBOX Women Cotton No Show Liner Socks Low Cut Non Slip 3Pack 5 Pack Mix,2020-05,1,3.0,2020-05-01
B01JOIYFHM,Salwar Suit for Women Readymade,2021-07,1,2.0,2021-07-01
B01JREW016,DKmagic 6 PC Adult Womens Witch Hat Halloween Costume Accessory Cap,2019-10,1,5.0,2019-10-01
B01JUP0DLQ,AuntTaylor Womens Cardigans Solid High Low Long Sleeve Boho Open Front Blouses Cardigans,2020-01,1,3.0,2020-01-01
B01JUP0DLQ,AuntTaylor Womens Cardigans Solid High Low Long Sleeve Boho Open Front Blouses Cardigans,2020-02,1,3.0,2020-02-01
B01JUP0DLQ,AuntTaylor Womens Cardigans Solid High Low Long Sleeve Boho Open Front Blouses Cardigans,2020-04,1,1.0,2020-04-01
B01JUP0DLQ,AuntTaylor Womens Cardigans Solid High Low Long Sleeve Boho Open Front Blouses Cardigans,2020-08,2,3.5,2020-08-01
B01JUP0DLQ,AuntTaylor Womens Cardigans Solid High Low Long Sleeve Boho Open Front Blouses Cardigans,2020-10,1,2.0,2020-10-01
B01JUP0DLQ,AuntTaylor Womens Cardigans Solid High Low Long Sleeve Boho Open Front Blouses Cardigans,2020-12,1,4.0,2020-12-01
B01JUP0DLQ,AuntTaylor Womens Cardigans Solid High Low Long Sleeve Boho Open Front Blouses Cardigans,2021-01,2,3.5,2021-01-01
B01JUP0DLQ,AuntTaylor Womens Cardigans Solid High Low Long Sleeve Boho Open Front Blouses Cardigans,2021-10,1,5.0,2021-10-01
B01JUP0DLQ,AuntTaylor Womens Cardigans Solid High Low Long Sleeve Boho Open Front Blouses Cardigans,2021-11,2,3.0,2021-11-01
B01JUP0DLQ,AuntTaylor Womens Cardigans Solid High Low Long Sleeve Boho Open Front Blouses Cardigans,2021-12,1,2.0,2021-12-01
B01JUP0DLQ,AuntTaylor Womens Cardigans Solid High Low Long Sleeve Boho Open Front Blouses Cardigans,2022-07,1,1.0,2022-07-01
B01JUP0DLQ,AuntTaylor Womens Cardigans Solid High Low Long Sleeve Boho Open Front Blouses Cardigans,2023-03,1,5.0,2023-03-01
B01JYMWRQ4,"HIKA Women's Fashion Sleeveless Casual Long Maxi Tank Dress (X-Large, YBT6268-4)",2021-08,1,5.0,2021-08-01
B01JZ3NBEE,SheIn Women's Crew Neck Short Sleeve Hollow Shift Dress Small Yellow,2019-11,1,3.0,2019-11-01
B01K1JI9AW,Michael Kors Jet SetTote - Brown/Red,2020-07,1,5.0,2020-07-01
B01K1S57FS,"Shlax&Wing Multicolor Checks Necktie Wedding Ties For Men Silk Extra Long Size 57.5"" 63""",2020-12,1,4.0,2020-12-01
B01K3ZE8TU,BluShark The Original Premium Nylon Watch Strap 20mm Vintage Bond Premium Buckle,2020-01,1,5.0,2020-01-01
B01K562ZEW,AHG Womens Quality BECKS Athletic White Pink Crew Sock. 6 Comfort Cotton Sport,2020-01,2,3.0,2020-01-01
B01K8AK236,True Rock - Men's New York Baseball Shirts - White/Navy - X-Large,2020-08,1,4.0,2020-08-01
B01K8RQ3CI,Saucony Grid Escape TR2 Grey/Blue 8.5,2021-07,1,5.0,2021-07-01
B01KB12K0U,"Browning Men’s Aspen Western Boot Socks, Grey, Large, One Pair",2021-07,1,5.0,2021-07-01
B01KC2ZDLQ,WholesaleGemShop New Orgone Pendulum Positive Energy Meditation Relaxation,2021-08,1,4.0,2021-08-01
B01KFKZIVU,Nulibenna Women's Casual Autumn Thin V Neck Knit Pullover Solid Sweater,2019-11,1,2.0,2019-11-01
B01KLQN1BC,Thenice Women's Silk Flowers Wedding Evening Bags Clutch,2024-06,1,5.0,2024-06-01
B01KMOISVG,Maximos Men's Envy Hooded Full Zip Bomber Jacket-BlackA-Large,2021-03,1,5.0,2021-03-01
B01KMRWEZE,"Glasses Case Hard Shell + Microfiber Cloth | Eyeglass Case For Men, Women, Kids",2020-08,1,5.0,2020-08-01
B01KMRWEZE,"Glasses Case Hard Shell + Microfiber Cloth | Eyeglass Case For Men, Women, Kids",2020-11,1,4.0,2020-11-01
B01KMRWEZE,"Glasses Case Hard Shell + Microfiber Cloth | Eyeglass Case For Men, Women, Kids",2020-12,1,4.0,2020-12-01
B01KMRWEZE,"Glasses Case Hard Shell + Microfiber Cloth | Eyeglass Case For Men, Women, Kids",2021-01,1,5.0,2021-01-01
B01KMRWEZE,"Glasses Case Hard Shell + Microfiber Cloth | Eyeglass Case For Men, Women, Kids",2021-08,1,3.0,2021-08-01
B01KMRWEZE,"Glasses Case Hard Shell + Microfiber Cloth | Eyeglass Case For Men, Women, Kids",2022-08,1,5.0,2022-08-01
B01KMRWEZE,"Glasses Case Hard Shell + Microfiber Cloth | Eyeglass Case For Men, Women, Kids",2023-01,1,5.0,2023-01-01
B01KMRWEZE,"Glasses Case Hard Shell + Microfiber Cloth | Eyeglass Case For Men, Women, Kids",2023-02,1,3.0,2023-02-01
B01KMUYWXI,"PajamaMania Women's Stretchy Knit Short Sleeve Oversized Top and Pants Pajama Set, Pajama Set - Caribbean Blue, Small",2020-04,1,5.0,2020-04-01
B01KOKMMTM,"New 100% All Natural Jewelry Cleaner Solution | Naturally Derived Cleaning Gold, Silver & Platinum Clean",2020-11,1,5.0,2020-11-01
B01KOKMMTM,"New 100% All Natural Jewelry Cleaner Solution | Naturally Derived Cleaning Gold, Silver & Platinum Clean",2021-03,1,5.0,2021-03-01
B01KOKMMTM,"New 100% All Natural Jewelry Cleaner Solution | Naturally Derived Cleaning Gold, Silver & Platinum Clean",2022-08,1,1.0,2022-08-01
B01KP2S98C,Tony & Candice Women's Fleece Bathrobe Long Shawl Collar Plush Robe,2021-08,1,4.0,2021-08-01
B01KP2S98C,Tony & Candice Women's Fleece Bathrobe Long Shawl Collar Plush Robe,2022-12,1,5.0,2022-12-01
B01KP2S98C,Tony & Candice Women's Fleece Bathrobe Long Shawl Collar Plush Robe,2023-02,1,3.0,2023-02-01
B01KP2S98C,Tony & Candice Women's Fleece Bathrobe Long Shawl Collar Plush Robe,2024-06,1,5.0,2024-06-01
B01KRKNK86,"Converse Chuck Taylor All Star High Top Core Colors (10 D(M) US, Red)",2020-08,1,5.0,2020-08-01
B01KSK0S0S,"Compression Arm Sleeves (1 Pair) - Best Athletic Arm Sleeves - Best Protection for Lymphedema - Great for Football, Baseball, Running, Volleyball & Athletic Sports (Black, Small)",2020-10,1,5.0,2020-10-01
B01KT0ARWG,"Miusol Women's Classicial V Neck Retro Business Bodycon Pencil Dress (Large, Black)",2020-04,1,5.0,2020-04-01
B01KT0ARWG,"Miusol Women's Classicial V Neck Retro Business Bodycon Pencil Dress (Large, Black)",2020-06,1,5.0,2020-06-01
B01KWA8O6Y,[16274XR-BLK/BGE-2X] Womens Plus Size Cascading Cardigan: Long Sleeve Sweater,2020-05,1,4.0,2020-05-01
B01KYFDZCA,Sterling Silver 7-7.5mm White Freshwater Cultured Pearl Chain Necklace and Stud Earrings Set,2021-05,1,5.0,2021-05-01
B01L14QZCK,Bisonfield EM-800y Adjustable Padded Headband with Soft PVC Ear Cups - Yellow,2020-06,1,3.0,2020-06-01
B01L6EVBV0,"SUNNOW Women's V-Neck Long Sleeve Casual Loose T-Shirt Blouse Top (L, Blue)",2020-03,1,5.0,2020-03-01
B01L6EVBV0,"SUNNOW Women's V-Neck Long Sleeve Casual Loose T-Shirt Blouse Top (L, Blue)",2022-10,1,3.0,2022-10-01
B01L7EF62O,"CoCo fashion Women's Crew Neck Oversized Pullover Knit Sweater Dresses (Large, Wine red)",2020-07,1,5.0,2020-07-01
B01L8LPDEC,FM FM42 Vintage Style Courage Theme Christian The Bible Religious Inspirational Quote Pendant Necklace TN2616,2021-01,1,5.0,2021-01-01
B01L927OU6,BriLove Women 925 Sterling Silver Crystal Heart Shape Romantic Bead Charm Clear w/Amethyst Color,2019-10,1,5.0,2019-10-01
B01L9WZSI6,Allegra K Women's Plaids Long Sleeves Belted Mini A Line Shirt Dress Purple M (US 10),2020-12,1,4.0,2020-12-01
B01L9X0BAA,Allegra K Women's Sleeveless Cut Out Back Elastic Waist Romper M Burgundy,2020-08,1,5.0,2020-08-01
B01LA49UJG,Vera Bradley Large Duffel Bag (Parisian Paisley/ Black Interior),2020-12,1,5.0,2020-12-01
B01LA5KQH0,Fheaven Animal Zebra Leopard Print Pillow Case Sofa Waist Throw Cushion Cover Home Decor (B),2021-04,1,5.0,2021-04-01
B01LAUFVQ6,Microcosm Sexy Mesh Lingerie for Women Open Crotch Corest Fishnet Mini Dress (Style#2),2023-02,1,5.0,2023-02-01
B01LBSFOB4,American West Sterling & Brass Women's Cuff Bracelet Floral Leaf Design Size Small Medium Large,2021-12,1,4.0,2021-12-01
B01LBXDLE6,"Fashion Jeans for Women, Leggings with Denim Jeans Wash, Stretch Pants, Jeggings (Small/Medium, Blue Jeans)",2019-12,1,1.0,2019-12-01
B01LCFE0W0,"Qkettle Kids 20 Models LED Shoes Boys Girls Light Up Sneakers with Remote Control(26 M EU,Silver)",2020-02,1,5.0,2020-02-01
B01LCGBI9C,"Miusol Women's Vintage Floral Lace Cocktail Evening Party Dress,X-Large,Navy Blue and Black",2020-05,2,4.5,2020-05-01
B01LCGBI9C,"Miusol Women's Vintage Floral Lace Cocktail Evening Party Dress,X-Large,Navy Blue and Black",2020-06,1,4.0,2020-06-01
B01LEWS8CE,Unisex Mixed Color Wool Knitted Scarf Lovers Thickening Warm Extra Long Wrap Collar,2020-03,1,5.0,2020-03-01
B01LEZJ8KW,"Ekouaer Women's Seamless Microfiber Bikini Panties 2-4 Pack, Medium, Wine Red+rose Red",2020-09,1,5.0,2020-09-01
B01LG10FOM,Tree of Life Earrings -Tree of life Drop Wood Earrings - Tree Earrings - Tree of life Earrings Circle of Life,2021-01,1,5.0,2021-01-01
B01LG10FOM,Tree of Life Earrings -Tree of life Drop Wood Earrings - Tree Earrings - Tree of life Earrings Circle of Life,2022-08,1,5.0,2022-08-01
B01LLD91X6,Korean Version Women Black Lace Floral Mesh Sheer Leather Inset Tights leggings,2021-09,1,5.0,2021-09-01
B01LN7IB8G,"Long Way Silver Tone Chain Blue Glass Bead Charm Bracelet With Safety Chain 7.5""-8""",2020-02,1,5.0,2020-02-01
B01LN7IB8G,"Long Way Silver Tone Chain Blue Glass Bead Charm Bracelet With Safety Chain 7.5""-8""",2020-09,1,5.0,2020-09-01
B01LO5OF0A,"CHERRY CHICK Kid's Packable Down Hoodie (48 In, Blue-JT)",2021-02,1,2.0,2021-02-01
B01LPR3W42,"LIVEBOX Infant Toddlers Baby Girls' Soft Sole Anti-Slip Bow Mid Calf Warm Winter Pom Pom Prewalker Snow Boots Socks (L: 12~18 Months, Watermelon Red)",2020-04,1,5.0,2020-04-01
B01LVXSHYZ,DOUBLJU Womens High Waist Midi A-Line Skirt Black Medium,2022-02,1,2.0,2022-02-01
B01LW0LW7Q,Yonala Womens Irregular Hem Long Sleeve Dress Solid Bodycon T Shirt Mini Dress Army Green,2021-03,1,5.0,2021-03-01
B01LW18WAS,Vionic Hydra Navy 9.5,2020-01,1,4.0,2020-01-01
B01LW35YLY,"chouyatou Women's Casual Loose Fit Camouflage Print Twill Cargo Pants (XX-Large, Khaki)",2023-03,1,3.0,2023-03-01
B01LWCE3TE,Sugar Tessa Ankle Bootie,2021-04,1,5.0,2021-04-01
B01LWWHSJ0,"OUGES Women's Half Sleeve Flare Floral Lace Bow Cocktail Party Dress(Red,XL)",2020-10,1,2.0,2020-10-01
B01LWWV61G,"Women Flower Painted Imitated Silk Satin Square Scarf Head Neck Shawl 35""x35""",2022-01,1,5.0,2022-01-01
B01LX3VW55,"Ybenlow Women's Long Sleeve Button Up Stretchy Ribbed Henley Tee Shirt Top (Small, White)",2020-01,1,4.0,2020-01-01
B01LXAPK9O,"L-RUN Men's Waterproof Snow Boots with Fur Winter Casual Short Boots Outdoor (7.5 M US, Grey)",2020-07,1,5.0,2020-07-01
B01LXBS6FE,Hotouch Women's Casual A-Line Loose Midi Dress (Blue XL),2023-07,1,4.0,2023-07-01
B01LXC66DN,"Yala Cleo Gown (Large, Cranberry)",2020-08,1,5.0,2020-08-01
B01LXI4JMW,"Milumia Women's Button up Split Floral Print Vintage Long Slim Maxi Dress (Medium, Red)",2020-09,1,2.0,2020-09-01
B01LXP72K2,"Stellar Men’s Sports Beach Pool Indoor Outdoor Flip Flops Sandals Slippers (11, Gray)",2020-10,1,2.0,2020-10-01
B01LXTFHIB,RXBC2011 Bee Cufflinks Gift Boxed,2021-12,1,5.0,2021-12-01
B01LXWFYJF,Baoli Titanium Steel Rose Gold White Black Shell Roman Numerals Bracelet Link Chain for Women Adjustable,2023-01,1,1.0,2023-01-01
B01LY0457C,Distance Bracelet Black Matte Agate & White Howlite 8mm Beads His and Hers Relationship Friendship Couple Bracelets,2020-12,1,5.0,2020-12-01
B01LY414TJ,Good Life Mens Silk Hawaiian Shirt Camp Light Blue Floral Casual (XL),2021-08,1,5.0,2021-08-01
B01LYEZSZ2,DC Comics Harley Quinn Women's Pajama Super Minky Plush Fleece Sleep Pant (Small),2020-01,1,5.0,2020-01-01
B01LYIV5ME,FIBO STEEL 12 Pcs Leather Chain Necklace for Women Girls Choker Necklace Velvet Length Adjustable,2020-02,3,3.6666666666666665,2020-02-01
B01LYIV5ME,FIBO STEEL 12 Pcs Leather Chain Necklace for Women Girls Choker Necklace Velvet Length Adjustable,2022-01,1,5.0,2022-01-01
B01LZ6HTEU,Wink Gal Women's Vintage Double Buckle Belt Wide Elastic Stretch Cinch Waistband Black,2020-04,1,4.0,2020-04-01
B01LZ6PHOH,"RUUHEE Women Lovely Pattern Polka Dot Halter Bikinis Set Beach Wear Bathing Suit (L(US Size 6-8), B642)",2020-08,1,3.0,2020-08-01
B01LZ807I7,"James Fiallo Men's 12 Pairs Colorful Patterned Funky Dress Socks, Fits shoe 6-12 (sock size 10-13), M173-12",2020-08,1,4.0,2020-08-01
B01LZ807I7,"James Fiallo Men's 12 Pairs Colorful Patterned Funky Dress Socks, Fits shoe 6-12 (sock size 10-13), M173-12",2020-12,1,5.0,2020-12-01
B01LZB2050,Travelambo Genuine Leather RFID Blocking Wallets Mens Wallet Bifold Classic (vegetable tanned grey),2020-08,1,4.0,2020-08-01
B01LZLVS8A,"TownCat Women's Casual Yoga Pants Loose Pants Ladies Athletic Pants Comfy Leg Pants Tie Pants (XXL, Black)",2021-05,1,1.0,2021-05-01
B01M00LJEB,"Pinksee Women's Casual Long Sleeve Turtleneck beige Knit Pullover Sweater, Medium",2020-02,1,2.0,2020-02-01
B01M00LJEB,"Pinksee Women's Casual Long Sleeve Turtleneck beige Knit Pullover Sweater, Medium",2020-11,1,5.0,2020-11-01
B01M0EWMCS,"TOUTOUAI Womens Long Sleeve V-neck Collision Color Printed Top (Medium, SkyBlue)",2020-04,1,5.0,2020-04-01
B01M0QDF1J,Women's Cable Knit Visor Hat with Flower,2019-12,1,4.0,2019-12-01
B01M139U0D,Genuine Leather Belt Strap without Belt Buckle G2016-Dark BRN-M,2020-01,1,4.0,2020-01-01
B01M139U0D,Genuine Leather Belt Strap without Belt Buckle G2016-Dark BRN-M,2020-04,1,5.0,2020-04-01
B01M16KSXD,D.King Womens Leather Gloves Texting Touch Screen Gloves Thermal Lining Driving Mittens Purple,2021-03,1,5.0,2021-03-01
B01M17P1RQ,Bigyonger Women's Round Neck Slim Sleeveless Pleated Maxi Dress Grey,2020-07,1,4.0,2020-07-01
B01M198MT2,Woman Drawstring Pocket Sweatpants Available in Plus Size,2019-12,1,4.0,2019-12-01
B01M198MT2,Woman Drawstring Pocket Sweatpants Available in Plus Size,2020-02,1,5.0,2020-02-01
B01M198MT2,Woman Drawstring Pocket Sweatpants Available in Plus Size,2020-03,1,5.0,2020-03-01
B01M198MT2,Woman Drawstring Pocket Sweatpants Available in Plus Size,2020-12,2,3.0,2020-12-01
B01M198MT2,Woman Drawstring Pocket Sweatpants Available in Plus Size,2024-05,1,3.0,2024-05-01
B01M198MT2,Woman Drawstring Pocket Sweatpants Available in Plus Size,2024-08,1,2.0,2024-08-01
B01M1GFH65,"OUGES Women's Half Sleeve Flare Floral Lace Bow Cocktail Party Dress(White,XXL)",2020-05,1,4.0,2020-05-01
B01M1NDSV8,"chouyatou Women's Winter Fleece Lined Plaid Flannel Buttoned Shirt (X-Large, KU056)",2020-02,1,5.0,2020-02-01
B01M1R4280,Isotoner Womens Stretch Classics Fleece Lined Gloves One Size Camel,2020-05,1,5.0,2020-05-01
B01M1R4280,Isotoner Womens Stretch Classics Fleece Lined Gloves One Size Camel,2020-10,1,4.0,2020-10-01
B01M240QL5,Women's Blanket Winter Tartan Knitted Cardigans Scarf Shawl Poncho Cape (Khaki),2020-01,1,5.0,2020-01-01
B01M25G4I3,"Men's Premium Wool Blend Classic Flat Ivy Newsboy Collection Hat (Large, 1930-Brown)",2021-03,1,5.0,2021-03-01
B01M263KEA,Jovivi Vintage Antique Brass Honey Bee Bumble Bee Crystal Teardrop Water Drop Pendant Necklace Gift,2020-12,1,4.0,2020-12-01
B01M2BT7BQ,Pair of 14G Rose Gold Imitation Opal Elegance Nipple Barbell Ring,2020-02,1,3.0,2020-02-01
B01M2C4ZXQ,SweatyRocks Women's Drawstring Waist Long Workout Yoga Legging Active Pant XS,2020-04,1,3.0,2020-04-01
B01M3NRDL3,"Glamour Empire Women's Knee Length 3/4 Sleeve Viscose Circle Dress 282 (Blue Jeans, US 12, XL)",2021-03,1,2.0,2021-03-01
B01M3RZJBG,Sherosa Basic Lace Packet Long Sleeve Striped Shirts for Women White and Black,2019-12,1,5.0,2019-12-01
B01M3Y8A8T,Volkswagen Chrome Heart Key Chain Genuine Swarovski Pink Crystals Key Ring Fob Tag Holder,2020-10,1,5.0,2020-10-01
B01M4MWQ4U,"AnotherKiss Tie Clip Set 3 Pieces Mens 1.57 Inches Skinny Tie Clip, Three-Tone, Silver, Black, Rose Gold",2020-05,1,3.0,2020-05-01
B01M4N2954,Neff Men's NF0204-pink Old School Digital Design Soft PU Strap Watch,2019-09,1,4.0,2019-09-01
B01M4N2954,Neff Men's NF0204-pink Old School Digital Design Soft PU Strap Watch,2020-03,1,5.0,2020-03-01
B01M4RSBQW,"Oyaface 2 PCS Black Tunnels Set Screw Fit Plugs 8G-9/16"" 316L Stainless Steel Ear Gauges Expanders With CZ Stones Body Piercing 10mm",2022-01,1,5.0,2022-01-01
B01M5GA1UU,"FASHION ALICE Wolverine Logan Anime Cartoon Hero Character Series Modern Family Apron Couple Kitchen Aprons Funny Personality Sexy Originality Cooking Aprons Gift,Include A Bottle Opener",2021-09,1,3.0,2021-09-01
B01M68FAIK,RIVBOS Polarized Sports Sunglasses Driving Comfortable Sun Glasses for Men Women Tr 90 Flexible Frame for Cycling Baseball Running 840 (Black Ice Lens),2022-06,1,3.0,2022-06-01
B01M697JBF,CHARM IT! Ballerina Charm,2021-06,1,5.0,2021-06-01
B01M6UIXUP,MiYang Winter Comfy Fleece Lined Slipper Booties Red,2020-02,1,2.0,2020-02-01
B01M6USR8O,"National Lampoon Christmas Vacation Behold The Tree T-Shirt (Small, Heather Red)",2020-12,1,2.0,2020-12-01
B01M6W55IZ,Xuan2Xuan3 Women V Neck Loose Casual Oversized Baggy Chunky Knit Pullovers Sweater Tops Jumpers Beige,2021-03,1,1.0,2021-03-01
B01M732RC3,erioctry Women's Winter Infinity Scarf Knitted Thicken Neckerchief Neck Long Scarf Shawl Soft Warm Scarves (Beige),2021-02,1,5.0,2021-02-01
B01M7SFXDA,"Pop Fashion Womens 18k Gold Pendant Necklace with Swarovski Crystals, Luxury Modern Pave Crystal Necklaces with Round Stones - MSRP $59.99",2020-06,1,5.0,2020-06-01
B01M7T5EE0,MyLeggings Printed Leggings Holiday/Winter Collection - Dark Blue Snowflake - XL,2020-01,1,5.0,2020-01-01
B01M7ZUW5U,Gazebo Green Traditional Plaid Formal Wedding Necktie (Deep Purple & Teal),2020-04,1,5.0,2020-04-01
B01M8GISRW,BALEAF Women's Soft Lightweight Cowl Back Workout Yoga Sleeveless Shirts Grey Size M,2020-11,1,4.0,2020-11-01
B01M8O78OE,Baby Boys Dinosaur Shirt Bowtie Clothes Suspender Clothing Set Denim Jeans (90(12-18month)),2020-06,1,4.0,2020-06-01
B01M9C4CWI,Fluffy Rabbit Fur Ball Keychain for Car Key Ring Handbag Tote Bag Pendant Charm,2021-02,1,5.0,2021-02-01
B01M9I0BTB,Sterling Silver Paved CZ Dome Ring,2020-07,1,5.0,2020-07-01
B01MA12RSZ,Moda Di Raza Adjustable bow tie For Men| Classic bowties men pre-tied |Wedding and Formal Occasion,2021-06,1,3.0,2021-06-01
B01MAXW9NN,Unisex Winter Costume Knitted Crochet Pumpkin Skiing Snowboarding Beanie Hat Cap Yellow,2025-12,1,4.0,2025-12-01
B01MCT3S3H,ZHIHONG Women Summer Beach Dress Party Short Sleeve Stripe Blouse Mini Sundress (Medium) Blackwhite,2020-04,1,4.0,2020-04-01
B01MCT3S3H,ZHIHONG Women Summer Beach Dress Party Short Sleeve Stripe Blouse Mini Sundress (Medium) Blackwhite,2021-01,1,3.0,2021-01-01
B01MEFXZUE,QIYUN.Z Woman Ladies Fashion Choker Sweater Necklace Long Pendant Jewelry,2020-07,1,4.0,2020-07-01
B01MEGPFCM,NewCharms Custom Medical Alert Italian Charm Bracelet Jewelry Link,2022-05,1,5.0,2022-05-01
B01MEHUGUG,Fhillinuo Faux Fur Hooded Trim Layers Poncho Cape Sweater Cloak Coat for Women Black,2020-02,1,2.0,2020-02-01
B01MFBSE3W,UGG Men's UGGpure Replacement Insole Natural 11 D US,2021-07,1,5.0,2021-07-01
B01MFEZJWF,Cole Haan Women's 4 Pack Cushion Sole Roll Top Crew Socks (Black/Grey/White),2020-03,1,5.0,2020-03-01
B01MFEZJWF,Cole Haan Women's 4 Pack Cushion Sole Roll Top Crew Socks (Black/Grey/White),2020-05,1,5.0,2020-05-01
B01MG0IP6B,FAPIZI ♥ Women Coat ♥ Women Celebrity Windbreaker Casual Cardigan Tops Outwear Jacket Coat,2021-02,1,1.0,2021-02-01
B01MG1L5HV,Meaneor Women's Workout Tee Long Sleeve Running Gym Sports T-Shirt Fast Dry Purple M,2020-04,1,4.0,2020-04-01
B01MG789MC,Theplus Women Pullover Hoodie Basic Long Sleeve Shirt (Solid / Printed) XL Printed-Wine Red,2020-01,1,5.0,2020-01-01
B01MG7J9KP,"Meaneor Women Short Sleeve Boho Long Beach Summer Dress Floral Maxi Dress, Pink/L",2021-03,1,5.0,2021-03-01
B01MQ48O9M,Allegra K Women's Dolman Sleeves Round Neck Striped Dolphin Hem Top Green XL (US 18),2024-04,1,5.0,2024-04-01
B01MQXNFBL,MISSKY Black Dresses for Women Long Sleeve Lace Dress Knee Length Loose Causal Dress Black XL,2020-04,1,5.0,2020-04-01
B01MR4ROSB,"Thirsty Tee, Vintage Black, Small",2020-05,1,5.0,2020-05-01
B01MR9880V,Studio RTA Producer Station Black,2023-07,1,5.0,2023-07-01
B01MRHMS12,MISMXC Sexy G-string Open Crotch Lace Transparent Lingerie pearl Thongs (Blue),2020-02,1,5.0,2020-02-01
B01MRJZMZA,"adidas NBA Mens Athletic Basic Graphic Long Sleeve Tee, Miami Heat - White #1",2022-04,1,5.0,2022-04-01
B01MRP09L8,"Nulibenna Bandage Cross Criss Halter High Waisted 2 Piece Bikini Swimsuit,Black 3,Large",2020-08,1,5.0,2020-08-01
B01MRRKRCK,"Darn Tough 1951 Men's Merino Wool Via Ferrata Micro Crew Cushion Socks, Maroon, Large (10-12)",2023-07,1,5.0,2023-07-01
B01MRS2APJ,"Sharkleap 3 Pieces Sterling Silver Cat Rings, Kitty's Paw Ear Ring Set",2022-02,1,5.0,2022-02-01
B01MRS2APJ,"Sharkleap 3 Pieces Sterling Silver Cat Rings, Kitty's Paw Ear Ring Set",2025-04,1,4.0,2025-04-01
B01MRZYK03,speerise Girls Unitards Gymnastics Long Sleeves Full Body Toddler Ballet Leotards for Kids Costumes,2022-11,1,2.0,2022-11-01
B01MRZYK03,speerise Girls Unitards Gymnastics Long Sleeves Full Body Toddler Ballet Leotards for Kids Costumes,2025-03,1,4.0,2025-03-01
B01MS5KNTB,Lovaru Women's Fashion Elegant Bird Print Blouse Long Sleeve Casual Slim Shirts Multi-XL,2021-09,1,2.0,2021-09-01
B01MS5XQRW,2 Pairs Womens Slipper Socks Fuzzy Fleece Sherpa Fluffy Socks Cozy Winter Warm Thick Christmas Sock With Gripper,2020-04,1,5.0,2020-04-01
B01MSLQOHX,"ODODOS Power Flex Yoga Pants Tummy Control Workout Non See-Through Leggings with Pocket,Black,XX-Large",2022-06,1,3.0,2022-06-01
B01MSN64SG,Ladies Racerback Tank Worth The Whiskey Cute Country Song Music Tee Black XL,2021-11,1,3.0,2021-11-01
B01MSNF8DT,Fashion Lace Tassel Sheer Burntout Floral Print Triangle Mantilla Scarf Shawl,2021-02,1,5.0,2021-02-01
B01MSQTEUS,"Oyanus Women's Casual 3/4 Sleeve Color Block High Low Plain T-Shirt Dress,Cream/Tan/Black M",2020-03,1,1.0,2020-03-01
B01MSVZFAU,THE NORTH FACE Denali Etip Glove - Men's,2022-01,1,2.0,2022-01-01
B01MT1W9T8,ack of 5 Womens,2020-03,1,5.0,2020-03-01
B01MT9GMJ6,ZAY Women Porcelain Print Flare Sleeveless Vintage Floral Dress XS 6008hong,2020-07,1,2.0,2020-07-01
B01MTEPLDC,Rampage Ruby Tasselled Open Toe Dress Shoe Heeled Sandal 8 Taupe,2021-04,1,5.0,2021-04-01
B01MTMR4KC,"Belt for Men -Trimmed to Fit- Top Class Genuine Leather Men's Belt (34-38, Brown)",2020-10,1,3.0,2020-10-01
B01MTYGM75,Champion Women's Double Dry Performance Tank with FreshIQ,2022-10,1,5.0,2022-10-01
B01MU84X0M,NYDJ Women's Petite Ponte Ankle Pant,2021-12,1,4.0,2021-12-01
B01MU84X0M,NYDJ Women's Petite Ponte Ankle Pant,2022-05,1,5.0,2022-05-01
B01MU88J7R,Hilor Women's Retro Pin UP Ruched Halter Floral Tankini Set Swimsuit Purple Flower 16,2020-03,1,5.0,2020-03-01
B01MUBEGWC,Reading Glasses Women 4 Pack Stylish Design Readers Great Value Quality Glasses for Reading +1.75,2020-08,1,1.0,2020-08-01
B01MUBEGWC,Reading Glasses Women 4 Pack Stylish Design Readers Great Value Quality Glasses for Reading +1.75,2021-08,1,5.0,2021-08-01
B01MUCMLZH,"Painful Pleasures 14g - 12g Internally Threaded Opal Replacement Ball - 8mm - Price Per 1-8mm ~ 5/16""-Hot Pink (55)",2022-08,1,5.0,2022-08-01
B01MXHNZO5,Molly Glitz 14k Gold-Plated Leverback Dangle Earring with Crystals,2021-03,1,5.0,2021-03-01
B01MXI7GLT,The North Face 300 Tundra Full zip Mens Feece Jacket (L),2021-02,1,5.0,2021-02-01
B01MXV3DTG,Vera Bradley Women's Lighten Up Slim Crossbody Havana Hot Spots Crossbody Bag,2020-04,1,5.0,2020-04-01
B01MXYXKDH,Meaneor Women Retro Sweetheart Rockabilly Picnic Swing Bridesmaid Dress(Green/S),2020-12,1,5.0,2020-12-01
B01MY62F1Z,Men's Watches Luxury Sports Casual Dress Business Watch Quartz Analog Waterproof Chronograph Date Wristwatch Genuine Leather Strap Black Color,2021-01,1,5.0,2021-01-01
B01MYFTGTB,Minnetonka Ratan Women US 10 W Black Thong Sandal,2020-09,1,3.0,2020-09-01
B01MYSICEK,"14GA 316L Stainless Steel CZ Set Filigree Heart and Dangling CZ Tear Drop Nipple Rings, Sold as a Pair (Gold Tone)",2021-09,1,5.0,2021-09-01
B01MZ2782X,JJ Perfection Women's Short Sleeve Basic Henley Deep V-Neck Button Placket T-Shirt LIGHTPINK XL,2020-02,1,4.0,2020-02-01
B01MZ724AD,"ANGVNS Women Vintage Styles Boat Neck Half Sleeve Bodycon Dress, Rose Red, XXL",2022-08,1,4.0,2022-08-01
B01N02QK4U,"SheIn Women's Button Front Denim A-Line Short Skirt -, Dark Blue, Size Large",2021-11,1,2.0,2021-11-01
B01N08GKDK,Custom Peru Soccer Ball 2 Adult Jersey Personalized with Your Names and Numbers,2022-01,1,1.0,2022-01-01
B01N0U803E,SoulBreezeCollection Sparkling White Star Stud Post Earrings Clear Rhinestones Fashion Jewelry,2021-07,1,5.0,2021-07-01
B01N0U803E,SoulBreezeCollection Sparkling White Star Stud Post Earrings Clear Rhinestones Fashion Jewelry,2023-05,1,5.0,2023-05-01
B01N12547J,"Men's Blue Biker Moto Skinny Ripped Destroyed Distressed Stretch Fit Denim Jeans, Blue, 38W",2020-09,1,5.0,2020-09-01
B01N1TY1LZ,"Huiyuzhi Women's One Shoulder Ruched Tankini Bikini Set Swimsuit,Black,X-Large",2020-09,1,2.0,2020-09-01
B01N21T45S,"Women's Organic Cotton Palazzo Pants in Blue by Tropic Bliss, Blue, Small",2020-11,1,5.0,2020-11-01
B01N25Q1M0,Barbra Lingerie Women's 6 Pack Seamless Stretch Comfort Boy Shorts Panties,2021-04,1,3.0,2021-04-01
B01N2JWF6D,Clothin Women's Boardshort Black US L,2020-12,1,4.0,2020-12-01
B01N2SQTVO,"CHuangQi 20 pcs Mouse Ears Headband, Solid Black and Red Bow Headband for Boys and Girls Birthday Party or Celebrations",2020-09,1,5.0,2020-09-01
B01N2UCRBN,"Nike Girl's Flex Contact (TDV) Running Shoes (9 Toddler M, Hyper Grape/White/Purple Agate)",2022-07,1,5.0,2022-07-01
B01N2W16AO,"Wallaroo Hat Company Women’s Naples Fedora – UPF 50+, Colorful, Designed in Australia, Black",2022-05,1,5.0,2022-05-01
B01N2W16AO,"Wallaroo Hat Company Women’s Naples Fedora – UPF 50+, Colorful, Designed in Australia, Black",2023-09,1,1.0,2023-09-01
B01N2ZTO2C,"TownCat Women's Modal Comfy Straight Sleek-fit Slacks Yoga Pants (HP, 4)",2020-09,1,5.0,2020-09-01
B01N3MNLUE,Hengzhi Men's Warm Hats Winter Lined Soft Kniting Thick Caps Cool Skull Outdoor,2020-03,1,5.0,2020-03-01
B01N3OSQQS,Qmcandy 24pcs-100pcs 20G Nose Rings Studs Nose Rings Hoop Fashion Piercings Hoop Jewelry Stainless Steel Nose Rings,2023-02,1,3.0,2023-02-01
B01N3PY89C,Santana Canada Melita 3 Wool Lined Waterproof Leather Boot Size 11,2021-12,1,4.0,2021-12-01
B01N3UVHWK,STRETCH IS COMFORT Girl's Oh So Soft Long Sleeve Turtleneck | Youth Size 2-16,2022-04,1,5.0,2022-04-01
B01N3UVHWK,STRETCH IS COMFORT Girl's Oh So Soft Long Sleeve Turtleneck | Youth Size 2-16,2023-02,1,5.0,2023-02-01
B01N3UVHWK,STRETCH IS COMFORT Girl's Oh So Soft Long Sleeve Turtleneck | Youth Size 2-16,2023-04,1,5.0,2023-04-01
B01N3YFL67,Hotouch Spa Robe Men Cotton Lightwear Nightgown Waffle-Weave Kimono Robe Casual Loungewear Sleepwear Grey Black L,2021-06,1,5.0,2021-06-01
B01N4BO1GO,Eyekepper Reading Glasses Women With Polarized Sun Clip A Little Heavy Black +1.25,2021-04,1,5.0,2021-04-01
B01N4CB9YQ,Men's 100% Silk Black Medieval Charging Knight On Horse Tie Necktie,2024-08,1,5.0,2024-08-01
B01N4DS8GA,Simplee Apparel Women's Vintage Applique Embroidered Mesh Blouse Crop Top Black,2020-09,1,5.0,2020-09-01
B01N4J5IY5,Meaneor Women's Peacoat Double Breasted Overcoat Long Sleeve Jacket Black,2021-02,1,3.0,2021-02-01
B01N4KEQRZ,ToBeInStyle Women's Long Sleeve Full Zip-Up Track Jacket,2026-02,1,5.0,2026-02-01
B01N4MRL8S,"5 Pack Women's 100% Cotton Layering A-Shirts Full Muscle Back Ribbed Tank Tops, Black, XL",2020-08,1,5.0,2020-08-01
B01N4MZAIT,PattyBoutik Women Halter Cold Shoulder Keyhole Back Blouse (Deep Red Small),2020-08,1,5.0,2020-08-01
B01N4P8YD2,Hotouch Womens Soft Long Sleeve Flared Casual Tunic Shirt Midi Dress(Jade Green S),2020-09,1,5.0,2020-09-01
B01N59Z10C,Mowham Toiletry Bag Medium Hanging Cosmetic Organizer Foldable Waterproof Travel Kit Bathroom Storage for Boys Men/Women balck (blue),2020-12,1,3.0,2020-12-01
B01N5D3HZ0,KUMEED Car Key Chain Bag Key Chains Genuine Leather Smart Keychain Coin Holder Case Cover Pouch Remote Fob Bag Keyring Wallet Zipper Case Black,2020-09,1,4.0,2020-09-01
B01N5IXGH2,Black Hematite BLESSED ROSARY NECKLACE Round Beads with Jerusalem Soil Catholic Cross Crucifix Gift Box,2020-05,1,5.0,2020-05-01
B01N5IXGH2,Black Hematite BLESSED ROSARY NECKLACE Round Beads with Jerusalem Soil Catholic Cross Crucifix Gift Box,2021-01,1,5.0,2021-01-01
B01N5IXGH2,Black Hematite BLESSED ROSARY NECKLACE Round Beads with Jerusalem Soil Catholic Cross Crucifix Gift Box,2021-02,1,3.0,2021-02-01
B01N5TXCZL,"Dopp Men's First Class Leather Seasoned Traveler Admiral Kit, Brown, One Size",2016-02,1,5.0,2016-02-01
B01N5Y82PP,MisShow Applique Tulle 3/4 Sleeves Long Prom Dresses 2022 for Women Formal Bridesmaid Dresses,2020-11,1,5.0,2020-11-01
B01N64KLKA,JASGOOD Women Leather Belt,2020-06,1,3.0,2020-06-01
B01N67ATJ6,Tribal Elephant Head Navel Ring 316L Surgical Steel 14G,2021-04,1,5.0,2021-04-01
B01N67ATJ6,Tribal Elephant Head Navel Ring 316L Surgical Steel 14G,2023-02,1,5.0,2023-02-01
B01N6EJJEZ,cocojewelry Gingerbread Man Charm Dangle Earrings Christmas Jewelry (Gingerbread Man),2021-01,1,4.0,2021-01-01
B01N6FZYGR,CharmLeaks Bikini Underwear Underwear Pack Bikini Underwear Cotton Bikini Underwear Black M,2020-04,1,4.0,2020-04-01
B01N6FZYGR,CharmLeaks Bikini Underwear Underwear Pack Bikini Underwear Cotton Bikini Underwear Black M,2020-05,1,2.0,2020-05-01
B01N6GRA9R,"Locryz Women Sleeveless Flare Peplum Top Pleated Hem Stretch Strap Tank Top (M, Leopard)",2021-08,1,4.0,2021-08-01
B01N6T7315,"Silver Cobb Bracelet 7.5""/19 cm",2021-02,1,5.0,2021-02-01
B01N6ZY5D1,Astylish Womens Leaf Print Cutout High Neck Swimsuits Tankini Swim Tops Swimwear X-Large,2022-04,1,4.0,2022-04-01
B01N912SQS,Michael Kors Emma East West Saffiano Leather Satchel (Dark Dune),2020-09,1,5.0,2020-09-01
B01N9GSNY6,MAGCOMSEN Men's Winter Coats Water Resistant Snow Ski Jacket Fleece Lined Parka 4 Pockets,2024-12,1,4.0,2024-12-01
B01NADAUZQ,Mumentfienlis Womens Padded Two Piece Pattern Printed Tankini Swimsuit Bathing Suit Size XXL Red,2020-12,1,5.0,2020-12-01
B01NAI6RAA,ADFOLF 2 Piece Swimsuits For Women Halter Ruched Swimdress Bathing Suits 2XL,2020-09,1,4.0,2020-09-01
B01NAMVEJP,MISSMAY Women's Retro 1950s Short Sleeve A-Line Cocktail Party Swing Dress Wine Red X-Large,2020-05,1,5.0,2020-05-01
B01NAMVEJP,MISSMAY Women's Retro 1950s Short Sleeve A-Line Cocktail Party Swing Dress Wine Red X-Large,2021-02,1,5.0,2021-02-01
B01NBNHYSB,"Happy Trunks Women's Hippie Yoga Elephant Pants S M L 8 Colors - Harem Pants (Large, White Peacock)",2020-11,1,5.0,2020-11-01
B01NBQ9PFH,SheIn Women's Sexy Solid Sleeveless Side Slit Bodycon Dress Small Olive Green,2021-04,1,5.0,2021-04-01
B01NCWNRNW,"Real Love Girls' 3-Pack Crew Neck Tee Shirts, Size 10/12, Black, Black and Hot Pink",2020-10,1,3.0,2020-10-01
B01NGU29ZU,CL by Chinese Laundry Women's Hartley Wedge Pump,2019-04,1,5.0,2019-04-01
B01NGZRFMN,Fashion Ladies Earrings Pearl White S925 Sterling Silver Earrings Jewelry for Christmas,2020-08,1,5.0,2020-08-01
B06VW234P9,Socksmith Climbing People Heather Gray One Size,2022-01,1,5.0,2022-01-01
B06W2JNP3P,ZAN.STYLE Women’s Plus Size Slub Cotton Tunic Tee Shirt Long T Shirt for Leggings Large Style 1-Navy,2021-06,1,5.0,2021-06-01
B06W5394RW,"Jodi Gallaer Lingerie Womens Soft Sexy Vintage Lace Adjustable Underwire Super Support Bra (32F, Ocean Blue)",2020-10,1,3.0,2020-10-01
B06W5PKHLD,"SUNNOW Women's A-Line Sleeveless Cocktail Party Dress Black (M, Black)",2021-05,1,5.0,2021-05-01
B06W9DVQ9B,Eyekepper Spring Hinges Wood Arms Reading Glasses Men Women Blue Tortoise +2.0,2022-10,1,4.0,2022-10-01
B06W9F8WKB,Alabama Wrap Around Bracelet,2021-11,1,5.0,2021-11-01
B06W9NJLF6,"Compression Socks for Men and Women Graduated Athletic Sport Socks for Running, Biking, Hockey, Baseball, Flight Travel, Nurse, Maternity Pregnancy- (S-XL)",2020-07,2,5.0,2020-07-01
B06W9NJLF6,"Compression Socks for Men and Women Graduated Athletic Sport Socks for Running, Biking, Hockey, Baseball, Flight Travel, Nurse, Maternity Pregnancy- (S-XL)",2020-08,1,5.0,2020-08-01
B06W9NJLF6,"Compression Socks for Men and Women Graduated Athletic Sport Socks for Running, Biking, Hockey, Baseball, Flight Travel, Nurse, Maternity Pregnancy- (S-XL)",2020-11,2,4.0,2020-11-01
B06W9NJLF6,"Compression Socks for Men and Women Graduated Athletic Sport Socks for Running, Biking, Hockey, Baseball, Flight Travel, Nurse, Maternity Pregnancy- (S-XL)",2021-01,1,5.0,2021-01-01
B06W9NJLF6,"Compression Socks for Men and Women Graduated Athletic Sport Socks for Running, Biking, Hockey, Baseball, Flight Travel, Nurse, Maternity Pregnancy- (S-XL)",2021-02,1,5.0,2021-02-01
B06W9NJLF6,"Compression Socks for Men and Women Graduated Athletic Sport Socks for Running, Biking, Hockey, Baseball, Flight Travel, Nurse, Maternity Pregnancy- (S-XL)",2021-03,1,1.0,2021-03-01
B06WD3R8TJ,"Long Flower Wooden Earrings for Women with Stainless Steel Hooks,Teal Green",2024-08,1,5.0,2024-08-01
B06WD5Y3C8,HUAANIUE Boys Swimsuits Rash Guard One Piece UPF50+ Swimwear LightBlue 3-4 Years,2022-08,1,5.0,2022-08-01
B06WD81ZLW,"Greatrees Womens Kaftan Bohemian Floral Print Long Dresses Swimsuit Cover Up (Black-7-25-1, 6X-Large)",2022-10,1,5.0,2022-10-01
B06WGS7DFZ,"Dreaweet Women Retro Plus Size Floral Patchwork Two Pieces Tankini Swimsuit Swimdress,Rose Red,XXX-Large",2020-04,1,1.0,2020-04-01
B06WLL676V,Ear Crawler Earrings Climbers Pearl Flower Ear Cuff Pin Vine Wrap Stud Crystal Rhinestone Clip On Jewelry Golden Plated,2020-07,1,5.0,2020-07-01
B06WLL676V,Ear Crawler Earrings Climbers Pearl Flower Ear Cuff Pin Vine Wrap Stud Crystal Rhinestone Clip On Jewelry Golden Plated,2021-08,1,4.0,2021-08-01
B06WP283ZH,"Nike Men's Dri-Fit 7"" Wilder Freedom Running Shorts-Dark Grey/Black (Medium)",2020-09,1,5.0,2020-09-01
B06WP7MKK1,"Bumud Kids Girl's School Uniform Mary Jane Flat Shoes(Toddler/Little Kid) (9 M US Toddler, Black)",2021-07,1,5.0,2021-07-01
B06WP7MKK1,"Bumud Kids Girl's School Uniform Mary Jane Flat Shoes(Toddler/Little Kid) (9 M US Toddler, Black)",2021-10,1,4.0,2021-10-01
B06X41GYZC,Luna Flower Tie Dye Tube Strapless Slim Fit Bodycon Midi Long Dresses,2021-01,1,4.0,2021-01-01
B06X6HTYL2,"G2 Chic Women's Bohemian Printed and Patterned Spring and Summer Dress(DRS-MAX,BLKA6-L)",2020-09,1,5.0,2020-09-01
B06X9J24HD,Belle Poque Navy Blue V Neck Off Shoulder Retro Dresses for Formal Party Size 4 BP117-4,2021-02,1,5.0,2021-02-01
B06X9KWSQB,Haola Women's Crop Top Casual Vest Tops Backless Bandage Tank Loose Tees Red M,2022-05,1,5.0,2022-05-01
B06XB6QL6F,Women's Canvas Tote Bag Top Handle Bags Crossbody Messenger Bag Shoulder Handbag (Khaki),2021-02,1,1.0,2021-02-01
B06XC13BMV,"PajamaGram Kids Christmas Pajamas - Flannel Pajamas (Big Kid, 8, Snowfall)",2023-01,1,5.0,2023-01-01
B06XCGVR7N,"Timeson High Low Tunic, Short Sleeve Print Embellished Asymmetrical Hem Multi-Stripe Tee Shirts Dress Deep Blue X-Large",2020-06,1,5.0,2020-06-01
B06XCJ5TJZ,"Shock Doctor BioFlex Athletic Cup, Adult & Youth",2021-05,1,4.0,2021-05-01
B06XCKYRS2,Womens Casual T-Shirt Tunic Dress Green Size XL KK504-3,2020-11,1,4.0,2020-11-01
B06XCPFP1Q,"Zeagoo Women's Cotton Linen A-Line Flare Pleated Maxi Skirt with Pockets (Blue,XL)",2021-04,1,5.0,2021-04-01
B06XCV8M7G,Pokemon Boys' Pokemon Swim Shorts 12,2021-08,1,3.0,2021-08-01
B06XD31NQ1,"Chalier Womens Floral Lace Swim Cover up Swimwear Bikini Cover-up Beach Dress,Black,X-Large",2021-01,1,4.0,2021-01-01
B06XDWG3HD,"YESNO Q18 Women Long Loose Button-Down Shirts Blouses 100% Linen Casual Split Sides Ink Painting Printed Long Sleeve/Pockets (L, Blue)",2020-08,1,2.0,2020-08-01
B06XFNF173,Womens Floppy Summer Sun Beach Straw Hats SPF Foldable Wide Brim Sunhat 56-59cm Beige,2020-06,1,3.0,2020-06-01
B06XFNF173,Womens Floppy Summer Sun Beach Straw Hats SPF Foldable Wide Brim Sunhat 56-59cm Beige,2022-02,1,5.0,2022-02-01
B06XFTZYGY,"I love you to the moon and back Mother Daughter Moon Love Heart Necklace Pendant,Mothers Day Gifts",2020-12,1,5.0,2020-12-01
B06XG9RK95,"Women Boho Print Floral V Neck Multi Straps Lace Up Onepiece Bikini Swim Suits, Blue with Floral, X-Large",2020-09,1,3.0,2020-09-01
B06XG9XFPY,"Baby Girls 2pcs Clothes Skirt Set Lotus Leaf Collar Ruffled Floral Dress+Bottom (6-12m, Green)",2020-06,1,3.0,2020-06-01
B06XGC8GDJ,Clementine Apparel Big Toddler Girls Soft Stretch Athletic Pant Shorts,2020-10,1,5.0,2020-10-01
B06XGDN847,FLOJOS Men's Zane Flip Flop,2019-11,1,5.0,2019-11-01
B06XGTCM7Q,"Jovivi 8pc Stainless Steel Leaf/Crescent/Feather/Heart Barbell Cartilage Tragus Helix Stud Earrings 16 Gauge 1/4"" Bar",2021-02,1,4.0,2021-02-01
B06XGXZMYC,"HONEY BOUTIQUE Women's Fashion Cotton Plus Size Skull Print Hollow Out T-shirt Tank Tops … (XL, Purple)",2020-05,1,4.0,2020-05-01
B06XHLX8W5,SojoS Modern Double Metal Bridge Crossbar Round Unisex Sunglasses SJ2032 With Matte Black Frame/Blue Mirrored Lens,2021-07,1,4.0,2021-07-01
B06XJ9SWTD,"Jazzco Pleated Tops for Women, Women's Knitting V Neck Comfy Short Sleeve T-Shirt Ruched Buttons Casual Top (Dark Grey,Large)",2020-08,1,5.0,2020-08-01
B06XJBY44G,Mommin' All Day Everyday Black Short Sleeve T-Shirt (Large),2020-11,1,5.0,2020-11-01
B06XK3H16H,"QGAKAGO Baby Boys Soft Sole Elephant Summer Sandals Flat Shoes (S: 4.25 inch(0~6 Months), Brown)",2021-08,1,5.0,2021-08-01
B06XKJNH76,L-RUN Water Shoes Quick Dry for Beach Pool Sports Surf Exercise Green Orange XXXL(10.5-11.5),2020-06,1,2.0,2020-06-01
B06XKKV5TX,No Show Socks,2021-07,1,5.0,2021-07-01
B06XKXR1GV,EVALESS Women's Floral Push Up Tankini with Panty Two Piece Tankini Set Swimwear Plus Size XX-Large Black,2020-09,1,5.0,2020-09-01
B06XNVVB68,LUXUR Travel Duffel Bag Waterproof Weekender Luggage for Hiking Business Gym (50L),2021-03,1,3.0,2021-03-01
B06XP1NVJK,Shop4Ever Marilyn Blonde Starlet Heavy Canvas Tote with Zipper Reusable Shopping Bag 12 oz Black 1 Pack Zip,2022-01,1,5.0,2022-01-01
B06XP419Z8,"1"" Hawaiian Print Ukulele Strap - Teal Turtle",2022-04,1,5.0,2022-04-01
B06XP7DVDX,"LoveBling 14K Yellow Gold Figaro Chain Necklace, Available in 2mm to 5mm, 18"" to 24"" (4mm, 18"")",2021-02,1,5.0,2021-02-01
B06XPM3C15,4-Pair Cartilage/Nose/Lips Sterling Silver 925 Small Endless Hoop Earrings 10mm (J: 4 Pair Silver 10mm Endless),2020-08,1,5.0,2020-08-01
B06XPNKH6L,Tuliplazza Women V-Neck Lace Cotton Slim Cocktail Prom Party Swing Short Dress Black,2020-11,1,5.0,2020-11-01
B06XRXKLHH,"PHIBEE Men's 2-in-1 Running Shorts Elasticity Lightweight Sweatpants, Black, XL",2020-09,1,4.0,2020-09-01
B06XRYT3X7,PattyBoutik Women Square Neck 3/4 Sleeve Eyelet Blouse (Burgundy Small),2023-03,1,5.0,2023-03-01
B06XS76RS3,"925 Sterling Silver White Cultured Freshwater Pearl Bead Dangle Earrings Threader Chain,16 x 60 mm",2021-01,1,5.0,2021-01-01
B06XS76RS3,"925 Sterling Silver White Cultured Freshwater Pearl Bead Dangle Earrings Threader Chain,16 x 60 mm",2022-07,1,5.0,2022-07-01
B06XSNWQ93,Girlie Girls Trailer Trash Short Sleeve T-Shirt (Medium),2021-06,1,5.0,2021-06-01
B06XSZH9VT,"ACEVOG Women's Party Cocktail Dot Retro Vintage Swing Tea Dress with Belt,Wine Red,Small",2021-01,1,2.0,2021-01-01
B06XTBRM3L,"Lucky Brand Ladies Graphic Tee, Coral, Large",2020-10,1,4.0,2020-10-01
B06XTS6CLM,Promoted to Big Brother 2017 Shirt Gift for Elder Sibling - Boy Kids T-Shirt (4-5Y) Grey,2020-09,1,5.0,2020-09-01
B06XV7CVXG,"Creabygirls Womens Cute Off The Shoulder Crochet Lace Up Crop Top (Black, L)",2022-02,1,1.0,2022-02-01
B06XW96P87,ANA LUBLIN Women‘s Leather Handbag Ladies Tote Bag Top-Handle Purse Shoulder Crossbody Bag,2021-05,1,3.0,2021-05-01
B06XWCFKXQ,Meaneor Women Vintage Irregular Hem Casual Loose Long Shift Dress Gray/M,2020-05,1,5.0,2020-05-01
B06XWK1RCB,Solmate Socks - Mismatched Crew Socks for Women or Men,2017-03,1,5.0,2017-03-01
B06XWK1RCB,Solmate Socks - Mismatched Crew Socks for Women or Men,2017-12,2,5.0,2017-12-01
B06XWK1RCB,Solmate Socks - Mismatched Crew Socks for Women or Men,2018-01,1,5.0,2018-01-01
B06XWK1RCB,Solmate Socks - Mismatched Crew Socks for Women or Men,2018-02,1,5.0,2018-02-01
B06XWK1RCB,Solmate Socks - Mismatched Crew Socks for Women or Men,2018-08,1,5.0,2018-08-01
B06XWK1RCB,Solmate Socks - Mismatched Crew Socks for Women or Men,2018-10,1,5.0,2018-10-01
B06XWK1RCB,Solmate Socks - Mismatched Crew Socks for Women or Men,2018-12,1,5.0,2018-12-01
B06XWK1RCB,Solmate Socks - Mismatched Crew Socks for Women or Men,2019-01,3,5.0,2019-01-01
B06XWK1RCB,Solmate Socks - Mismatched Crew Socks for Women or Men,2019-02,3,4.666666666666667,2019-02-01
B06XWK1RCB,Solmate Socks - Mismatched Crew Socks for Women or Men,2019-03,2,5.0,2019-03-01
B06XWK1RCB,Solmate Socks - Mismatched Crew Socks for Women or Men,2019-04,1,5.0,2019-04-01
B06XWK1RCB,Solmate Socks - Mismatched Crew Socks for Women or Men,2019-06,1,5.0,2019-06-01
B06XWK1RCB,Solmate Socks - Mismatched Crew Socks for Women or Men,2019-07,3,5.0,2019-07-01
B06XWK1RCB,Solmate Socks - Mismatched Crew Socks for Women or Men,2019-08,2,5.0,2019-08-01
B06XWK1RCB,Solmate Socks - Mismatched Crew Socks for Women or Men,2019-12,1,5.0,2019-12-01
B06XWK1RCB,Solmate Socks - Mismatched Crew Socks for Women or Men,2020-02,2,2.5,2020-02-01
B06XWK1RCB,Solmate Socks - Mismatched Crew Socks for Women or Men,2021-02,2,5.0,2021-02-01
B06XWK1RCB,Solmate Socks - Mismatched Crew Socks for Women or Men,2021-09,1,5.0,2021-09-01
B06XWK1RCB,Solmate Socks - Mismatched Crew Socks for Women or Men,2021-12,1,5.0,2021-12-01
B06XWK1RCB,Solmate Socks - Mismatched Crew Socks for Women or Men,2022-02,1,5.0,2022-02-01
B06XWK1RCB,Solmate Socks - Mismatched Crew Socks for Women or Men,2023-10,1,5.0,2023-10-01
B06XWVBB5F,Weilim Natural Shell Choker Necklace for Women Handmade Hawaii Wakiki Beach Choker Jewelry Gift (Black16),2021-09,1,5.0,2021-09-01
B06XWZRKST,"Eyekepper Metal Round Frame Spring Temples Computer Glasses Computer Reading Glasses Computer Eyeglasses Readers (Yellow Lens, 2.75)",2023-01,1,5.0,2023-01-01
B06XX74KZ9,"Star Laboratories Star Labs Hoodie Sweatshirt Sweater S.T.A.R Hooded Pullover - Premium Quality (2XL, Black)",2020-10,1,5.0,2020-10-01
B06XXMJCSP,"Star Laboratories Star Labs Hoodie Sweatshirt Sweater S.T.A.R Hooded Pullover - Premium Quality (Small, Black)",2022-06,1,5.0,2022-06-01
B06XY13611,2 PAIRS FISHNET OVER THE CALF SOCKS | LARGE FISHNET HIGH SOCKS | FASHION SOCKS | MADE IN ITALY,2023-11,1,5.0,2023-11-01
B06XYHH12G,ACEVOG Women V Neck Backless Casual Chiffon Lotus Leaf Sleeveless Bow Tie Back Swing Wedding Party Dress,2020-12,1,5.0,2020-12-01
B06XYJ7DMD,Mens Hipster Hip Hop Belted Premium Washed Orange Cargo Shorts 34,2022-06,1,4.0,2022-06-01
B06XYT72MZ,Dearlovers Women Summer Flowy Top Floral Loose Tunic Tank Tops X-Large Size Black,2020-07,1,5.0,2020-07-01
B06Y1FVM5X,"Henschel Breezer Hat with Coolmax Band, Olive, Small",2023-09,1,3.0,2023-09-01
B06Y1TTFG8,"CAXMAN Polarized Sunglasses for Men Women, Black Frame Tea Brown Lens, 51mm, 100% UV Protection",2021-08,1,5.0,2021-08-01
B06Y27GNM1,"COSLAND Toddler Baby Girls' Party Black Dress Bodysuits (Black, 6-12 Months)",2021-07,1,5.0,2021-07-01
B06Y2BCNK7,"Stick on Bra, Women's Invisible Strapless Plunge Self Adhesive Bras, Reusable Magic Bra (DDD, Nude)",2020-08,1,1.0,2020-08-01
B06Y2VKJST,"Aedo Push Up Strapless Self Adhesive Reusable Padded Invisible Bra (Cup D, Angel Push Up Goddesses Pink)",2021-04,1,1.0,2021-04-01
B06Y38Z5RT,Dearlovers Women Short Sleeve V Neck Floral Shift Dress with Pockets Small Size Moti-2,2020-12,1,3.0,2020-12-01
B06Y3RYKCB,SOUKISS Love Birds Charm 925 Sterling Silver Animal Charm Husband Wife Couple Charm for Bracelets (B),2021-08,1,5.0,2021-08-01
B06Y4388QK,"Happy Sailed Women Off Shoulder Floral Print Bodycon Midi Summer Dresses, Small Black",2021-04,1,4.0,2021-04-01
B06Y55NDW3,"MIUSOL Women's Vintage Scoop Neck Embroidered Half Sleeve Casual Swing Dress, B-dark Green, Large",2022-07,1,4.0,2022-07-01
B06Y57BWVS,"MOTINE Women's Shades Classic Oversized Polarized Sunglasses 100% UV Protection (Black Frame Gray Lens, 62mm)",2020-08,1,5.0,2020-08-01
B06Y5K6SCF,"CHIC DIARY Women's Two Piece Triangle Bikini Swimsuit Set Bathing Suits,Blue M",2020-07,1,5.0,2020-07-01
B06Y5QDK84,Asvivid Women's Short Sleeve Floral Print Cold Shoulder Casual Blouse Tops Large Blue,2020-10,1,3.0,2020-10-01
B06Y5V2WWV,Women's Floral Printed Short Sleeve Raglan Tee Baseball Jersey Tshirt Casual Tops,2020-08,1,5.0,2020-08-01
B06Y5W9CWR,"Huiyuzhi Womens Sleeveless Racerback Floral Print Casual Long Maxi Dresses,Black,XLarge",2020-07,1,5.0,2020-07-01
B06Y66ZN7R,Kids Baby Girl Curly Hair Don't Care Printed Summer White T-Shirt Short Sleeve Tops (3T),2021-04,1,5.0,2021-04-01
B06ZY5DP7H,"Archer Watch Straps - Stainless Steel PVD Replacement Buckle - Choice of Color, Finish, Size",2021-02,1,5.0,2021-02-01
B06ZY5DP7H,"Archer Watch Straps - Stainless Steel PVD Replacement Buckle - Choice of Color, Finish, Size",2021-06,1,3.0,2021-06-01
B06ZY5DP7H,"Archer Watch Straps - Stainless Steel PVD Replacement Buckle - Choice of Color, Finish, Size",2023-05,1,5.0,2023-05-01
B06ZYBQXPK,"MISSKY Women Short Sleeve V Neck Pullover Knee Length A line Elegant Slim Fit and Flare Swing Summer Vintage Dresses for Women (L, Rose)",2021-09,1,4.0,2021-09-01
B06ZYKXFY9,Helens Heart Bling Boots,2020-09,1,5.0,2020-09-01
B06ZYKXFY9,Helens Heart Bling Boots,2020-12,1,5.0,2020-12-01
B06ZYKXFY9,Helens Heart Bling Boots,2021-03,1,5.0,2021-03-01
B06ZYKXFY9,Helens Heart Bling Boots,2021-06,1,2.0,2021-06-01
B06ZZ31TZ9,HUHOT Work Dresses Women Scoop Neck Polka Dot Patchwork Dress For Business Office Ladies Large HS6418-5,2020-09,1,4.0,2020-09-01
B06ZZ55NWV,Disney Womens Minnie Mouse Cap with Bow & Ears Red,2021-02,1,5.0,2021-02-01
B06ZZ55NWV,Disney Womens Minnie Mouse Cap with Bow & Ears Red,2024-09,1,5.0,2024-09-01
B06ZZ55NWV,Disney Womens Minnie Mouse Cap with Bow & Ears Red,2025-08,1,5.0,2025-08-01
B06ZZ62Y61,Annflat Women's One Off Shoulder Short Sleeve Tops High Low Casaul Blouse T Shirt Large Black,2020-09,1,5.0,2020-09-01
B06ZZP3B1W,Ageena Womens Sleeveless Drawstring Cross Back Long Pants Jumpsuit Romper,2020-11,1,1.0,2020-11-01
B06ZZRJ5XP,Doublju Stretchy Flared Midi Skater Dress for Women with Plus Size (Made in USA) Yellow 3XL,2021-05,1,4.0,2021-05-01
B06ZZW5SZ9,JUST MY SIZE Cool Comfort153; High-Waist Women's Cotton Brief Panties â€” 5-Pair Pack,2022-11,1,4.0,2022-11-01
B0711LCLRK,"Banglijian Compression Socks Women Men Compression Stockings 20-30 mmHg(XX-Large, Black)",2020-07,1,2.0,2020-07-01
B0711PHHTP,TOPONSKY Women's Casual T-Shirt Long Sleeve Swing Dress,2020-07,2,5.0,2020-07-01
B0711PHHTP,TOPONSKY Women's Casual T-Shirt Long Sleeve Swing Dress,2020-08,1,5.0,2020-08-01
B0711PHHTP,TOPONSKY Women's Casual T-Shirt Long Sleeve Swing Dress,2020-10,2,3.5,2020-10-01
B0711PHHTP,TOPONSKY Women's Casual T-Shirt Long Sleeve Swing Dress,2020-11,1,5.0,2020-11-01
B0711PHHTP,TOPONSKY Women's Casual T-Shirt Long Sleeve Swing Dress,2021-10,1,5.0,2021-10-01
B0711PHHTP,TOPONSKY Women's Casual T-Shirt Long Sleeve Swing Dress,2022-07,1,5.0,2022-07-01
B0711PHHTP,TOPONSKY Women's Casual T-Shirt Long Sleeve Swing Dress,2022-09,1,1.0,2022-09-01
B0711PHHTP,TOPONSKY Women's Casual T-Shirt Long Sleeve Swing Dress,2025-11,1,4.0,2025-11-01
B0711S7J8M,Tacloft Women's Suqare Aviator 53mm Flat Lens Polarized Sunglasses YX011 (Brown Frame/Grad.grey Lens),2021-02,1,4.0,2021-02-01
B0711V1968,"Farktop Women's V Neck Long Sleeves Digital Graffiti Printed Prom Party Maxi Long Dress with Belt, Multi-Color, XXXL",2021-02,1,4.0,2021-02-01
B0711V1968,"Farktop Women's V Neck Long Sleeves Digital Graffiti Printed Prom Party Maxi Long Dress with Belt, Multi-Color, XXXL",2023-07,1,1.0,2023-07-01
B0711XQTFQ,"Velucci Womens Classic Fit Capri Pants - Comfortable Pull On Style with Detailed Design, Red-S",2021-09,1,1.0,2021-09-01
B07121TP2R,"COASION Vintage Round Sunglasses for Women – UV 400 Protection (Grey, 54mm)",2023-01,1,5.0,2023-01-01
B07143G7PX,JJ Perfection Women's Short Sleeve Loose Fit Swing Tunic Top T-Shirt Cobalt 1XL,2020-09,1,3.0,2020-09-01
B07145BBTH,"AMZTM Classic Square Retro Shades Mirrored REVO Lens Polarized Designer Sunglasses 100% UV400 Protection (White Frame Ice Blue Lens, 52)",2020-08,1,1.0,2020-08-01
B071487R1W,APXPF Womens Feather Mesh Net Sinamay Fascinator Hat with Hair Clip Tea Party Derby Blush,2021-09,1,5.0,2021-09-01
B07167Y6X2,"Set of 6 Bridal Wedding Sunglasses Bride to Be, Maid of Honor and Squad Sunglasses",2020-09,1,4.0,2020-09-01
B0719P5PS8,ZATOGOO Women's Bohemian Floral Print Chiffon Poncho Batwing Sleeve Loose Blouse Cover up Top (Watermelon red),2020-08,1,4.0,2020-08-01
B071D8Q3JD,PUNK Polyester Terylene Guitar Straps with Lengthened PU Ends ABS Buckle Adjustable with Fashion Design (Checkered),2022-01,1,5.0,2022-01-01
B071DRJRZ3,MICHAEL Michael Kors Womens Snap Front Jacket M523237CZ Navy XL One Size,2021-05,1,5.0,2021-05-01
B071F2ZPTX,"Vibola Summer Chiffon Vest T-Shirt+Shorts Pants Set Baby Kids Girl Outfit Clothes (Size:6/7T, Pink)",2022-07,1,3.0,2022-07-01
B071F79C38,Casual Sleeveless Crew-Neck Vintage Cocktail Dress A-Line Hemline Size S Purple,2021-11,1,5.0,2021-11-01
B071FG32DN,"MdnMd Ballet Tutu for Toddler Girls, Ballet Pink, 110",2022-01,1,5.0,2022-01-01
B071FG32DN,"MdnMd Ballet Tutu for Toddler Girls, Ballet Pink, 110",2022-10,1,4.0,2022-10-01
B071FNJDT9,"VITORIA'S GIFT Vintage Womens Waist Belt Elastic Belt Stretch Waist Strap Cummerbund Leaf Design Clasp Stretch Waist Belt, Silver&golden Tone(plus), Medium",2021-03,1,5.0,2021-03-01
B071G11QG2,VfEmage Womens Elegant Crochet Flower Lace Party Bodycon Sheath Dress 7431 BLK 12,2021-01,1,5.0,2021-01-01
B071G7SV4D,YILAN YL313 Toddler Glitter Shoes Girl's Flashing Sneakers With Cute Bowknot SIL/PNK-10,2021-04,1,5.0,2021-04-01
B071GQW59Y,Driew Men's Pocket Square Handkerchief for Retro Pattern 11 Pcs/Set,2022-02,1,5.0,2022-02-01
B071H2T66L,"ibssha NO Excuses Key Chain, Weight Board with Dumbbell Barbell Charm Keychains, Inspirational Key Chain, Motivational",2020-09,1,5.0,2020-09-01
B071H7WQ3Q,OULIU Womens Casual Lapel Long Sleeve Denim Jacket Short Outwear Blue L,2020-09,1,1.0,2020-09-01
B071HHZRM2,"YOOHOG Summer Women’s A-Line Sleeveless Deep V-neck Midi Dress (S, Burgandy)",2021-05,1,5.0,2021-05-01
B071HNBN1M,"Ncmama Baby Girls 7"" Large Bows Ameraican 4th of July Star-Spangled Banner USA Patriotic Flag Ribbon Hair Ties 5pcs for Dance Cheerleader",2020-09,1,5.0,2020-09-01
B071JM2HNH,Pabin Mens Wallet Slim RFID Blocking Bifold Wallet for Men Trifold Leather Credit Card Holder (Classic Black),2023-09,1,2.0,2023-09-01
B071KMPJM5,Barefoot Dreams CozyChic Ultra Light Women's Lounge Pant,2021-03,1,5.0,2021-03-01
B071KMPJM5,Barefoot Dreams CozyChic Ultra Light Women's Lounge Pant,2025-02,1,4.0,2025-02-01
B071KYDQRW,FIYOTE Women Fashion Multicolored Boho Print High Waisted Beach Maxi Skirts Small Size Purple,2020-09,1,4.0,2020-09-01
B071L4K4WZ,IHOT Vintage 1950's Summer Floral Garden Party Picnic Dress Party Cocktail Dress for Women Green Red Floral Large,2020-07,1,4.0,2020-07-01
B071L688NB,"Colorful Oval Kurt Cobain Inspired Mod Round Pop Fashion Sunglasses (Black, Pink)",2020-07,1,5.0,2020-07-01
B071LR69NF,"HAODIAN Women Leopard Printed Yoga Pants High Waist Stretch Training Workout Leggings (M,White)",2021-03,1,5.0,2021-03-01
B071P1V57N,"icyzone Tie Back Yoga Tops for Women, Lightweight Workout Athletic Tanks, Breathable Gym Shirts",2020-09,1,5.0,2020-09-01
B071P1V57N,"icyzone Tie Back Yoga Tops for Women, Lightweight Workout Athletic Tanks, Breathable Gym Shirts",2021-06,1,5.0,2021-06-01
B071P1V57N,"icyzone Tie Back Yoga Tops for Women, Lightweight Workout Athletic Tanks, Breathable Gym Shirts",2022-10,1,5.0,2022-10-01
B071QWY7GG,"Kauai - Silicone Wedding Ring, - (Pro-Athletic Series) Designed for Comfort, Fitness, Exercise, Weight Lifting/Training, Running, Rubber Ring, Safe Silicone Wedding Band (Vintage Bronze, 11)",2020-08,1,4.0,2020-08-01
B071R6SF6Y,PANDA SUPERSTORE Women Yoga Shoes Water Shoes Sandals Summer Beach Shoes Colorful Swim Shoes,2022-02,1,4.0,2022-02-01
B071RP6KR8,Sujarfla Women Multi-Layer Alloy Coin Feather Long Pendant Necklace,2021-01,1,5.0,2021-01-01
B071RP6KR8,Sujarfla Women Multi-Layer Alloy Coin Feather Long Pendant Necklace,2021-12,1,3.0,2021-12-01
B071RRL13Q,Fashion Women Gradient Printed Dress Summer Maxi Beach Dress for Holiday (S) Blue,2021-08,1,5.0,2021-08-01
B071RSKPQT,"ACEVOG Women's Floral Short/Long Sleeve Slim Bodycon Pencil Sheath Midi Dress, Floral 1, Small",2021-04,1,5.0,2021-04-01
B071RSKY11,JOGAL Men's Polka Dot Print Casual Button Down Shirt A313 Blue US XL(Label XXL),2020-07,1,3.0,2020-07-01
B071RXS5M3,Zarachilable 14 Color Long Floral Robe Bride Kimono Bridesmaid Robe Satin Night Dress (White),2021-06,1,4.0,2021-06-01
B071VV34S7,OshKosh BGosh Baby Boys Polo Bodysuit 12 Months,2020-08,1,5.0,2020-08-01
B071W24SRF,"Hawkwell Comfortable Soccer Shoes(Toddler/Little Kid/Big Kid),Black PU,13 M US",2021-11,1,2.0,2021-11-01
B071W8Y4ZF,Men's Casual Short Sleeve Cotton V neck Henley T-Shirt with Solid Color,2020-09,1,1.0,2020-09-01
B071WMB1D9,Victorinox - Men's Watch 241727,2022-03,1,5.0,2022-03-01
B071XFVMC3,Xinge Leather Wrist Watches for Women with Pearl Shell Dial Analog Quartz Roman Numbers SXG760,2021-12,1,5.0,2021-12-01
B071XQ7ZV1,Marvel Spider-Man Costume PJ PALS for Boys Size 3 Red,2020-08,1,5.0,2020-08-01
B071Y11QXJ,"PajamaGram Women's Soft Ladies Nightgowns - Long Nightgowns for Women, Pink, M",2021-05,1,5.0,2021-05-01
B071Y9Z8GV,JUST MY SIZE Cool Comfort153; High-Waist Women's Cotton Brief Panties â€” 5-Pair Pack,2023-02,1,4.0,2023-02-01
B071YTWBL7,Oxidized Lotus Flower Filigree Vintage Ring .925 Sterling Silver Band Sizes 3-10,2022-08,1,5.0,2022-08-01
B071ZG4D7K,"Weigou Summer Woman T Shirt Off Shoulder Casual Short Sleeve T-Shirt Hollow Out Sleeve Blouse Pineapple Printed Lady Tops (XXL, Gray)",2022-07,1,4.0,2022-07-01
B071ZGMB51,"Buckleguy.com B7498 Antique Brass, Fish Hook Key Chain, Solid Brass-LL",2022-02,1,5.0,2022-02-01
B071ZJ9M8H,"CrazycatZ@Women Two Pieces Blouson Tankini Sets Loose Fit Tankini Sets Cross Back (US 18, Black)",2021-05,1,3.0,2021-05-01
B071ZSZNK3,"Pembrook Men’s Slippers – Comfortable Memory Foam + Wool (Black Size M) Indoor and Outdoor Non-Skid Sole - Great Plush Slip On House Shoes for adults, Men, Boys",2022-01,1,5.0,2022-01-01
B0721WSQD7,"OMBabe Women's Summer Short Sleeve Striped Casual Top Blouse t Shirt With Pocket (Large, Picture color)",2020-11,1,2.0,2020-11-01
B0722HJ1DP,Wxbox Summer Birthday Gift Mermaid Pendant Necklace for Girls (Purple),2020-11,1,1.0,2020-11-01
B07235HYJV,Just Speed Boys Toes Finger Aqua Shoe Black/Lime 1D,2021-06,1,5.0,2021-06-01
B07236L23B,"Neck Wallet Travel Pouch RFID Blocking, Money Credit Card Passport Holder with Neck Strap, Anti-Theft Security Traveling Pouch for Women, Men, Kids, Waterproof (Black)",2021-06,1,5.0,2021-06-01
B07239NVMF,Oldhill 4-Pack Kids Sports Headbands Sweatbands by Thick Terry Cloth Cotton,2022-06,1,3.0,2022-06-01
B0723BP9X3,"WoolOvers Womens Silk and Cotton Kimono Sleeve Dress Olive, XL",2021-05,1,5.0,2021-05-01
B0725VJ2RQ,levaca Womens Summer Solid O Neck Loose Swing Casual T Shirt Dress Sky Blue M,2021-07,1,4.0,2021-07-01
B072F42YW6,DREAM PAIRS Little Kid 160450-K Pink Purple Athletic Running Shoes Sneakers - 13 M US Little Kid,2021-08,1,2.0,2021-08-01
B072F7RH12,Watch Womens Ladies Fashion Luxury Dress Analog Watches rosegold/white Minimalist Quartz Ultra Thin Watch,2021-03,1,5.0,2021-03-01
B072FBLT2Y,Modern Boho Lace Back Front Closure Bralette (for A-C Cups) Black Medium Wireless Bra,2020-10,1,4.0,2020-10-01
B072HBVXFN,Hanes Mens Cool DRI Performance Long-Sleeve T-Shirt(482L),2025-01,1,4.0,2025-01-01
B072J5L8SW,50th Birthday Made 1969 Charm Bracelet Jewelry Box 50th Birthday 50th Birthday Ideas 50th Birthday Decorations,2021-07,1,5.0,2021-07-01
B072J88RGY,Mens New Hot Solid Swimming Shorts Body Bikini Swimsuit,2020-11,1,5.0,2020-11-01
B072J8DCJ9,"EyeGlow Vintage Designer Sunglasses Men and Women Mirror Polarized lens 3D Edging Process Acetate Material (Grey silver vs Silver Polarized lens, 53)",2021-04,1,3.0,2021-04-01
B072JK3DPV,My Shape The Second Pentacle of Jupiter Seal of Solomon Necklace Talisman Jewelry,2021-04,1,5.0,2021-04-01
B072K6BY4K,UNY Jewelry European and American Fashion Antique Cables Rhodium 2 Tone Plated Bracelet Unique Vintage,2022-06,1,5.0,2022-06-01
B072KNFYXH,Men's Ankle Crew Socks Low Cut Causal Socks 5 Pairs(Assorted Color),2020-08,2,3.5,2020-08-01
B072L27X24,Ninimour Women's Trendy Splicing High Waist Pleated Lace Mini A-line Dress Pink S,2021-04,1,3.0,2021-04-01
B072LP7ZR3,RJXDLT Women's Dolman Tops Short Sleeve Cold Shoulder Casual Loose Fit Open Shoulder T Shirts for Woman Green M,2020-10,1,2.0,2020-10-01
B072MF959P,DemiJewelry Snowflake Pendant Necklace 925 Sterling Silver Chain Necklaces,2021-01,1,5.0,2021-01-01
B072MF959P,DemiJewelry Snowflake Pendant Necklace 925 Sterling Silver Chain Necklaces,2022-12,1,5.0,2022-12-01
B072MLP9CR,Inorin Women’s Casual Cute Scoop Neck Empire Waist Backless Sleeveless Cotton Tunic Dress for Leggings,2020-08,1,5.0,2020-08-01
B072MLVCDT,"Compression Socks for Men and Women Graduated Athletic Sport Socks for Running, Biking, Hockey, Baseball, Flight Travel, Nurse, Maternity Pregnancy- (S-XL)",2020-08,1,2.0,2020-08-01
B072MLVCDT,"Compression Socks for Men and Women Graduated Athletic Sport Socks for Running, Biking, Hockey, Baseball, Flight Travel, Nurse, Maternity Pregnancy- (S-XL)",2020-09,4,4.75,2020-09-01
B072MLVCDT,"Compression Socks for Men and Women Graduated Athletic Sport Socks for Running, Biking, Hockey, Baseball, Flight Travel, Nurse, Maternity Pregnancy- (S-XL)",2020-11,2,4.0,2020-11-01
B072MLVCDT,"Compression Socks for Men and Women Graduated Athletic Sport Socks for Running, Biking, Hockey, Baseball, Flight Travel, Nurse, Maternity Pregnancy- (S-XL)",2020-12,2,2.5,2020-12-01
B072MLVCDT,"Compression Socks for Men and Women Graduated Athletic Sport Socks for Running, Biking, Hockey, Baseball, Flight Travel, Nurse, Maternity Pregnancy- (S-XL)",2021-01,1,5.0,2021-01-01
B072MLVCDT,"Compression Socks for Men and Women Graduated Athletic Sport Socks for Running, Biking, Hockey, Baseball, Flight Travel, Nurse, Maternity Pregnancy- (S-XL)",2021-03,1,4.0,2021-03-01
B072MLVCDT,"Compression Socks for Men and Women Graduated Athletic Sport Socks for Running, Biking, Hockey, Baseball, Flight Travel, Nurse, Maternity Pregnancy- (S-XL)",2021-04,1,5.0,2021-04-01
B072NZ5Z99,Majestic MLB Boys Youth Chicago Cubs Javier Baez #9 Player T-Shirt (Medium (10/12)),2021-11,1,5.0,2021-11-01
B072R3LSGR,R781-OS Young Love Print Fashion Leggings,2020-09,1,5.0,2020-09-01
B072RCCD65,Beyove Women Cutout Shoulder Plain Scoop Neck Chiffon Elegant Girls Tank Top Black,2020-12,1,5.0,2020-12-01
B072SCRQQ2,OLEWELL Women’s Floppy Foldable UPF 50+ Hat-Summer Sun Beach-Wide Brim Cap-Off-White,2021-02,1,3.0,2021-02-01
B072SLJRBG,Bra Pads Inserts Breathable Comfortable Padded Sports Cups Bra Insert 2 Pairs A/B B/C Bule By Nimiah,2021-05,1,5.0,2021-05-01
B072W9H8KY,Charter Club Womens French Terry Heathered Short Robe Purple XXXL,2023-09,1,1.0,2023-09-01
B072XC9DV7,LOYALLOOK 58 Pcs Midi Ring Bohemian Knuckle Ring Sets Fashion Finger Vintage Silver Stackable Rings for Women Girls Knuckle Midi Rings,2021-03,1,5.0,2021-03-01
B072Z24CLP,NEFF Men's Scrappy Beanie,2026-02,1,2.0,2026-02-01
B072Z7SKTC,"Compatible Apple Watch Band 38mm/ 40mm, Alritz Silicone Sport Strap Replacement for Apple Watch Series 4/Series 3/Series 2/Series 1/Nike+",2021-07,1,1.0,2021-07-01
B072Z7SKTC,"Compatible Apple Watch Band 38mm/ 40mm, Alritz Silicone Sport Strap Replacement for Apple Watch Series 4/Series 3/Series 2/Series 1/Nike+",2021-11,1,1.0,2021-11-01
B0732L3F18,Wander Agio Cover up Beach Swimsuit V-Neck Bikini Covers Swimwear for Women Hollow Out White,2022-09,1,5.0,2022-09-01
B0732Q8QT4,Hithop 18k Yellow Gold-Plated Sterling Silver Diamond Accent Two-Tone Gemstone Tennis Bracelet Diamond Bangle Bracelet Rose Gold,2020-10,1,5.0,2020-10-01
B0732Q8QT4,Hithop 18k Yellow Gold-Plated Sterling Silver Diamond Accent Two-Tone Gemstone Tennis Bracelet Diamond Bangle Bracelet Rose Gold,2021-05,1,5.0,2021-05-01
B0733LQSR2,Kids Boys Girls Led Light Up Shoes USB Charging 11 Colors Flashing Sneakers Boots fhcbGreen30,2021-02,1,5.0,2021-02-01
B0734BWQR9,Marvel Deadpool 2 Pack Casual Crew Socks 6-12 (DP1),2021-07,1,3.0,2021-07-01
B0734KTP7B,"Jovivi 8pcs Organic Wood Stainless Steel Fake Cheater Ear Plugs Gauges Illusion Screw Stud Barbell Earrings,Lion Head/Tree of Life/Skull/Starry Sky",2022-04,1,2.0,2022-04-01
B0737L2XVD,Wave laser-cut wood earrings sustainable eco-jewelry CHOOSE COLOR #1054,2021-11,1,5.0,2021-11-01
B0739V1VD7,Workout Yoga Strappy Crisscross Open Back Racerback Sports Tank Tops with Built in Bra Black S,2021-08,1,5.0,2021-08-01
B073CLM889,American Flag Baseball Hat - Cool Baseball Hats USA Cap Black Low Rise Condor Women Best Mens Classic Operator America Youth Adult Military Boy Girl Youth,2021-09,1,5.0,2021-09-01
B073DK9BPR,"Premium Super Soft High Waist Leggings (Small/Medium, Black)",2021-08,1,3.0,2021-08-01
B073DK9D23,"Smart School Body Sock (Medium, Dinosaurs)",2020-10,1,4.0,2020-10-01
B073F55BLW,Moniku KIllerbody Sling Ring Cosplay Accessories Sling Ring Prop,2021-12,1,5.0,2021-12-01
B073GGPYBH,"D.SEEK Boys Hook&Loop Sneakers Kids Lightweight Breathable Strap Athletic Running Sport Shoes(Toddler/Little Kid)(9 M US Toddler,Full Black-3)",2022-09,1,5.0,2022-09-01
B073GK8C9L,"Oksale Summer Womens Loose Beach Pants High Waist Drawstring Short Pants (L, Black)",2021-09,1,1.0,2021-09-01
B073GMT5Z3,Oalka Women's Racerback Sports Fitness Support Workout Running Bras Camo Black S,2023-10,1,5.0,2023-10-01
B073HY1F3D,Women's Blazer Notched Lapel Casual Striped Cardigan Jacket Long Sleeve Spring Outwear,2021-01,1,4.0,2021-01-01
B073LQKV4V,Joya Gift Tree of Life Keychain Natural Crystal Stone Handmade DIY Keychain Charm Pendant Necklace,2024-02,1,2.0,2024-02-01
B073N89CDC,"shoe Laces, Soft Casual Flat Satin Ribbon Shoelaces Sneaker Shoestrings for Women Girls",2020-10,1,3.0,2020-10-01
B073Q13B2Z,6 Set Packing Cubes Travel Luggage Packing Organizers Packing Cube Set Travel Carry Laundry Pouch Bag (Watermelon Red),2020-10,1,5.0,2020-10-01
B073QL643V,"SWEES Gear S3 Bands, 22 MM Genuine Leather Wristband for Samsung Gear S3 Frontier/Classic Watch",2021-01,1,4.0,2021-01-01
B073R717FG,"Xholding Men's Genuine Leather Ratchet Dress Belt with Automatic Buckle 1 1/8""",2020-10,1,5.0,2020-10-01
B073SSZ27P,Kajeer 6PCS Men's Bow Tie for Wedding Party - Solid Color Adjustable Pre Tied Bowties,2023-02,1,5.0,2023-02-01
B073T6FLTX,Funny Threads Outlet Charlie Brown Stripe Halloween Costume Cartoon Outfit Adult Mens Sweatshirt X-Large Yellow,2021-08,1,5.0,2021-08-01
B073TRQW8D,"LiMiCao Women Autumn Fashion Printed Long Dress Three Quarter Sleeve Retro Vintage Flower Casual Floor Length Maxi Dress (XL, Pink)",2021-04,1,5.0,2021-04-01
B073TRQW8D,"LiMiCao Women Autumn Fashion Printed Long Dress Three Quarter Sleeve Retro Vintage Flower Casual Floor Length Maxi Dress (XL, Pink)",2021-06,1,1.0,2021-06-01
B073TRZWW7,"LiMiCao Women Fashion Printed Long Dress Three Quarter Sleeve Retro Flower Floor Length Maxi Dress (M, Green)",2021-06,1,3.0,2021-06-01
B073VLPBNJ,i-Summer Men's Carrier Cargo Short Wine Red 36,2021-08,1,4.0,2021-08-01
B073VWPDJG,"HDE Bucket Hat Wide Brim Boonie Outdoor Sun Hats (Camo, X-Large)",2021-09,1,5.0,2021-09-01
B073WQJJMG,"Off the Shoulder Bikini Top Women's Cover Up Beach Cover Ups Swimsuit Cover Up,Black,Normal",2021-06,1,5.0,2021-06-01
B073WQN9M4,Jouica Women's Swing 3/4 Sleeve Casual Loose Midi Dress (Army Green L),2021-01,1,3.0,2021-01-01
B073WQWP9G,Jouica Women's Swing 3/4 Sleeve Casual Loose Midi Dress (Royal Blue L),2021-08,1,2.0,2021-08-01
B073X1ZTRH,Sterling Silver 925 Bracelet with Genuine Turquoise (Teal/Matrix Turquoise),2022-06,1,2.0,2022-06-01
B073XJR973,"VGEBY Kayak Life Jackets for Adults, Kayaking Fishing Life Jacket Watersports Life Jacket with Multi-Pockets Whistle and Reflective Stripe (Color:Black)",2022-02,1,5.0,2022-02-01
B073XLBFPF,"Herou Women Summer Beach Casual Flared Floral Tank Dress (XX-Large, Flower-19)",2021-01,1,2.0,2021-01-01
B073XMSJQ1,Wonder Woman 2017 Costume Jacket - New Year Maroon,2021-11,1,2.0,2021-11-01
B073Z7Y7LM,BORUO 925 Sterling Silver Ring Celtic Knot Heart High Polish Tarnish Resistant Eternity Wedding Band Stackable Ring,2025-06,1,5.0,2025-06-01
B073ZCQVDV,Shineya Women's Solid Color Pullover Hoodie Asymmetric Hem Sweatshirts Dress S-4XL Black XLarge,2020-12,1,1.0,2020-12-01
B073ZJ3LQB,Vince Camuto Womens Tie Cuff Bubble Sleeve Floral Lace Top Pearl Ivory LG One Size,2021-12,1,5.0,2021-12-01
B074144M5W,Miusol Women's Retro Navy Style Stripe Evening Party Dress Navy Blue Large,2021-03,1,5.0,2021-03-01
B0742BDDZK,"jaysandkays® Strap and Adapters Set, M-Camo, for Casio G-Shock GA100/GA110/GD100/GA120/GD110/GLS100/GD120",2021-01,1,5.0,2021-01-01
B07468FX1L,"Portable Rain Poncho, Unisex Rain Jacket Hood and Pockets - Blue",2021-05,1,1.0,2021-05-01
B0746BXYQX,levaca Womens 3 4 Sleeve Pockets Striped Flare Swing Casual Maxi Dress Black XL,2020-11,1,2.0,2020-11-01
B0746PVK7F,Fantastic Zone Beanies Skull Caps Striped Knit Skull Caps Beanie Winter Hats For Men Grey One Size,2020-10,1,4.0,2020-10-01
B07479L47K,Aenlley Womens Boat Neck Dolman Top 3/4 Sleeve Solid Shirring Drape Jersey Tops Color Blue Size S,2020-12,1,5.0,2020-12-01
B0747LCCQX,Fun Daisy 7Pcs Creative Skeleton Mysterious Girl Loner Club Abstract Collar Pin Brooch,2021-09,1,5.0,2021-09-01
B0747MN7VD,JOGAL Men's Polka Dot Print Casual Button Down Shirt A324 Blue US L(Label XL),2021-09,1,1.0,2021-09-01
B0748DKZ1L,"Miusol Women's Vintage Off Shoulder Floral Lace Long Sleeve Formal Maxi Dress,Blue,Small",2020-11,1,4.0,2020-11-01
B0749CCC7Q,"Dani's Choice Every Occasion Stretch Pull-on Wide High Waist Bodycon Pencil Knee Length Midi Skirt (XL, Black)",2021-09,1,1.0,2021-09-01
B0749F3LJL,"ADAMARIS Cotton Camisoles for Women Tank Tops for Women Pack Camis Vest ,Regular -Black / Gray / White / Mint Green / Army Green,Medium / US 10",2021-12,1,3.0,2021-12-01
B0749L2NMK,Ruifan 20G Mix Color Stainless Steel Ball Clear CZ Stud Earrings for Men Women Round 3-8mm 6-12Pairs,2021-09,1,5.0,2021-09-01
B0749L2NMK,Ruifan 20G Mix Color Stainless Steel Ball Clear CZ Stud Earrings for Men Women Round 3-8mm 6-12Pairs,2022-03,1,5.0,2022-03-01
B0749L2NMK,Ruifan 20G Mix Color Stainless Steel Ball Clear CZ Stud Earrings for Men Women Round 3-8mm 6-12Pairs,2022-05,1,4.0,2022-05-01
B0749L2NMK,Ruifan 20G Mix Color Stainless Steel Ball Clear CZ Stud Earrings for Men Women Round 3-8mm 6-12Pairs,2022-12,1,5.0,2022-12-01
B0749L2NMK,Ruifan 20G Mix Color Stainless Steel Ball Clear CZ Stud Earrings for Men Women Round 3-8mm 6-12Pairs,2025-03,1,4.0,2025-03-01
B074BD4X42,Enso Slanted Brick Silicone Ring Turquoise Size:5,2022-07,1,5.0,2022-07-01
B074CLHXPZ,Stripe Nylon Band w/Inner Leather Key Chain Strap Trim Decal for BMW M 3 4 5 7 X3 X4 X5 X6,2025-04,1,5.0,2025-04-01
B074DRGJX6,"Women Plaid Shirt, Jingjing1 Ladies Casual Roll Up Sleeve Button Down Boyfriend Shirt,Red,Medium",2022-02,1,4.0,2022-02-01
B074DRGJX6,"Women Plaid Shirt, Jingjing1 Ladies Casual Roll Up Sleeve Button Down Boyfriend Shirt,Red,Medium",2023-01,1,5.0,2023-01-01
B074FZYS1P,PattyBoutik Women Crewneck Trim Ribbed Sweater (Navy Blue and Ivory Large),2023-02,1,5.0,2023-02-01
B074G1ZBLJ,JOYEBUY Womens Leather Gloves Texting Touch Screen Gloves Winter Warmest Gloves (Black),2022-02,1,2.0,2022-02-01
B074G2CSC3,"Ritastephens 14k Solid Gold Singapore Rope Chain Necklace 1 Mm (16, 18, 20, 22, 24 Inches) (Yellow or White or Rose Pink)",2020-11,1,2.0,2020-11-01
B074G2QMCZ,"Ritastephens 14k Solid Gold Singapore Rope Chain Necklace 1.5 Mm (16, 18, 20, 24 Inches) (Yellow or White)",2022-02,1,5.0,2022-02-01
B074G489PH,"Hoops & Loops 925 Sterling Silver Celtic Heart Knot Filigree 13mm Dangle Leverback Earrings for Women Teen Girls, Silver, Yellow Gold and Rose Gold",2021-06,1,1.0,2021-06-01
B074JCSVBJ,L-RUN Shoes for Water Sports Kids Water Hiking Shoes Line Blue M US 8-8.5=EU 24-25,2022-02,1,5.0,2022-02-01
B074K2QJ75,"Nylon Crossbody Bag,Womens Designer Casual Shoulder Travel Crossbody Bag by ZYSUN",2021-06,1,5.0,2021-06-01
B074K2QJ75,"Nylon Crossbody Bag,Womens Designer Casual Shoulder Travel Crossbody Bag by ZYSUN",2021-09,1,2.0,2021-09-01
B074K2QJ75,"Nylon Crossbody Bag,Womens Designer Casual Shoulder Travel Crossbody Bag by ZYSUN",2021-12,1,5.0,2021-12-01
B074K2QJ75,"Nylon Crossbody Bag,Womens Designer Casual Shoulder Travel Crossbody Bag by ZYSUN",2022-04,1,1.0,2022-04-01
B074KJFGXT,Gravity Defyer Proven Pain Relief Women's G-Defy Ion Athletic Shoes for Knee Pain,2022-09,1,1.0,2022-09-01
B074KTZ239,Old-to-new Women's Silk Traditional Japanese Kimono Robe with Floral Print White& Black,2022-03,1,2.0,2022-03-01
B074L2HDH6,Ross-Simons Sterling Silver Medium Wheat-Link Bracelet,2023-02,1,5.0,2023-02-01
B074M32NPB,Verdusa Women's Boat Neck Batwing Sleeve Baggy Caftan Harem Oversized Maxi Dress Dark Heather Grey XL,2022-02,1,5.0,2022-02-01
B074M85FZP,PRETTYGARDEN Women's Bat Sleeve Round Neck Fine Knitted Pullover Sweaters,2021-01,1,4.0,2021-01-01
B074M9WR6T,Kirei Sui Girls Mint Tulle Tutu Birthday Unicorn M Unicorn,2021-01,1,5.0,2021-01-01
B074MMGZP4,Doublju Thin Heather Knit Asymmetrical Cowl Neck Oversized Tunic Sweater for Women (Made in USA) Mustard Small,2020-10,1,3.0,2020-10-01
B074MNR3PQ,WWOOR Men's Analog Quartz Watch Ultra Thin Dial Date Stainless Steel Mesh Belt Waterproof (Blue),2021-02,1,5.0,2021-02-01
B074N9CB5G,Betsey Johnson Roses Gold and Red Queen Heart Pin,2021-01,1,3.0,2021-01-01
B074NBJ9K6,"OLIVERS Apparel, Mens 4-Way Stretch, Water Repellent, Bradbury Athletic Jogger Pants",2022-02,1,5.0,2022-02-01
B074P35KBK,Shinestone Men's 3/4 Running Training Soccer Pants,2024-10,1,2.0,2024-10-01
B074P7KJLX,Doublju Loose Fit 3/4 Sleeve Oversized Flare Tunic Top for Women with Plus Size (Made in USA) LTCORAL 2XL,2020-10,1,3.0,2020-10-01
B074RC9ZYB,YUXI 2 PCS/Set 8 mm Beads Stone Couple Distance Strand Bracelet Lovers Gifts Jewelry (Black & Green),2020-11,1,5.0,2020-11-01
B074RCNQPR,Elesol Womens Lightweight Hooded Waterproof Active Outdoor Long Rain Jacket Army Green/XXL,2022-05,1,2.0,2022-05-01
B074V2DT2L,KORSIS Women's Summer Casual Loose Sleeveless Racerback Long Maxi Swing Dresses with Pockets Wine Red M,2021-11,1,5.0,2021-11-01
B074V4CH3L,Solid Women Wrap Pinup Wiggle Vintage Dresses with Belt Size M Black KK786-1,2022-09,1,2.0,2022-09-01
B074V4CVM8,50s Vintage V-Neck Swing Dress for Women A line Size S Zebra Stripe KK786-2,2020-12,1,5.0,2020-12-01
B074V4CVM8,50s Vintage V-Neck Swing Dress for Women A line Size S Zebra Stripe KK786-2,2021-04,1,4.0,2021-04-01
B074VVNMDG,"ZESICA Women's 3/4 Sleeve Floral Printed High Waist Pocket Long Maxi Dress,Aque,XX-Large",2021-03,1,5.0,2021-03-01
B074WCMTR1,Leveret Men's Dinosaur 2 Piece Pajama Set 100% Cotton (Medium),2023-02,1,5.0,2023-02-01
B074WN8LRD,SDBING Women's Winter Wool Cotton Thick Warm Soft Casual Crew Socks 5 Pairs (color B),2020-11,1,4.0,2020-11-01
B074XQR4W2,Latuza Women's Short Pajama Set 2X Plus Purple,2022-06,1,5.0,2022-06-01
B074XV4W2D,ELESOL Women Floral Print Striped Casual Long Sleeve T-Shirt A-line Mini Dress Blue XL,2022-09,1,5.0,2022-09-01
B074YZH8K1,Travelambo Luggage Tags & Bag Tags Stainless Steel Aluminum Various Colors (Green 5 pcs Set),2021-10,1,5.0,2021-10-01
B074YZH8K1,Travelambo Luggage Tags & Bag Tags Stainless Steel Aluminum Various Colors (Green 5 pcs Set),2022-02,1,4.0,2022-02-01
B074Z2SXCK,"Arshiner Little Girls Long Sleeve Floral Dress Castle Princess Autumn Dress High Waist A-Line Fancy Vintage Design,Apricot,120(Age for 6-7Years)",2021-05,1,5.0,2021-05-01
B07519VZMF,"MapofBeauty 18"" Three Colors Fashion Three Braided Rope Tornado Necklace",2021-02,1,5.0,2021-02-01
B07519VZMF,"MapofBeauty 18"" Three Colors Fashion Three Braided Rope Tornado Necklace",2021-05,1,5.0,2021-05-01
B07519VZMF,"MapofBeauty 18"" Three Colors Fashion Three Braided Rope Tornado Necklace",2022-09,1,5.0,2022-09-01
B07519VZMF,"MapofBeauty 18"" Three Colors Fashion Three Braided Rope Tornado Necklace",2023-04,1,5.0,2023-04-01
B0752XGBMY,Tipi Toe Women's 3-Pairs Winter Warm Knee High Cotton-Blend Boot Socks (Knee High: Space Dye),2021-04,1,3.0,2021-04-01
B0752XGBMY,Tipi Toe Women's 3-Pairs Winter Warm Knee High Cotton-Blend Boot Socks (Knee High: Space Dye),2022-02,1,4.0,2022-02-01
B0753DZ4FW,StyleDome Women's Cross Front Long Sleeve V Neck Loose Blouse Casual Plain Jumper Pullover Sweater Grey S,2020-12,1,1.0,2020-12-01
B0753H1T25,icyzone Workout T-Shirt for Women - Fitness Gym Yoga Running Exercise Cap Sleeves Tops (Pack of 2),2021-07,1,1.0,2021-07-01
B0753H1T25,icyzone Workout T-Shirt for Women - Fitness Gym Yoga Running Exercise Cap Sleeves Tops (Pack of 2),2022-08,2,3.0,2022-08-01
B0753H1T25,icyzone Workout T-Shirt for Women - Fitness Gym Yoga Running Exercise Cap Sleeves Tops (Pack of 2),2025-02,1,5.0,2025-02-01
B07546PW71,"Original RUBY Semi-Precious Stone July Birthstone Modern Earrings 1.7"" ! 925 Sterling Silver Plated",2020-10,1,5.0,2020-10-01
B0755DXPXJ,"Sinamay Feather Fascinator Headband Flower Derby Hat for Women, Ivory, 9*7 inches",2021-12,2,4.0,2021-12-01
B0756TPBW7,Men's Slouch Knitted Beanie Hat Crochet Stripe Winter Cap Oversized B318 (B308-Black),2021-02,1,2.0,2021-02-01
B0756XNXYH,Cat Eye Jewels Tiny Disc A M Rose Gold Tone Initial Necklace 925 Sterling Silver Name CZ Pendant Necklaces Jewelry for Women Girls,2022-01,1,5.0,2022-01-01
B07575Z1SX,"Peppa Pig Stick Umbrella For Girls, One Size",2021-09,1,5.0,2021-09-01
B07578QTBK,Allegra K Women's Stiletto Heel Pointed Toe Chelsea Booties,2021-10,1,5.0,2021-10-01
B07578QTBK,Allegra K Women's Stiletto Heel Pointed Toe Chelsea Booties,2022-02,1,5.0,2022-02-01
B07585VJ4Q,"KSQS Long Distance Bracelets For Couples, His And Hers Black Onyx Turquoise Forever Stone Bead Bracelet For Lovers, Crystal Healing Gemstone Bracelet For Woman Man(2pcs)",2021-04,1,1.0,2021-04-01
B07585VJ4Q,"KSQS Long Distance Bracelets For Couples, His And Hers Black Onyx Turquoise Forever Stone Bead Bracelet For Lovers, Crystal Healing Gemstone Bracelet For Woman Man(2pcs)",2022-02,1,4.0,2022-02-01
B07585VJ4Q,"KSQS Long Distance Bracelets For Couples, His And Hers Black Onyx Turquoise Forever Stone Bead Bracelet For Lovers, Crystal Healing Gemstone Bracelet For Woman Man(2pcs)",2024-07,1,5.0,2024-07-01
B07587JN9G,Boderier Gold Cone Swingy Tassel Drop Earrings Elegant Dangle Earrings for Women Wedding Party Jewelry (White),2021-01,1,5.0,2021-01-01
B0758GNW19,Long Sleeve Tunics for Leggings Tunic Tops Dress for Women Casual Regular Fit Cotton Fashion 2017 for Winter XXXL,2020-11,1,5.0,2020-11-01
B0758LHH52,"20PCS 2.0""/5CM Aluminum D Ring Carabiner Clip",2022-12,1,5.0,2022-12-01
B075973CHQ,"HULANG Men's Work Shirts Casual Button Down Cotton Denim Shirts Long Sleeve(FM114HS,M)",2020-12,1,3.0,2020-12-01
B0759JRZ4K,"MEROKEETY Women's Scoop-Neck Stripes Three-Quarter-Sleeve Long Maxi Dress, Wine, Small",2021-10,1,5.0,2021-10-01
B075CDLWBN,"Gihuo Women's Mid Long Single Breasted Cowl Neck Loose Woolen Cloak Coat (One Size, Black)",2020-12,1,5.0,2020-12-01
B075CDLWBN,"Gihuo Women's Mid Long Single Breasted Cowl Neck Loose Woolen Cloak Coat (One Size, Black)",2021-01,1,3.0,2021-01-01
B075CF12D8,"Gihuo Women's Mid Long Single Breasted Cowl Neck Loose Woolen Cloak Coat (One Size, Grey)",2020-12,1,2.0,2020-12-01
B075DZ52K8,Disney Mickey & Minnie Mouse Red Super Minky Fleece Sleep Pants - X-Large,2021-07,1,4.0,2021-07-01
B075F9Q262,Grace Jun Gold Plated Rhinestone Enamel Round Shape Hollw-out Dangle Earrings for Women Ear Clip,2022-05,1,3.0,2022-05-01
B075F9Q262,Grace Jun Gold Plated Rhinestone Enamel Round Shape Hollw-out Dangle Earrings for Women Ear Clip,2023-03,1,4.0,2023-03-01
B075FNRW3D,"Zando Baby Beanies Toddler Beanie Baby White Beanie for, F Black, Size 4.0",2021-11,1,4.0,2021-11-01
B075FVMRR5,ELESOL Women Long Sleeve Solid Draped Open Front Asymmetrical Cardigan Wine Red XL,2022-11,1,5.0,2022-11-01
B075G1ZLLX,Freaker Fairy Tail Koozie,2020-11,1,5.0,2020-11-01
B075GJXRWP,"Sherosa Women's Scoop Neck Pockets High Low Pleated Loose Swing Casual Midi Dress (XL, Army Green)",2022-02,1,5.0,2022-02-01
B075GKVCFP,Women's Cut Out Shoulder Top Casual Sexy T Shirt Long Sleeve Blouse Black L,2020-11,1,5.0,2020-11-01
B075JF7QGX,Affute Outdoor Sport Mens Led Digital Analog Quartz Watches Waterproof Stainless Steel Band (Silver Black),2022-02,1,4.0,2022-02-01
B075K844WB,DEARCASE Women's Long Sleeve Casual Loose T-Shirt Dress Grey S,2020-12,1,1.0,2020-12-01
B075KM73R3,Donna Sharp Autumn Kylie Bag,2021-09,1,5.0,2021-09-01
B075KVPJVJ,"Twist-O-Flex Metal Expansion 42mm / 44mm Stretch Band for The Smart Watch in Brushed Stainless Steel for Series 1, 2, 3, 4 and 5 Medium Length by Speidel",2022-12,1,1.0,2022-12-01
B075LRD6NR,ALove Women Bandeau One Piece Swimsuit Ladies Tummy Control Bathing Suits Black Medium,2022-06,1,5.0,2022-06-01
B075M4GS3B,MIRITY Women Racerback Sports Bras - High Impact Workout Gym Activewear Bra Color Red Pack of 3,2021-05,1,4.0,2021-05-01
B075M4GS3B,MIRITY Women Racerback Sports Bras - High Impact Workout Gym Activewear Bra Color Red Pack of 3,2021-07,1,5.0,2021-07-01
B075M54LCX,Speedle Womens Crew Neck Short Ruffle Sleeves Shirt Dresses Digital Graffiti Print Club Party Dress White 3 XXL,2022-02,1,3.0,2022-02-01
B075MFMZ76,"Hey Duggee Boys and Girls Pyjamas Sleepwear Two Styles 18-24M to 4-5Y (4-5 Years, Blue)",2021-12,1,4.0,2021-12-01
B075MHC7QD,JoJoJoy Men's Casual Zip Henley Neck Linen Roll-up Long Sleeve Work Shirts Wine Size XL,2021-07,1,3.0,2021-07-01
B075MZHFJ7,"Satin Kimono Robe Sleepwear Bridesmaid robe Bridal robe Wedding party Long ME,M",2021-12,1,3.0,2021-12-01
B075NTL36W,Rolling Stones Men's 78 Rock N Roll T-Shirt Black,2021-07,1,5.0,2021-07-01
B075PL4MX8,"ZOHAMUNG Womens Plus Size Floral Lace Unlined Stretchy Strapless Bandeau Tube Tops See Through Bras(BE,3XL) Beige",2021-07,1,4.0,2021-07-01
B075PZG473,Red Enameled Strawberry Post Earrings,2020-12,1,5.0,2020-12-01
B075Q63FFK,"Ekouaer Men's Hoodede Bathrobes Thermal Lounge Robes (Grey, Medium)",2021-03,1,5.0,2021-03-01
B075Q9311X,SHEKINI Women Swimsuit Two Piece Padded Halter Bikini Set Swimwear,2022-10,1,4.0,2022-10-01
B075R7BDTM,"Fantaist Women's Winter Half Sleeve Knee Length Sheath Leopard Club Party Dress (XL, FT601-Leopard)",2021-01,1,5.0,2021-01-01
B075SL7CV3,NCAA Officially Licensed College - University Team Color Athletic Arch Hoodie,2022-05,1,5.0,2022-05-01
B075SS3M9Y,Hmlai Women Autumn Fashion O-Neck Flare 3/4 Flare Sleeve Slim Fit Blouse Shirt Tee Floral Print Swing Tunic Tops,2023-04,1,3.0,2023-04-01
B075TYR517,"Women’s Shaperwear,Adjustable Tummy Control Seamless Firm Control Waist Shaper for Women Body Shapewear By OLIKEME (Medium, 1Flesh Color)",2022-02,1,4.0,2022-02-01
B075TZ52BM,"Shoe Stretcher High Heel Three Way Shoe Stretchers Adjustable Length,Width,Height Shoe Stretcher Tough Plastic Stainless steel shaft Shoes Stretcher for Men and Women (Women (5.5-11))",2023-09,2,4.5,2023-09-01
B075WRDF2Q,LONSOEN Kids Pull-on Winter Fur Ankle Boots(Toddler) KDB007 Black CN24,2020-12,1,5.0,2020-12-01
B075WVF4YB,Freahap Suspender With 15mm 6PCS Buttons Adjustable Length Y Shape Straps Black,2022-12,1,5.0,2022-12-01
B075WVHDT6,Tie Costume Striped Necktie Halloween Cosplay Party Supplies Accessories for Kids and Adults,2026-01,1,5.0,2026-01-01
B075XK3KLF,KAYIZU Boys Underwear Comfort Soft Cotton Boxer Brief (5-Pack),2021-09,1,5.0,2021-09-01
B075XL47PZ,Sarin Mathews Womens Deep V Neck Bodycon Mini Dress Long Sleeve Ruched Sexy Club Party Cocktail Dresses Burgundy M,2021-04,1,3.0,2021-04-01
B075XS2XZ1,HDE Plus Size Womens Dress Casual Below Knee Asymmetrical Hem Smooth Draped Side Black,2021-06,1,5.0,2021-06-01
B075YD2WP9,Something for Everyone Men's Undefined Graphic Pullover Fleece Hoodie Large Black,2021-05,1,3.0,2021-05-01
B075Z2B898,"Babyonlinedress Modest Church Dresses with Sleeves Women Special Occasion Gown,Black,2XL",2021-03,1,5.0,2021-03-01
B075ZQ1CCM,Women's Classic Tassel Warm Long Soft Plaid Scarf Winter Large Blanket Wrap Shawl,2021-05,1,5.0,2021-05-01
B0763JPW15,SMOK OKOS Silver Retro Oval Pattern Creative 2 PCS Mens Shirts Cufflinks,2022-02,1,5.0,2022-02-01
B0763RFXQ4,"Turantu ♥Gift for Women♥ Charm Living Memory Floating Round Locket Pendant Necklace, Stainless Steel Toughened Glass Free Chain - Silver",2020-12,1,5.0,2020-12-01
B07644P298,Softrock Gear ST-SRG-CKC-BLK16-R Paracord Keychain with Zink Alloy Carabiner Color: Plain Black (Round),2025-12,1,2.0,2025-12-01
B0765PQ6WW,NINEXIS Womens Long Sleeve Fleece Pullover Hoodie Sweatshirts,2021-02,1,5.0,2021-02-01
B0765PQ6WW,NINEXIS Womens Long Sleeve Fleece Pullover Hoodie Sweatshirts,2022-04,1,5.0,2022-04-01
B0765PQ6WW,NINEXIS Womens Long Sleeve Fleece Pullover Hoodie Sweatshirts,2023-01,1,4.0,2023-01-01
B0765PQ6WW,NINEXIS Womens Long Sleeve Fleece Pullover Hoodie Sweatshirts,2023-02,1,5.0,2023-02-01
B0765PQ6WW,NINEXIS Womens Long Sleeve Fleece Pullover Hoodie Sweatshirts,2023-03,1,3.0,2023-03-01
B0765PQ6WW,NINEXIS Womens Long Sleeve Fleece Pullover Hoodie Sweatshirts,2023-04,1,5.0,2023-04-01
B0765PQ6WW,NINEXIS Womens Long Sleeve Fleece Pullover Hoodie Sweatshirts,2023-05,1,4.0,2023-05-01
B0765PQ6WW,NINEXIS Womens Long Sleeve Fleece Pullover Hoodie Sweatshirts,2023-06,1,3.0,2023-06-01
B0765PQ6WW,NINEXIS Womens Long Sleeve Fleece Pullover Hoodie Sweatshirts,2023-07,1,5.0,2023-07-01
B0765PQ6WW,NINEXIS Womens Long Sleeve Fleece Pullover Hoodie Sweatshirts,2024-05,1,4.0,2024-05-01
B0767RRMH8,TOP PRO Men's 3/4 Sleeve Casual Raglan Jersey Baseball Tee Shirt,2022-07,1,5.0,2022-07-01
B0767RRMH8,TOP PRO Men's 3/4 Sleeve Casual Raglan Jersey Baseball Tee Shirt,2023-08,1,5.0,2023-08-01
B0767RRMH8,TOP PRO Men's 3/4 Sleeve Casual Raglan Jersey Baseball Tee Shirt,2023-11,1,4.0,2023-11-01
B0767RRMH8,TOP PRO Men's 3/4 Sleeve Casual Raglan Jersey Baseball Tee Shirt,2024-04,1,5.0,2024-04-01
B0767RRMH8,TOP PRO Men's 3/4 Sleeve Casual Raglan Jersey Baseball Tee Shirt,2025-01,1,1.0,2025-01-01
B0767RRMH8,TOP PRO Men's 3/4 Sleeve Casual Raglan Jersey Baseball Tee Shirt,2025-10,1,5.0,2025-10-01
B0767RRMH8,TOP PRO Men's 3/4 Sleeve Casual Raglan Jersey Baseball Tee Shirt,2026-04,1,5.0,2026-04-01
B07686738V,prAna Katya Top,2020-05,1,3.0,2020-05-01
B0768VDSNZ,ENCACC Retro Nerd Geek Oversized Eye Glasses Horn Rim Framed Clear Lens Spectacles,2022-11,1,5.0,2022-11-01
B0769LJCYX,I Am Done Adulting Shirt Women Summer Happy Vacation Tops Casual Holilday Short Sleeve Inspirational Gift Shirt Tops,2024-12,1,4.0,2024-12-01
B076BMVCRJ,"Capricia O'dare Women's Seamless Wirefree Racerback Adjustable Straps Sports Bra (XL, 6 Pack)",2023-02,1,5.0,2023-02-01
B076BPJ54S,IVNIS RS90033 Women's Vintage Lace V Back Bridesmaid Party Dress Short Prom Dress Cap Sleeve Burgundy2 L,2021-01,1,1.0,2021-01-01
B076C9RV62,CosCosX 10 Sets Stainless Keychain Pocket Tool EDC Screwdriver Set with Keychain,2022-03,1,5.0,2022-03-01
B076CD6V6Y,"Ekouaer Women's Pajama, Comfort Fit Top and Pants(Dark Grey M)",2021-04,1,5.0,2021-04-01
B076CLSXR7,GRACE KARIN Baby Kids Casual Sleeveless Swing Dresses 6yrs CL992-4,2022-05,1,5.0,2022-05-01
B076DD8X1Q,Green Bay All Day Basic Cotton T-Shirt - X-Large - Grey,2022-01,1,5.0,2022-01-01
B076DD8X1Q,Green Bay All Day Basic Cotton T-Shirt - X-Large - Grey,2023-02,1,5.0,2023-02-01
B076F6VRHH,iliad USA 7027 Womens Button Down Crew Neck Long Sleeve Soft Knit Cardigan Sweater Black 3X-Large,2021-12,1,3.0,2021-12-01
B076GHB8SQ,JJTZX Rustic Branch Bracelet Twig Cuff Bangle Bracelet Personalized Leaf Bracelet Minimalist Natural Bracelet Gift for Her (3 Color Branch Set),2022-05,1,4.0,2022-05-01
B076H322XJ,ESONLAR Vintage Women Long Floor Lenght Dress Casual Long Sleeve Party Homecoming Maxi Dress Navy S,2021-03,1,3.0,2021-03-01
B076H37MC2,8 Set Travel organizers Packing Сubes Luggage Accessories Сlothes Shoes Bag White flamingo,2021-03,1,5.0,2021-03-01
B076H76YPF,Dikoaina Fashion Women Faux Fur Trim Layers Poncho Shawl Cape Cardigan Sweater (Black),2021-11,1,2.0,2021-11-01
B076H76YPF,Dikoaina Fashion Women Faux Fur Trim Layers Poncho Shawl Cape Cardigan Sweater (Black),2022-04,1,1.0,2022-04-01
B076H9G58T,RACHEL Rachel Roy Womens Plus Cold Shoulder Fit & Flare Casual Dress Pink 18W,2021-10,1,1.0,2021-10-01
B076HD8XBP,"SunglassUP - Blue Blocking Oversized Bomber Aviator Sunglasses Amber Tinted Lens (Matte Black, Amber (Blue Buster Lens))",2021-04,1,3.0,2021-04-01
B076HGDV23,Womens Back Lace Color Block Tunic Tops Casual Long Sleeve T-Shirts Blouses With Plaid Hem Black Blue XXL,2022-03,1,4.0,2022-03-01
B076J4D46Y,Blostirno Women's Fleece Lined Leggings Thermal Pantyhose Tights (Black S/M),2021-08,1,5.0,2021-08-01
B076J5SPGR,My Very Best Wise Owl Eye Necklace (Rose Gold Plated Brass),2021-09,1,5.0,2021-09-01
B076J5SPGR,My Very Best Wise Owl Eye Necklace (Rose Gold Plated Brass),2022-11,1,1.0,2022-11-01
B076MCPPZC,Miss Lulu Designer Women Handbags and Purses Structured Work Shoulder Bag (Black/White LT1736),2021-11,1,1.0,2021-11-01
B076MQBP4W,Hawkey Goly Wrist Watch for Men Casual Analog Quartz Watch with Date Display Waterproof,2022-08,1,5.0,2022-08-01
B076MQP31P,"Shopular Anime Wolf Fox/Cat 25"" Plush Tail + 2 Clip Ears Prop Halloween Cosplay New",2025-12,1,3.0,2025-12-01
B076MYYDLZ,Clarsunny Women’s Genuine Leather Casual Soft Flat Boots,2021-03,2,4.0,2021-03-01
B076MYYDLZ,Clarsunny Women’s Genuine Leather Casual Soft Flat Boots,2021-04,1,5.0,2021-04-01
B076MYYDLZ,Clarsunny Women’s Genuine Leather Casual Soft Flat Boots,2021-05,2,4.0,2021-05-01
B076MYYDLZ,Clarsunny Women’s Genuine Leather Casual Soft Flat Boots,2021-12,2,3.5,2021-12-01
B076MYYDLZ,Clarsunny Women’s Genuine Leather Casual Soft Flat Boots,2022-04,1,5.0,2022-04-01
B076MYYDLZ,Clarsunny Women’s Genuine Leather Casual Soft Flat Boots,2022-07,1,5.0,2022-07-01
B076MYYDLZ,Clarsunny Women’s Genuine Leather Casual Soft Flat Boots,2022-08,1,5.0,2022-08-01
B076MYYDLZ,Clarsunny Women’s Genuine Leather Casual Soft Flat Boots,2023-06,1,3.0,2023-06-01
B076MYYDLZ,Clarsunny Women’s Genuine Leather Casual Soft Flat Boots,2024-01,1,3.0,2024-01-01
B076MYYDLZ,Clarsunny Women’s Genuine Leather Casual Soft Flat Boots,2024-11,1,5.0,2024-11-01
B076MYYDLZ,Clarsunny Women’s Genuine Leather Casual Soft Flat Boots,2025-01,1,5.0,2025-01-01
B076P5K4LZ,GEMSME 18K Rose Gold Filled Created Opal 8mm Round Stud Earrings(8mm) (Rose),2021-01,1,5.0,2021-01-01
B076P5K4LZ,GEMSME 18K Rose Gold Filled Created Opal 8mm Round Stud Earrings(8mm) (Rose),2021-03,1,1.0,2021-03-01
B076P72CWD,Tobrief Womens Scoop Neck Color Block Batwing Sleeve Oversized Tunic Tops,2021-05,1,3.0,2021-05-01
B076P7C6P4,1 Pair Stainless Steel 16G (Regular) Hinged Segment Ring Hoop Sleeper Earrings Body Piercing - 10mm Rainbow,2022-03,1,5.0,2022-03-01
B076PHLP9X,Sanchy Women's Winter Thermal Fleece Running Ski Windproof Ponytail Hat Beanie Black,2022-01,1,5.0,2022-01-01
B076PZN43K,"Christmas Scarf - Snow Day, Santa Oblong By Christmas Scarf Company",2021-01,1,3.0,2021-01-01
B076PZN43K,"Christmas Scarf - Snow Day, Santa Oblong By Christmas Scarf Company",2024-02,1,1.0,2024-02-01
B076Q5SB58,"Capricia O'dare Women's Sports Bras Seamless Racerback Wireless Padded for Workout Yoga (Pack A, M)",2021-02,1,5.0,2021-02-01
B076QD9NP1,Jxstar Girls Summer Dress Sleeveless Printing Casual/Party 3-13Years,2019-08,1,5.0,2019-08-01
B076QD9NP1,Jxstar Girls Summer Dress Sleeveless Printing Casual/Party 3-13Years,2021-08,1,5.0,2021-08-01
B076QD9NP1,Jxstar Girls Summer Dress Sleeveless Printing Casual/Party 3-13Years,2021-09,1,4.0,2021-09-01
B076QD9NP1,Jxstar Girls Summer Dress Sleeveless Printing Casual/Party 3-13Years,2021-10,1,5.0,2021-10-01
B076QD9NP1,Jxstar Girls Summer Dress Sleeveless Printing Casual/Party 3-13Years,2021-12,1,5.0,2021-12-01
B076QD9NP1,Jxstar Girls Summer Dress Sleeveless Printing Casual/Party 3-13Years,2022-02,1,5.0,2022-02-01
B076QD9NP1,Jxstar Girls Summer Dress Sleeveless Printing Casual/Party 3-13Years,2022-05,2,5.0,2022-05-01
B076QD9NP1,Jxstar Girls Summer Dress Sleeveless Printing Casual/Party 3-13Years,2022-07,1,5.0,2022-07-01
B076QD9NP1,Jxstar Girls Summer Dress Sleeveless Printing Casual/Party 3-13Years,2022-08,1,5.0,2022-08-01
B076QD9NP1,Jxstar Girls Summer Dress Sleeveless Printing Casual/Party 3-13Years,2024-11,1,5.0,2024-11-01
B076TGJCLY,Free People Teal Cable Knit Women Hooded Sweater Blue XS,2022-09,1,5.0,2022-09-01
B076TH29ZD,ANGVNS Women's Formal V Neck Long Sleeve Lace Fit and Flare Full Length Evening Gowns Dress Wine Red S,2022-06,1,5.0,2022-06-01
B076TH6LVT,Men's John Deere 4-Pack Socks (Gray) - LP68856,2022-02,1,5.0,2022-02-01
B076V6BBY6,"Skechers 97497L Boy's Flex Advantage 2.0 - Cravy Shoes, Black/Gray - 2",2021-08,1,4.0,2021-08-01
B076Y3VCSS,Large Wide Peace Sign Symbol Hippie Ring New 925 Sterling Silver Band Sizes 5-10,2023-04,1,5.0,2023-04-01
B076YZLQ11,Carter's Little Boys' Long Sleeve 2-Pack Cotton Undershirts,2021-02,1,5.0,2021-02-01
B076Z7CQW6,AnapoliZ Beige Jungle Fun Helmet Safari for Kids Fun Pack for Parties and Events | Time for Adventure,2021-11,1,5.0,2021-11-01
B07714MNTJ,XZP Contrasting Leopard Drop Earrings for Women with Omega Back(Red),2021-02,1,4.0,2021-02-01
B0772XR5LT,Fashion 35mm Rhinestone Diamond CZ Silver Dainty Hoop Earrings For Women Girls 14K Rose Gold Cubic Zirconia Hypoallergenic Stainless Steel Huggie Hoops Set,2021-08,2,3.5,2021-08-01
B0772XR5LT,Fashion 35mm Rhinestone Diamond CZ Silver Dainty Hoop Earrings For Women Girls 14K Rose Gold Cubic Zirconia Hypoallergenic Stainless Steel Huggie Hoops Set,2023-02,1,4.0,2023-02-01
B0773B1GY2,Violet Victoria & Fan Star Crystal ICE Skate Charm Pendant Necklace - Skater Necklace 3D,2021-05,1,5.0,2021-05-01
B0773HTYXP,"Compression Socks (3 Pairs), 15-20 mmHg is Best Athletic & Medical for Men & Women, Running, Flight, Travel, Nurses, Pregnant",2021-02,1,5.0,2021-02-01
B0773KLHLK,"Faddare Swing Dress with Pockets,Teenagers Cozy Plaid Dresses,Black Red XL",2022-04,1,2.0,2022-04-01
B0773SKFRC,"ST. Lucia Polo White, 6/L",2022-01,1,5.0,2022-01-01
B0773ZZ48W,Carter's Boys' 2-Pack Tee,2022-09,1,5.0,2022-09-01
B0774HNLLF,"B BANGKOK PANTS Women's Harem Bohemian Hippie Yoga Pajamas Pants Boho Clothing (Gypsy Orange, One Size)",2021-09,1,5.0,2021-09-01
B0776NM2SR,"oxiuly Women's Vintage V-Neck Cap Sleeve Floral Casual Cocktail Party Swing Dress OX233 (2XL, Yellow White)",2024-07,1,4.0,2024-07-01
B0776YC5QJ,"The 1 for U 100% Cotton Nightgown 3/4 Sleeves Laura (White, XXXL)",2023-01,1,3.0,2023-01-01
B0777H8BGC,Something For Everyone Women's Crop Long-Sleeve Top Medium Heather Grey,2021-03,1,5.0,2021-03-01
B0777ZRPYG,Alexis Bittar Rose Gold Tapered Bangle Bracelet,2022-05,1,5.0,2022-05-01
B07792XMQP,1950s Retro Cocktail Party Dress Santa Claus Print Size S CL618-2,2022-08,1,4.0,2022-08-01
B07793BXG2,Latuza Women's Plaid Sleep Shorts XL Black & Green,2021-12,1,5.0,2021-12-01
B07796WJLB,Calvin Klein Womens Form Lightly Lined Demi,2023-05,1,5.0,2023-05-01
B0779JVQM5,"Men's Luxurious Fleece Pajama Premium Lounge Pants with Adjustable Drawstring (Red/Beige, X-Large)",2021-02,1,5.0,2021-02-01
B077BT1ZYL,Military Korea Veteran Polo Shirt,2025-01,1,5.0,2025-01-01
B077BYQDH5,Jug&Po Womens Plaid Button Down Shirts Blouse Tops,2021-06,1,4.0,2021-06-01
B077D2JF2F,365 Sleepers 316L Surgical Steel 20G 18G 16G 14G 12G 10G 8G 6G Septum Hinged Segment Nose Lip Helix Rook Cartilage Ring Hoop Earrings Body Jewelry,2021-04,1,3.0,2021-04-01
B077D2JF2F,365 Sleepers 316L Surgical Steel 20G 18G 16G 14G 12G 10G 8G 6G Septum Hinged Segment Nose Lip Helix Rook Cartilage Ring Hoop Earrings Body Jewelry,2021-05,1,4.0,2021-05-01
B077D2JF2F,365 Sleepers 316L Surgical Steel 20G 18G 16G 14G 12G 10G 8G 6G Septum Hinged Segment Nose Lip Helix Rook Cartilage Ring Hoop Earrings Body Jewelry,2022-03,1,5.0,2022-03-01
B077D2JF2F,365 Sleepers 316L Surgical Steel 20G 18G 16G 14G 12G 10G 8G 6G Septum Hinged Segment Nose Lip Helix Rook Cartilage Ring Hoop Earrings Body Jewelry,2022-04,1,5.0,2022-04-01
B077D2JF2F,365 Sleepers 316L Surgical Steel 20G 18G 16G 14G 12G 10G 8G 6G Septum Hinged Segment Nose Lip Helix Rook Cartilage Ring Hoop Earrings Body Jewelry,2022-07,1,5.0,2022-07-01
B077D2JF2F,365 Sleepers 316L Surgical Steel 20G 18G 16G 14G 12G 10G 8G 6G Septum Hinged Segment Nose Lip Helix Rook Cartilage Ring Hoop Earrings Body Jewelry,2023-04,1,2.0,2023-04-01
B077D2JF2F,365 Sleepers 316L Surgical Steel 20G 18G 16G 14G 12G 10G 8G 6G Septum Hinged Segment Nose Lip Helix Rook Cartilage Ring Hoop Earrings Body Jewelry,2023-06,1,5.0,2023-06-01
B077D2JF2F,365 Sleepers 316L Surgical Steel 20G 18G 16G 14G 12G 10G 8G 6G Septum Hinged Segment Nose Lip Helix Rook Cartilage Ring Hoop Earrings Body Jewelry,2024-09,1,2.0,2024-09-01
B077D7C433,SOURBAN 5Pairs Small Hoop Huggie Stainless Steel Ear Studs Piercing Hypoallergenic Earrings,2021-10,1,5.0,2021-10-01
B077F2TP66,Star Wars Boba Fett Bounty Hunter Men's Crew Socks,2022-08,1,5.0,2022-08-01
B077FR83PK,Cisland Gear Fit2 Pro Strap Leather Replacement & Strap Compatible with Galaxy Gear Fit 2/Fit2 Pro Bands Black Connectors Red Wonderful Girly Floral Print,2022-04,1,4.0,2022-04-01
B077GNV9NS,"NIKE Kids Lebron XV GS, Black/White-White, Youth Size 5.5",2022-01,1,2.0,2022-01-01
B077HVRVVL,Bhwin Christmas Hat Warm Chunky Knit Beanie Handmade Long Tail Knit Santa Hat (Red),2024-01,1,5.0,2024-01-01
B077K4HW2S,"oxiuly Women's Vintage V-Neck Cap Sleeve Floral Casual Cocktail Party Swing Dress OX233 (2XL, Blue White)",2022-06,1,4.0,2022-06-01
B077K6F2G2,"Lookatool Clearance Women's 3D Print Yoga Pants Skinny Workout Gym Leggings (Black, XL)",2022-01,1,1.0,2022-01-01
B077KBW62Q,"Merrell Men's, Sandspur Rift Sandals Black 11 M",2021-11,1,4.0,2021-11-01
B077KT7C4W,"Hawkwell Comfortable Soccer Shoes(Toddler/Little Kid/Big Kid),dk Grey Black PU,11M US",2022-04,1,3.0,2022-04-01
B077L394CM,Women's Long Sleeve Casual Shirt V Neck Chiffon Blouse Tops,2021-11,1,5.0,2021-11-01
B077MMH8FC,"Frankie & Johnny Women's Loungewear Short Sleeve Tee Pajama Set, Coral (FJ1944-1062-LRG)",2021-06,1,5.0,2021-06-01
B077N3K11K,Felina | Cotton Stretch Hi Cut Bikini 6-Pack | Red Combo | Medium,2022-10,1,5.0,2022-10-01
B077N3K969,"Pateel NASA Meatball Logo Hooded Sweatshirt Space Shuttle Rocket Science Geek (Small, Gray)",2021-04,1,5.0,2021-04-01
B077NK36L4,"Pack of 18 No Tie Elastic Shoelaces By Maxstrapz Fabric Style Alternative to Silicone, Super Stretch Nylon Shoe Laces for Kids or Adults, 10 Colors and 3 Sizes Shoestrings (Dark Blue S)",2021-06,1,1.0,2021-06-01
B077P52RDZ,PattyBoutik Women V Neck Ribbed Tunic Knit Top (Moderate Turquoise Large),2022-02,1,5.0,2022-02-01
B077P74FL5,Merry Christmas T-Shirt Womens Xmas Buffalo Plaid Shirts Letter Print Long Sleeve Baseball Raglan Tee Tops,2021-01,1,5.0,2021-01-01
B077P74FL5,Merry Christmas T-Shirt Womens Xmas Buffalo Plaid Shirts Letter Print Long Sleeve Baseball Raglan Tee Tops,2021-02,1,5.0,2021-02-01
B077P74FL5,Merry Christmas T-Shirt Womens Xmas Buffalo Plaid Shirts Letter Print Long Sleeve Baseball Raglan Tee Tops,2021-05,1,5.0,2021-05-01
B077Q7KBJ3,"WOOSEA Women's Short Sleeve Colorblock Slim Bodycon Business Pencil Dress (X-Large, Black+Red)",2023-01,1,5.0,2023-01-01
B077R968JP,John Deere Western Shirt Womens S/S Feeding America XXL Brown 23375432,2024-03,1,5.0,2024-03-01
B077RG4T2N,Gorgeously Rubik's Cube World Denim Baseball Caps Hat Adjustable Cotton Sport Strap Cap For Men Women,2022-07,1,1.0,2022-07-01
B077T4GZZN,Textiles Mexicanos Mexican Soccer Teams Poncho Cobija Blanket,2022-07,1,5.0,2022-07-01
B077TCRW83,"Inkstone (12-pack Inspirational Bracelets Assortment Mix - Be the Change, Live with Purpose, Embrace Your Awesomeness, Turn Dreams into Destiny - Wholesale Bulk Motivational Jewelry for Men Women",2021-05,1,5.0,2021-05-01
B077TGHTMG,"oxiuly Women's Vintage Half Sleeve Casual Floral Flare Party Cocktail Swing A-line Mid-Calf Dress OX270 (S, Black)",2021-08,1,5.0,2021-08-01
B077TT33KP,Men's Hanging Travel Toiletry Bag - Expandable Shaving Dopp Kit,2022-11,1,4.0,2022-11-01
B077XC393B,"Men's Slim Fit Casual One Button Notched Lapel Blazer Jacket (Black, XL)",2022-05,1,1.0,2022-05-01
B077XDVNGP,Women's Plus Size Vintage Patchwork Casual Swing Tea Dress Black Size 3X,2021-09,1,5.0,2021-09-01
B0787T775X,"iSTONE Peacock Made with Swarovski Elements Pendant Necklace,16 inch+2 inch Adjustable (Peacock)",2021-04,1,5.0,2021-04-01
B0789FZMZG,Ermonn Women Distressed Denim Jeans Skinny Stretch Roll Up Ripped Blue Jeans Pants,2022-01,1,3.0,2022-01-01
B078BXML93,AEGISMAX Hooded Winter Down Soldier Hat Down Coat Balaclava Hat with Neck Outdoor Down Hat for Ski Hunting Bike,2023-03,1,4.0,2023-03-01
B078GDQSXP,"WOOSEA Women's 2/3 Sleeve Colorblock Slim Bodycon Wear to Work Pencil Dress (Black+Red, X-Large)",2021-04,1,5.0,2021-04-01
B078GQL8R5,Bar Dangle Threader Drop Earrings Tassel Ear Studs Women Long Linear Simple Hoops Geometric Charm Jewelry 2 Mixed Pair,2021-09,1,5.0,2021-09-01
B078H7Q7TP,MISSKY Women V Neck Long Sleeve Fit Flare A-Line Swing Casual Midi Floral Print Dress with Pockets White-Black Flower L,2021-04,1,3.0,2021-04-01
B078H91FYX,HH HOFNEN Unisex Cotton Plain Newsboy Cap Cabbie Painter Beret Hat (Pink),2021-05,1,5.0,2021-05-01
B078H91FYX,HH HOFNEN Unisex Cotton Plain Newsboy Cap Cabbie Painter Beret Hat (Pink),2022-06,1,4.0,2022-06-01
B078HW47QF,"SunglassUP- Bold Geometric Metal Bridge Octagon Shape Vintage Sun Glasses W/Light Mirrored Lens (Black, Blue Mirror)",2023-01,1,5.0,2023-01-01
B078JKGBB1,"Boloren Women Cowl Neck Maxi Dresses Long Sleeve Loose Plain Maxi Dresses With Pockets, Grey, Large",2021-05,1,3.0,2021-05-01
B078MJC2BV,Floerns Women's Summer Figure Printed Short Sleeve Tops T-Shirts White L,2023-06,1,5.0,2023-06-01
B078NF87KQ,Porsche Design Original Lenses Set Only - For Model P8478-100% Authentic,2025-01,1,3.0,2025-01-01
B078NN9PN2,"Incaton Nose Ring, 16PCS 20G 316L Surgical Stainless Steel Body Jewelry Piercing Nose Hoop Ring and Screw Ring",2021-06,1,5.0,2021-06-01
B078NNW9LD,"Kerr's Choice Long Chain Necklace with Pendant, Jewelry for Women and Girls Lovely Necklace for Her",2021-10,1,1.0,2021-10-01
B078RGXGD1,Myhouse Double Layer Flower Sweater Chain Artificial Rhinestone Long Necklace,2022-07,1,5.0,2022-07-01
B078RGXGD1,Myhouse Double Layer Flower Sweater Chain Artificial Rhinestone Long Necklace,2022-12,2,3.5,2022-12-01
B078RKCYC8,MengPa Fashion Dangle Earrings for Women Tassel Cloth Ball Unique Jewelry Red,2021-06,1,5.0,2021-06-01
B078S2L4NR,Classic Pilot Night Vision HD Glasses with Polarized Yellow Lens Metal Frame for Men Women Driving Shooting Fishing Sunglasses (Night vision glasses/ Silver),2022-01,1,5.0,2022-01-01
B078S35CF8,BILIKE JOMEX Sexy Sequin Dress V-Neck Bodycon Stretchy Mini Cocktail Party Clubwear Dress Color 1 Size 2XL,2022-12,1,3.0,2022-12-01
B078SJBZ4R,"New Complete 100% All Natural Jewelry Cleaning Kit Polishing Cloth, Brush and Cleaner Gold, Silver & Platinum Clean Fine & Fashion",2021-05,1,5.0,2021-05-01
B078SJBZ4R,"New Complete 100% All Natural Jewelry Cleaning Kit Polishing Cloth, Brush and Cleaner Gold, Silver & Platinum Clean Fine & Fashion",2023-08,1,5.0,2023-08-01
B078ST97JY,"ORAZIO 4 Pairs Stainless Steel Rounded Big Hoops Earrings for Women Girls Circle Endless Earrings Sliver Tone Hoops Diameter 30, 40, 50, 60MM",2022-04,1,3.0,2022-04-01
B078T37FCT,HDE 10-Pack of Assorted 100% Cotton Bandanas Solid Color Handkerchief Head Wraps,2023-06,1,4.0,2023-06-01
B078VFVWWS,Rectangle Non Polarized Clip-on Sunglasses,2025-03,1,5.0,2025-03-01
B078X1FQHG,Orchid Row Women's Bead Embellished Faux Fur Fashion Collar Ivory O/S,2021-06,1,5.0,2021-06-01
B078X22LXM,Orchid Row Women's Fashion and Chic Special Occasion Lace Wrap with Faux Fur Collar Black O/S,2021-05,1,4.0,2021-05-01
B078X4FW2Q,Women's Luxury Velvet Turban Headband Pleated Tube Head Wrap Hijab Tube Scarf Gold,2022-12,1,4.0,2022-12-01
B078XL8B74,Irises (Van Gogh) Vinyl Checkbook Cover,2022-08,1,5.0,2022-08-01
B078YBTJZZ,"Native Shoes, Women's Audrey, Adult Shoe",2025-06,1,5.0,2025-06-01
B078Z2C45K,"Tilos Sport Skin Socks for Adults and Kids, Protect Against Hot Sand & Sunburn for Water Sports & Beach Activities",2022-10,1,5.0,2022-10-01
B078ZLXRZH,"LOCS Sunglasses Hardcore Black 0103, Black / Bandana Blue, 5.5w x 1.5h",2025-11,1,5.0,2025-11-01
B0791DFT4L,"Toddler Baby Girl Animal Flamingo Sleeveless Tutu Tulle Dresses Sundress Outfits (Red, 3-4 Years)",2021-12,1,4.0,2021-12-01
B0791G7J4X,Everrich Gothic Long Black Velvet PU Leather Chain Necklace Stretch Tattoo Choker Elastic Tassel Necklaces,2021-06,1,5.0,2021-06-01
B0791LTY18,Tigerdoe Police Hat Kids - 2 Pack Police Hat - Police Helmet for Kids - Swat Helmet - Police Costume for Kids,2022-11,2,3.0,2022-11-01
B0792LYVZD,SmartWool PhD Light Reversible Beanie Black-Char H 1FM,2022-03,1,5.0,2022-03-01
B0792YVBNM,"Mosiyeef Spring Wallet, Minimalist RFID Blocking Credit Card Holder Automatic Pop Up Wallet for Men or Women, Black",2021-07,1,5.0,2021-07-01
B0796TMZFM,Yijiujiuer Women No Show Liner Socks Casual Thin Low Cut Invisible Non-Slip Socks Loafer Socks for Women Flats (Black(6 pairs)),2021-09,1,3.0,2021-09-01
B0798929WL,Linsery Women's Cap Sleeve Plunge V Neck Beautiful Dresses XL Wine Red,2021-05,1,4.0,2021-05-01
B0798K4M9D,"SimpleFun Women Summer Boho V Neck Sleeveless Chevron Striped Long Maxi Tank Dress (S, Black&White)",2021-07,1,5.0,2021-07-01
B0798P9FWB,"Ouija Board Earrings Ouija Board Stud Earrings Ouija Board Jewelry Antique Spirit Board Earrings Witch Spirit World Charming Board Witchcraft,Q0299",2025-11,1,3.0,2025-11-01
B0799KMRKV,Madeline Kelly Women's Micro with Lace Sling Push Up Full Figure Bra Pink 38DD,2021-08,1,5.0,2021-08-01
B0799KX38X,Madeline Kelly Women's Jacquard Multiway Full Figure Bra Beige 36D,2021-08,1,3.0,2021-08-01
B0799P2W6P,"Elena of Avalor Girl's Peignoir Nightgown Set (8, Coral)",2022-10,1,5.0,2022-10-01
B079BQHLDB,PITAYA Sports Yoga Headbands for Women-4 Pack Wide Printing Elasticity Non-Slip Workout Headband Girls,2022-03,1,5.0,2022-03-01
B079C3WG89,"Speidel Swiss Army Style Mens Replacment Strap - 16mm, 18mm,19mm and 20mm, Genuine Leather and Black, Green or Tan Nylon Combination Watch Band, Stainless Steel Metal Clasp",2023-06,1,2.0,2023-06-01
B079DGH753,Merrell Women's Zoe Sojourn Lace Knit Q2 Sneaker,2021-07,1,5.0,2021-07-01
B079DGH753,Merrell Women's Zoe Sojourn Lace Knit Q2 Sneaker,2021-08,1,4.0,2021-08-01
B079DGH753,Merrell Women's Zoe Sojourn Lace Knit Q2 Sneaker,2023-09,1,5.0,2023-09-01
B079F2QZND,AL001 Green Velvet Blouses Shirts Women's Spring Autumn Shirts Tops Velvet Blusas Top Long Sleeve Solid Button Women Tops,2021-11,1,1.0,2021-11-01
B079GNZF2V,Stylish Crossbody Bags Purses Shoulder Bag for Women in Contrast Design,2021-07,1,5.0,2021-07-01
B079GXSYB9,SLEVEL LED Light up Shoes USB Flashing Sneakers for Kids Boys Girls(S22LBlack36),2021-12,1,2.0,2021-12-01
B079LX1SWX,Galaxy by Harvic Boys’ Sweatpants – Basic Active Fleece Jogger Pants (Size: 8-16),2023-07,1,5.0,2023-07-01
B079LX1SWX,Galaxy by Harvic Boys’ Sweatpants – Basic Active Fleece Jogger Pants (Size: 8-16),2025-12,1,1.0,2025-12-01
B079M38LB2,Third Time Charm I Love My Boys/Girls Charm Dangle Photo Beads for Charm Bracelets,2022-09,1,5.0,2022-09-01
B079QC5P1Z,"MLB Youth Boys 1/4 Zip Performance Long Sleeve Top, Cleveland Indians, Large",2022-12,1,5.0,2022-12-01
B079VRJ5YC,"ALPINE Soft Stitched Semi Padded Genuine Leather Buffalo Grain Watch Band in Extra Long for WIDER WRISTS ONLY- Black, Brown, Tan in Sizes 18XL to 26XL (fits wrist sizes 7 1/2 to 9 inch)",2022-03,1,5.0,2022-03-01
B079VRJ5YC,"ALPINE Soft Stitched Semi Padded Genuine Leather Buffalo Grain Watch Band in Extra Long for WIDER WRISTS ONLY- Black, Brown, Tan in Sizes 18XL to 26XL (fits wrist sizes 7 1/2 to 9 inch)",2023-04,1,5.0,2023-04-01
B079VRJ5YC,"ALPINE Soft Stitched Semi Padded Genuine Leather Buffalo Grain Watch Band in Extra Long for WIDER WRISTS ONLY- Black, Brown, Tan in Sizes 18XL to 26XL (fits wrist sizes 7 1/2 to 9 inch)",2024-04,1,4.0,2024-04-01
B079VRJ5YC,"ALPINE Soft Stitched Semi Padded Genuine Leather Buffalo Grain Watch Band in Extra Long for WIDER WRISTS ONLY- Black, Brown, Tan in Sizes 18XL to 26XL (fits wrist sizes 7 1/2 to 9 inch)",2024-12,1,5.0,2024-12-01
B079VRJ5YC,"ALPINE Soft Stitched Semi Padded Genuine Leather Buffalo Grain Watch Band in Extra Long for WIDER WRISTS ONLY- Black, Brown, Tan in Sizes 18XL to 26XL (fits wrist sizes 7 1/2 to 9 inch)",2025-03,1,5.0,2025-03-01
B079XZT2GL,Prada Women's Vitello Daino Black Leather Satchel Bag Handbag 1BC051,2025-05,1,5.0,2025-05-01
B079YRFYRW,Roar BJJ Rash Guards MMA Grappling Jiu Jitsu Training No Gi Fight Wear Shirt UFC,2022-10,1,5.0,2022-10-01
B079ZMYX55,3 PAIRS Combo Pack - Flip Flop Tabi Toe Socks Stylish Fun Casual Split Toe V-Toe Socks,2016-02,2,5.0,2016-02-01
B079ZMYX55,3 PAIRS Combo Pack - Flip Flop Tabi Toe Socks Stylish Fun Casual Split Toe V-Toe Socks,2018-01,1,4.0,2018-01-01
B079ZMYX55,3 PAIRS Combo Pack - Flip Flop Tabi Toe Socks Stylish Fun Casual Split Toe V-Toe Socks,2019-05,1,5.0,2019-05-01
B079ZMYX55,3 PAIRS Combo Pack - Flip Flop Tabi Toe Socks Stylish Fun Casual Split Toe V-Toe Socks,2019-12,1,5.0,2019-12-01
B07B2HCXVD,Lujuny Rainbow Necklace Earring Bracelet Jewelry Set - AAA Zircon Rose Gold Flower Pendant Ear Stud and Leaf Link Bangle (Large Rainbow Bracelet),2021-10,1,3.0,2021-10-01
B07B3Y95KW,NEW-ALLEN-ALLEN Womens Relaxed Fit Linen Pull On Pant 100 Linen Variet. Size: XL. Color Granite,2021-07,1,5.0,2021-07-01
B07B49ZHCP,GRACE KARIN Women V Neck Flared A-Line Short Swing Dress Size L Green,2022-06,1,2.0,2022-06-01
B07B4Q126W,ZESICA Women's Summer Spaghetti Strap Solid Color Button Down Swing Midi Dress White Small,2021-07,1,3.0,2021-07-01
B07B4RFSBP,"ZESICA Women's Summer Spaghetti Strap Solid Color Button Down Swing Midi Dress, Navy, Medium",2021-11,1,1.0,2021-11-01
B07B4VPWKK,"Men's Cozy Memory Foam Moccasin Slippers Microsuede Slip-on Slippers Anti-Slip Loafers Shoes Indoor Outdoor (11 M US Man, Beige)",2021-08,1,5.0,2021-08-01
B07B6B3SGH,SmartFit Denim Girls' Toddler Reese Play Sandal 1 Regular,2022-05,1,3.0,2022-05-01
B07B9Q1XCB,Womens Shirts and Blouses Short Sleeve Summer Tunic Tops for Leggings Red L,2021-08,1,5.0,2021-08-01
B07BDCH528,SOJOS Cat Eye Sunglasses for Women Fashion Designer Style Mirrored Lenses SJ1001 with SJ1001C2Gold/Pink and SJ1001C4Silver/Silver,2021-06,1,5.0,2021-06-01
B07BDCH528,SOJOS Cat Eye Sunglasses for Women Fashion Designer Style Mirrored Lenses SJ1001 with SJ1001C2Gold/Pink and SJ1001C4Silver/Silver,2021-07,1,4.0,2021-07-01
B07BDHBZ8K,Fashion Man's Rings Black Gold Plated Rings with ruby Rings Jewelry Gift,2022-02,1,5.0,2022-02-01
B07BDMF9TS,"KEEDONE Women's Short Sleeve Swing Dress Casual Loose Tunic Dress (S, Purple)",2022-11,1,3.0,2022-11-01
B07BF6SPC2,"VETIOR Knee Length Dress, Women's Vintage Sleeveless Scoop Neck Floral Midi Dress",2022-08,1,5.0,2022-08-01
B07BFTVJV4,Dearlove Womens Casual V Neck Short Sleeve Loose Wide Legs Elastic Waist Long Pant Jumpsuits Rompers with Pockets Solid Black Medium,2022-02,1,3.0,2022-02-01
B07BFVH5KL,Tiny Sterling Silver Star Moon Hypoallergenic Stud Earring For Women Girls,2022-01,1,5.0,2022-01-01
B07BHGZ963,KENDALL + KYLIE Poppy-Copper,2023-01,1,3.0,2023-01-01
B07BHRS7L7,Hilton HP2243 - Cruiser Bowling Shirt,2020-04,1,5.0,2020-04-01
B07BHRS7L7,Hilton HP2243 - Cruiser Bowling Shirt,2025-06,1,3.0,2025-06-01
B07BJ339SD,"Stainless Steel Watch Bands with Straight & Curved End 5 Color(Gold, Sliver, Black, Rose Gold, Gold-Silver Two Tone) 9 Size(12mm to 24mm)",2021-05,1,4.0,2021-05-01
B07BJ9G6Q9,The Elixir Arm Sleeves UV Sun Protective Arm Compression Cover Warmer Cooler,2017-09,1,5.0,2017-09-01
B07BJ9G6Q9,The Elixir Arm Sleeves UV Sun Protective Arm Compression Cover Warmer Cooler,2017-10,1,4.0,2017-10-01
B07BJ9G6Q9,The Elixir Arm Sleeves UV Sun Protective Arm Compression Cover Warmer Cooler,2019-07,1,5.0,2019-07-01
B07BJ9G6Q9,The Elixir Arm Sleeves UV Sun Protective Arm Compression Cover Warmer Cooler,2019-09,2,4.5,2019-09-01
B07BJ9G6Q9,The Elixir Arm Sleeves UV Sun Protective Arm Compression Cover Warmer Cooler,2020-05,1,5.0,2020-05-01
B07BJ9G6Q9,The Elixir Arm Sleeves UV Sun Protective Arm Compression Cover Warmer Cooler,2020-07,1,1.0,2020-07-01
B07BJ9G6Q9,The Elixir Arm Sleeves UV Sun Protective Arm Compression Cover Warmer Cooler,2020-08,1,1.0,2020-08-01
B07BJ9G6Q9,The Elixir Arm Sleeves UV Sun Protective Arm Compression Cover Warmer Cooler,2021-06,1,5.0,2021-06-01
B07BJ9G6Q9,The Elixir Arm Sleeves UV Sun Protective Arm Compression Cover Warmer Cooler,2022-01,1,1.0,2022-01-01
B07BJ9G6Q9,The Elixir Arm Sleeves UV Sun Protective Arm Compression Cover Warmer Cooler,2022-08,1,5.0,2022-08-01
B07BJ9G6Q9,The Elixir Arm Sleeves UV Sun Protective Arm Compression Cover Warmer Cooler,2022-09,1,5.0,2022-09-01
B07BJ9G6Q9,The Elixir Arm Sleeves UV Sun Protective Arm Compression Cover Warmer Cooler,2023-07,1,3.0,2023-07-01
B07BJLQ1D2,CeCe Halter Neck Ruffled Dress Viva Pink 4,2022-09,1,3.0,2022-09-01
B07BJZ1DS1,"DAVID ARCHY Men's 3 Pack Bamboo Rayon Underwear Soft Breathable Boxer Briefs with Fly (M, Brown/Olive Green/Bright Blue)",2022-08,1,5.0,2022-08-01
B07BKNT4KV,LGLR UV Protection Sun Hats Packable Summer Hat for Women Chin Strap 55-59CM (Black),2021-09,1,3.0,2021-09-01
B07BKVRYDZ,"Revs Premium Massage Flip Flops - Massage Footbed for Better Health, Pain Relief, Increase in Circulation & Energy",2019-09,1,4.0,2019-09-01
B07BKVRYDZ,"Revs Premium Massage Flip Flops - Massage Footbed for Better Health, Pain Relief, Increase in Circulation & Energy",2020-01,1,5.0,2020-01-01
B07BKVRYDZ,"Revs Premium Massage Flip Flops - Massage Footbed for Better Health, Pain Relief, Increase in Circulation & Energy",2020-09,2,3.5,2020-09-01
B07BKVRYDZ,"Revs Premium Massage Flip Flops - Massage Footbed for Better Health, Pain Relief, Increase in Circulation & Energy",2022-06,1,3.0,2022-06-01
B07BKVRYDZ,"Revs Premium Massage Flip Flops - Massage Footbed for Better Health, Pain Relief, Increase in Circulation & Energy",2022-10,1,5.0,2022-10-01
B07BKVRYDZ,"Revs Premium Massage Flip Flops - Massage Footbed for Better Health, Pain Relief, Increase in Circulation & Energy",2023-04,1,1.0,2023-04-01
B07BKVRYDZ,"Revs Premium Massage Flip Flops - Massage Footbed for Better Health, Pain Relief, Increase in Circulation & Energy",2024-08,1,1.0,2024-08-01
B07BLZSXYR,"Luvrobes Women's Cotton Knit Kimono Robe (XL, Pale Blue)",2021-11,1,5.0,2021-11-01
B07BM9GWG7,NELEUS Men's 3 Pack Athletic Compression Under Base Layer Sport Tank Top,2019-07,1,4.0,2019-07-01
B07BM9GWG7,NELEUS Men's 3 Pack Athletic Compression Under Base Layer Sport Tank Top,2019-09,1,5.0,2019-09-01
B07BM9GWG7,NELEUS Men's 3 Pack Athletic Compression Under Base Layer Sport Tank Top,2020-03,1,1.0,2020-03-01
B07BM9GWG7,NELEUS Men's 3 Pack Athletic Compression Under Base Layer Sport Tank Top,2020-05,1,5.0,2020-05-01
B07BM9GWG7,NELEUS Men's 3 Pack Athletic Compression Under Base Layer Sport Tank Top,2020-08,1,5.0,2020-08-01
B07BM9GWG7,NELEUS Men's 3 Pack Athletic Compression Under Base Layer Sport Tank Top,2021-05,2,4.0,2021-05-01
B07BM9GWG7,NELEUS Men's 3 Pack Athletic Compression Under Base Layer Sport Tank Top,2021-10,1,5.0,2021-10-01
B07BM9GWG7,NELEUS Men's 3 Pack Athletic Compression Under Base Layer Sport Tank Top,2022-06,1,3.0,2022-06-01
B07BM9GWG7,NELEUS Men's 3 Pack Athletic Compression Under Base Layer Sport Tank Top,2022-07,2,3.0,2022-07-01
B07BM9GWG7,NELEUS Men's 3 Pack Athletic Compression Under Base Layer Sport Tank Top,2022-09,4,3.25,2022-09-01
B07BM9GWG7,NELEUS Men's 3 Pack Athletic Compression Under Base Layer Sport Tank Top,2022-10,1,5.0,2022-10-01
B07BM9GWG7,NELEUS Men's 3 Pack Athletic Compression Under Base Layer Sport Tank Top,2022-11,1,3.0,2022-11-01
B07BM9GWG7,NELEUS Men's 3 Pack Athletic Compression Under Base Layer Sport Tank Top,2022-12,1,5.0,2022-12-01
B07BM9GWG7,NELEUS Men's 3 Pack Athletic Compression Under Base Layer Sport Tank Top,2023-03,1,5.0,2023-03-01
B07BM9GWG7,NELEUS Men's 3 Pack Athletic Compression Under Base Layer Sport Tank Top,2023-05,1,5.0,2023-05-01
B07BM9GWG7,NELEUS Men's 3 Pack Athletic Compression Under Base Layer Sport Tank Top,2023-06,1,5.0,2023-06-01
B07BM9GWG7,NELEUS Men's 3 Pack Athletic Compression Under Base Layer Sport Tank Top,2024-01,1,5.0,2024-01-01
B07BM9GWG7,NELEUS Men's 3 Pack Athletic Compression Under Base Layer Sport Tank Top,2024-05,1,5.0,2024-05-01
B07BM9GWG7,NELEUS Men's 3 Pack Athletic Compression Under Base Layer Sport Tank Top,2024-07,1,4.0,2024-07-01
B07BM9GWG7,NELEUS Men's 3 Pack Athletic Compression Under Base Layer Sport Tank Top,2024-11,1,2.0,2024-11-01
B07BM9GWG7,NELEUS Men's 3 Pack Athletic Compression Under Base Layer Sport Tank Top,2025-05,1,1.0,2025-05-01
B07BM9GWG7,NELEUS Men's 3 Pack Athletic Compression Under Base Layer Sport Tank Top,2025-08,1,4.0,2025-08-01
B07BM9GWG7,NELEUS Men's 3 Pack Athletic Compression Under Base Layer Sport Tank Top,2025-09,1,5.0,2025-09-01
B07BM9GWG7,NELEUS Men's 3 Pack Athletic Compression Under Base Layer Sport Tank Top,2026-02,2,4.0,2026-02-01
B07BMGH6CV,B-Unique T Strap Hand Made High Heel Sandals for Women 2.4 inch Red Leather Heeled Sandal Open Heel Open Toe Ankle Strap Buckle,2022-06,1,4.0,2022-06-01
B07BMTV2HS,Kid Nation Girls' Pullover Easter Rabbit Short Sleeve Round Neck Sweater Pink,2022-09,1,4.0,2022-09-01
B07BN1B868,"Altra Mens Trail Short 2.0, Grey, X-Large",2021-11,1,5.0,2021-11-01
B07BN1YVQS,"Dog is Good Scrub Top It's All Fun & Games - Relaxed Fit, Pockets, Gift for Dog & Cat Lovers, Veterinarians, Vet Techs, Nurses (Wine, X-Small)",2020-02,1,4.0,2020-02-01
B07BN1YVQS,"Dog is Good Scrub Top It's All Fun & Games - Relaxed Fit, Pockets, Gift for Dog & Cat Lovers, Veterinarians, Vet Techs, Nurses (Wine, X-Small)",2020-07,1,5.0,2020-07-01
B07BN1YVQS,"Dog is Good Scrub Top It's All Fun & Games - Relaxed Fit, Pockets, Gift for Dog & Cat Lovers, Veterinarians, Vet Techs, Nurses (Wine, X-Small)",2021-02,1,5.0,2021-02-01
B07BN1YVQS,"Dog is Good Scrub Top It's All Fun & Games - Relaxed Fit, Pockets, Gift for Dog & Cat Lovers, Veterinarians, Vet Techs, Nurses (Wine, X-Small)",2022-02,1,5.0,2022-02-01
B07BNHM7CY,DIDK Women's Letter Print Cami and Shorts Pajama Set Black M,2023-05,1,5.0,2023-05-01
B07BNZX95X,Lubber Halloween Plague Doctor Mask Leather Retro Steampunk Costume For Cosplay Party Props,2021-12,1,4.0,2021-12-01
B07BQ5JQYV,SA106¬ Womens High Point Squared Half Rim Look Cat Eye Sunglasses,2020-04,1,3.0,2020-04-01
B07BQ5JQYV,SA106¬ Womens High Point Squared Half Rim Look Cat Eye Sunglasses,2020-10,1,5.0,2020-10-01
B07BQ5JQYV,SA106¬ Womens High Point Squared Half Rim Look Cat Eye Sunglasses,2022-05,1,5.0,2022-05-01
B07BQHY7CH,sunglassLA - Extreme Thin Cat Eye Sunglasses Neutral Colored Flat Lens 53mm (Black/Smoke),2022-05,1,5.0,2022-05-01
B07BQPBKQH,"Swmmer Liket 2 Pieces Set Womens Maxi Dress Split Summer Red Long Dresses For Women,Large,Red",2021-06,1,5.0,2021-06-01
B07BR2PG81,Believe London Hematite Magnetic Therapy Bracelet with Jewelry Bag & Meaning Card | Strong Elastic | Precious Natural Stones Healing,2021-11,1,5.0,2021-11-01
B07BR2PG81,Believe London Hematite Magnetic Therapy Bracelet with Jewelry Bag & Meaning Card | Strong Elastic | Precious Natural Stones Healing,2023-03,1,5.0,2023-03-01
B07BR2PG81,Believe London Hematite Magnetic Therapy Bracelet with Jewelry Bag & Meaning Card | Strong Elastic | Precious Natural Stones Healing,2023-06,1,4.0,2023-06-01
B07BR2PG81,Believe London Hematite Magnetic Therapy Bracelet with Jewelry Bag & Meaning Card | Strong Elastic | Precious Natural Stones Healing,2024-01,1,5.0,2024-01-01
B07BR2PG81,Believe London Hematite Magnetic Therapy Bracelet with Jewelry Bag & Meaning Card | Strong Elastic | Precious Natural Stones Healing,2024-03,1,5.0,2024-03-01
B07BR6GW6H,Neonysweets Women Sports Yoga Workout Leggings Hidden Pocket,2019-12,1,5.0,2019-12-01
B07BR6GW6H,Neonysweets Women Sports Yoga Workout Leggings Hidden Pocket,2020-02,1,5.0,2020-02-01
B07BR6GW6H,Neonysweets Women Sports Yoga Workout Leggings Hidden Pocket,2020-10,1,5.0,2020-10-01
B07BR6GW6H,Neonysweets Women Sports Yoga Workout Leggings Hidden Pocket,2021-05,1,4.0,2021-05-01
B07BSDDXR3,Lancher Key Chain with (2 Extra Key Rings and Gift Box) Heavy Duty Car Keychain for Man and Women,2021-07,1,5.0,2021-07-01
B07BSDDXR3,Lancher Key Chain with (2 Extra Key Rings and Gift Box) Heavy Duty Car Keychain for Man and Women,2021-09,1,5.0,2021-09-01
B07BSDDXR3,Lancher Key Chain with (2 Extra Key Rings and Gift Box) Heavy Duty Car Keychain for Man and Women,2021-12,1,5.0,2021-12-01
B07BT5Y5VS,Howstar Women's Half Sleeve T Shirt Casual Summer Blouse with Zipper Work Shirts Plain Tank Top,2022-10,1,5.0,2022-10-01
B07BTGW735,MySocks Unisex Extra Fine Combed Cotton Crew Socks |Colourful Designs | Seamless Toe | Make Your Steps Enjoyable,2019-02,1,5.0,2019-02-01
B07BTLBSMD,Nike Womens Dri-Fit Fitness Workout T-Shirt,2019-01,1,5.0,2019-01-01
B07BTLBSMD,Nike Womens Dri-Fit Fitness Workout T-Shirt,2020-09,1,5.0,2020-09-01
B07BTLBSMD,Nike Womens Dri-Fit Fitness Workout T-Shirt,2020-10,1,5.0,2020-10-01
B07BTLBSMD,Nike Womens Dri-Fit Fitness Workout T-Shirt,2021-03,1,5.0,2021-03-01
B07BTLBSMD,Nike Womens Dri-Fit Fitness Workout T-Shirt,2021-05,1,5.0,2021-05-01
B07BTLBSMD,Nike Womens Dri-Fit Fitness Workout T-Shirt,2021-06,1,2.0,2021-06-01
B07BTLBSMD,Nike Womens Dri-Fit Fitness Workout T-Shirt,2021-07,2,4.0,2021-07-01
B07BTLBSMD,Nike Womens Dri-Fit Fitness Workout T-Shirt,2021-10,1,5.0,2021-10-01
B07BTLBSMD,Nike Womens Dri-Fit Fitness Workout T-Shirt,2021-12,1,5.0,2021-12-01
B07BTLBSMD,Nike Womens Dri-Fit Fitness Workout T-Shirt,2022-04,1,5.0,2022-04-01
B07BTLBSMD,Nike Womens Dri-Fit Fitness Workout T-Shirt,2022-07,1,5.0,2022-07-01
B07BTLBSMD,Nike Womens Dri-Fit Fitness Workout T-Shirt,2025-04,1,4.0,2025-04-01
B07BTQN73T,"dilinte Long Sleeve One Piece Swimsuit Floral Print Zipper Sun Protection Swimsuit Rash Guard Bathing Suit (L, Color#11)",2021-06,1,5.0,2021-06-01
B07BTR665V,National Brushed Back Satin Pajamas,2018-12,1,5.0,2018-12-01
B07BTR665V,National Brushed Back Satin Pajamas,2022-04,1,5.0,2022-04-01
B07BV93YBL,REETOYO Women's High Waisted Boot Cut Yoga Pants Workout Bootleg Flares Pants with Inner Pocket,2021-10,1,3.0,2021-10-01
B07BVS7SYR,Black Cowhide Nappa Leather Dual Eyeglass Case Color: Black,2019-03,1,5.0,2019-03-01
B07BVS7SYR,Black Cowhide Nappa Leather Dual Eyeglass Case Color: Black,2020-09,1,1.0,2020-09-01
B07BVV746L,PAVOI 14K Gold Plated Sterling Silver Cubic Zirconia Drop Huggie Hoop Earrings for Women in Yellow Gold,2022-08,1,5.0,2022-08-01
B07BW9G9MW,Women's Casual Halter Shirt Sleeveless Tank Tops Solid Color Blouse Cute Ladies Blouses,2022-09,1,2.0,2022-09-01
B07BWD7V45,Jepwe Womens Sleeveless Lace Tank Tops Plain Flowy Spaghetti Halter Camis Tops Wine Red,2022-04,1,5.0,2022-04-01
B07BWJRHG4,Herou Women's Sleeveless Casual Cotton Tank Striped Dress Rose Large,2022-07,1,5.0,2022-07-01
B07BX4X456,Herou Striped Tank Flared Summer Dress for Women Acid Blue Large,2021-11,1,5.0,2021-11-01
B07BXVGS3W,"SweatyRocks Women's Embroidered Flower High Waist Skinny Ankle Leggings Pants (Medium, Grey)",2022-05,1,1.0,2022-05-01
B07BY6ZSLD,"Anddyam Kids Family Household Anti-Slip Indoor Outdoor Home Slippers for Girls and Boys (13.5-1 Little Kid, Green)",2021-08,1,4.0,2021-08-01
B07BYL4BG4,Futuristic Mens Oversized Shield Mono Lens Sport Warp Sunglasses,2022-10,1,5.0,2022-10-01
B07BYSQDYT,Brighton Robes La Serren Women's Terry Cotton Zipper Front Sleeveless Two Pocket Robe Sleepwear Beach Dress House Dress,2025-08,1,5.0,2025-08-01
B07C12HKTZ,"Personalized Let's Celebrate Necklace. Customize a Sterling Silver Disc and, Rectangle Disc and Birthstone. Choice of Sterling SIlver Chain. Swarovski Birthstone, Baby Feet. Gift for Mothers.",2022-01,1,5.0,2022-01-01
B07C1X6VS1,Muscle Cut Workout Crew Neck - Open Sides - Made in The USA,2021-10,1,5.0,2021-10-01
B07C28CWYZ,Mickey Wizard Plush Hat,2015-05,1,4.0,2015-05-01
B07C298CDP,"89th&Madison Rounded Shawl Collar Cardigan Shrug (1X, Black)",2022-04,1,5.0,2022-04-01
B07C2P78WW,Miss Me Extended Sizes Glitz Border Medium Wash Mid-Rise Cuffed Capris M3153P (33),2021-06,1,5.0,2021-06-01
B07C2QYTYT,"GYS Women's Rayon Sleep Short, Black, L",2022-01,1,5.0,2022-01-01
B07C2TBMLY,BONESUN Women Plus Size Striped Batwing Linen Cotton Loose Kaftan Casual Dress Black XL,2021-11,1,5.0,2021-11-01
B07C3LZB52,VUJANTIRY Stainless Steel Paved Sequins Bracelet Wide Open Bangle Cuff Bracelet for Women Gold/Silver (Silver),2022-08,1,1.0,2022-08-01
B07C4NBL9F,KingSize Men's Big & Tall Lightweight Jersey Cargo Sweatpants,2021-05,1,4.0,2021-05-01
B07C4NBL9F,KingSize Men's Big & Tall Lightweight Jersey Cargo Sweatpants,2022-02,1,5.0,2022-02-01
B07C4NBL9F,KingSize Men's Big & Tall Lightweight Jersey Cargo Sweatpants,2022-06,1,4.0,2022-06-01
B07C4NBL9F,KingSize Men's Big & Tall Lightweight Jersey Cargo Sweatpants,2022-12,1,5.0,2022-12-01
B07C4T71NX,Dirndl Trachten Haus 2-Piece Leather German Oktoberfest Lederhosen Shorts Brown,2018-08,1,5.0,2018-08-01
B07C4TX5FB,Womens Floral High Neck Bikini Set Two Piece Push Up Padded Beach Swimwear Size S/US 0-2 (Blue-1),2022-07,1,1.0,2022-07-01
B07C5N2GTS,Allegra K Women's Back to Slit Sides Above Knee Straight Skirt Yellow L (US 14),2022-06,1,5.0,2022-06-01
B07C7YMBJX,"Coopache Invisible Ring Size Adjuster for Loose Rings – Ring Guard, Ring Sizer, 7 Sizes Fit Almost Any Ring",2021-08,1,2.0,2021-08-01
B07C82FSVZ,"Amoretu Women's Sleeveless African Print Bodycon Maxi Evening Dress (Blue, XL)",2023-08,1,1.0,2023-08-01
B07C87PKG7,Yellow Box Najah Black 7.5,2022-02,1,5.0,2022-02-01
B07C8B8X1J,Women Satin Bridesmaid Dress Maxi Prom Dresses Plus Size 18 Purple CL675-3,2021-10,1,5.0,2021-10-01
B07C8HMVKR,Ritche 18mm NATO Strap Nylon Watch Band Replacement Watch Straps for Men Women,2022-06,1,4.0,2022-06-01
B07CB95B8T,MSBASIC Women's Summer Dresses Elegant Pleated Work Dress Navy Peony L,2022-11,1,4.0,2022-11-01
B07CBRVFC3,Dance Girls Jewelry Gift Expandable Wire Bangle Bracelet for Women Dancer Gifts Just Dance,2025-07,1,5.0,2025-07-01
B07CG3MKX4,Womens Plain Summer Casual Loose Flowy Swing Beach Long Maxi Sundresses Wine L,2021-08,1,2.0,2021-08-01
B07CG4ZH8X,"WESIDOM Women's Dress Button up Split Maxi Boho Bohemian Floral Print Beach Long Vestido (L-White, X-Large(US 12-14))",2021-07,1,3.0,2021-07-01
B07CG7PPJV,GRACE KARIN Chiffon Evening Gowns Sweetheart Bodice Plus Size 20 Black CL675-1,2023-01,1,3.0,2023-01-01
B07CG8HNWL,Silver Forest Earrings - silver evening rain blue,2023-04,1,5.0,2023-04-01
B07CG98MN8,"Women's Floral Print Casual Dress Short Sleeve Patchwork A-Line Loose T-Shirt Swing Dresses,Black S",2021-08,1,3.0,2021-08-01
B07CGB6CZM,Tgirls Simple Long Chain Arrow Necklace With Pendant for Women and Girls XL-49,2023-01,1,4.0,2023-01-01
B07CHTZ1HM,Neonysweets Womens Gym Fitness Yoga Shorts Cotton Half Pants,2019-08,1,2.0,2019-08-01
B07CHTZ1HM,Neonysweets Womens Gym Fitness Yoga Shorts Cotton Half Pants,2020-07,1,5.0,2020-07-01
B07CHTZ1HM,Neonysweets Womens Gym Fitness Yoga Shorts Cotton Half Pants,2020-08,1,5.0,2020-08-01
B07CHTZ1HM,Neonysweets Womens Gym Fitness Yoga Shorts Cotton Half Pants,2020-09,1,5.0,2020-09-01
B07CHTZ1HM,Neonysweets Womens Gym Fitness Yoga Shorts Cotton Half Pants,2020-10,1,5.0,2020-10-01
B07CHTZ1HM,Neonysweets Womens Gym Fitness Yoga Shorts Cotton Half Pants,2020-11,1,4.0,2020-11-01
B07CHTZ1HM,Neonysweets Womens Gym Fitness Yoga Shorts Cotton Half Pants,2022-01,1,5.0,2022-01-01
B07CJGPQ5Y,Milumia Women's Contrast Binding Wrap Short V Neck Dress Green Medium,2021-10,1,5.0,2021-10-01
B07CJGX2JD,jeansian Men's Sport Dry Slim Fit Long Sleeves T-Shirt Tee Shirt Tshirt Tops Golf Tennis Bowling LA184,2021-01,1,5.0,2021-01-01
B07CK3SQHX,"momomio Fall Kimonos for Women Long Sheer Chiffon Boho Floral Kimono Cardigan Cover Up S-2XL (2XL, Floral Pink)",2022-05,1,5.0,2022-05-01
B07CK9ZY8S,SA106 Avant Garde Double Circle Frame Round Designer Fashion Retro Sunglasses,2019-03,1,4.0,2019-03-01
B07CK9ZY8S,SA106 Avant Garde Double Circle Frame Round Designer Fashion Retro Sunglasses,2020-09,1,5.0,2020-09-01
B07CKJQMCX,Calabria 715 Flexies Rimless Reading Glasses for Women | Women's Readers | 17 Power Options,2016-08,1,4.0,2016-08-01
B07CKJQMCX,Calabria 715 Flexies Rimless Reading Glasses for Women | Women's Readers | 17 Power Options,2017-02,1,3.0,2017-02-01
B07CKV8PNY,"Jeatonge 6 Pcs Mens Ties and 3 Free Tie Clips, Men's Classic Tie Necktie Woven Jacquard Neck Ties Gift box packing (Style 12)",2023-06,1,5.0,2023-06-01
B07CKVKC6V,HODLEX Sport Outdoor Military Backpacks for Boys Tactical Combat Rucksack Backpack Assault Pack Backpack Tactical Military Backpack for Women 25L (Sand Color),2021-12,1,5.0,2021-12-01
B07CKXXGGM,SULYSI Anklet for Women Conch Blue Stone Starfish & Charm Pearl Anklet Chain Bracelet Beach Foot Jewelry,2021-08,1,5.0,2021-08-01
B07CM22KMT,ZESICA Women's Summer Striped Spaghetti Strap Button Down Swing Midi Dress with Pockets Khaki Small,2021-07,1,5.0,2021-07-01
B07CM4C9BD,grinderPUNCH - Non-Prescription Round Circle Frame Clear Lens Glasses,2020-02,1,4.0,2020-02-01
B07CM4C9BD,grinderPUNCH - Non-Prescription Round Circle Frame Clear Lens Glasses,2020-04,1,4.0,2020-04-01
B07CM4C9BD,grinderPUNCH - Non-Prescription Round Circle Frame Clear Lens Glasses,2020-08,1,5.0,2020-08-01
B07CM4C9BD,grinderPUNCH - Non-Prescription Round Circle Frame Clear Lens Glasses,2020-09,1,5.0,2020-09-01
B07CM4C9BD,grinderPUNCH - Non-Prescription Round Circle Frame Clear Lens Glasses,2020-10,1,5.0,2020-10-01
B07CM4C9BD,grinderPUNCH - Non-Prescription Round Circle Frame Clear Lens Glasses,2020-12,1,5.0,2020-12-01
B07CM4C9BD,grinderPUNCH - Non-Prescription Round Circle Frame Clear Lens Glasses,2021-03,1,5.0,2021-03-01
B07CM4C9BD,grinderPUNCH - Non-Prescription Round Circle Frame Clear Lens Glasses,2021-05,1,5.0,2021-05-01
B07CM4C9BD,grinderPUNCH - Non-Prescription Round Circle Frame Clear Lens Glasses,2024-05,1,5.0,2024-05-01
B07CM4C9BD,grinderPUNCH - Non-Prescription Round Circle Frame Clear Lens Glasses,2024-09,1,5.0,2024-09-01
B07CMMNZ3B,Herou Cotton Dresses for Women Casual Summer Medium Blue,2022-02,1,5.0,2022-02-01
B07CN3D7DR,Girls Skirted Leotards Ballet Dance Tutu Princess Dress Ballerina Costumes 3-8Y,2023-03,1,4.0,2023-03-01
B07CN3D7DR,Girls Skirted Leotards Ballet Dance Tutu Princess Dress Ballerina Costumes 3-8Y,2023-06,1,5.0,2023-06-01
B07CN5QGVY,Fruit of the Loom Mens 5 Pack of Athletic Vests Tank Top T Shirt,2019-07,1,4.0,2019-07-01
B07CN5QGVY,Fruit of the Loom Mens 5 Pack of Athletic Vests Tank Top T Shirt,2021-04,1,2.0,2021-04-01
B07CN5XZQZ,"Secret Treasures RV There Yet Womens RV Camper 2 Piece Knit Pajama Sleep Set,Blue,3X/22W-24W",2021-11,1,5.0,2021-11-01
B07CNCNF2P,ALoveSoul Wooden Earrings for Women - Big Round Circle Geometric Wood Drop Dangle Hook Earrings,2022-05,1,5.0,2022-05-01
B07CNCNF2P,ALoveSoul Wooden Earrings for Women - Big Round Circle Geometric Wood Drop Dangle Hook Earrings,2022-11,1,4.0,2022-11-01
B07CNCNF2P,ALoveSoul Wooden Earrings for Women - Big Round Circle Geometric Wood Drop Dangle Hook Earrings,2023-10,1,5.0,2023-10-01
B07CP59B2G,JEE.MDNMD.OO Girls' Flutter Sleeve Skirted Leotard Black,2021-11,1,5.0,2021-11-01
B07CP59B2G,JEE.MDNMD.OO Girls' Flutter Sleeve Skirted Leotard Black,2022-06,1,4.0,2022-06-01
B07CPL3F83,JewelrieShop Rhinestones Crystal Ball Stud Earrings Set Fireball Disco Ball Pave Bead Earrings Hypoallergenic for Girls Women,2017-07,1,2.0,2017-07-01
B07CPL3F83,JewelrieShop Rhinestones Crystal Ball Stud Earrings Set Fireball Disco Ball Pave Bead Earrings Hypoallergenic for Girls Women,2017-12,1,3.0,2017-12-01
B07CPL3F83,JewelrieShop Rhinestones Crystal Ball Stud Earrings Set Fireball Disco Ball Pave Bead Earrings Hypoallergenic for Girls Women,2018-02,1,4.0,2018-02-01
B07CPL3F83,JewelrieShop Rhinestones Crystal Ball Stud Earrings Set Fireball Disco Ball Pave Bead Earrings Hypoallergenic for Girls Women,2018-08,1,5.0,2018-08-01
B07CPL3F83,JewelrieShop Rhinestones Crystal Ball Stud Earrings Set Fireball Disco Ball Pave Bead Earrings Hypoallergenic for Girls Women,2018-12,1,5.0,2018-12-01
B07CPL3F83,JewelrieShop Rhinestones Crystal Ball Stud Earrings Set Fireball Disco Ball Pave Bead Earrings Hypoallergenic for Girls Women,2019-01,1,3.0,2019-01-01
B07CPL3F83,JewelrieShop Rhinestones Crystal Ball Stud Earrings Set Fireball Disco Ball Pave Bead Earrings Hypoallergenic for Girls Women,2019-03,1,5.0,2019-03-01
B07CPL3F83,JewelrieShop Rhinestones Crystal Ball Stud Earrings Set Fireball Disco Ball Pave Bead Earrings Hypoallergenic for Girls Women,2019-09,1,5.0,2019-09-01
B07CPL3F83,JewelrieShop Rhinestones Crystal Ball Stud Earrings Set Fireball Disco Ball Pave Bead Earrings Hypoallergenic for Girls Women,2022-01,1,1.0,2022-01-01
B07CPL3F83,JewelrieShop Rhinestones Crystal Ball Stud Earrings Set Fireball Disco Ball Pave Bead Earrings Hypoallergenic for Girls Women,2022-10,1,5.0,2022-10-01
B07CPL3F83,JewelrieShop Rhinestones Crystal Ball Stud Earrings Set Fireball Disco Ball Pave Bead Earrings Hypoallergenic for Girls Women,2022-12,1,2.0,2022-12-01
B07CPL3F83,JewelrieShop Rhinestones Crystal Ball Stud Earrings Set Fireball Disco Ball Pave Bead Earrings Hypoallergenic for Girls Women,2025-04,1,3.0,2025-04-01
B07CPRVY1H,"Yichaoyiliang Strapless Bra Silicone Inserts Gel Invisible Breast Pads & Enhancers (Free, Beige×1 Pair)",2022-07,1,3.0,2022-07-01
B07CQ84KLT,LILBETTER Women V-Neck Polka Dot Print Spaghetti Strap Boho Long Maxi Dresses,2019-06,1,5.0,2019-06-01
B07CQ84KLT,LILBETTER Women V-Neck Polka Dot Print Spaghetti Strap Boho Long Maxi Dresses,2020-04,1,1.0,2020-04-01
B07CQ84KLT,LILBETTER Women V-Neck Polka Dot Print Spaghetti Strap Boho Long Maxi Dresses,2020-05,1,4.0,2020-05-01
B07CQ84KLT,LILBETTER Women V-Neck Polka Dot Print Spaghetti Strap Boho Long Maxi Dresses,2020-06,2,4.5,2020-06-01
B07CQ84KLT,LILBETTER Women V-Neck Polka Dot Print Spaghetti Strap Boho Long Maxi Dresses,2020-07,1,1.0,2020-07-01
B07CQ84KLT,LILBETTER Women V-Neck Polka Dot Print Spaghetti Strap Boho Long Maxi Dresses,2020-09,1,4.0,2020-09-01
B07CQ84KLT,LILBETTER Women V-Neck Polka Dot Print Spaghetti Strap Boho Long Maxi Dresses,2020-10,1,5.0,2020-10-01
B07CQ84KLT,LILBETTER Women V-Neck Polka Dot Print Spaghetti Strap Boho Long Maxi Dresses,2020-11,1,4.0,2020-11-01
B07CQ84KLT,LILBETTER Women V-Neck Polka Dot Print Spaghetti Strap Boho Long Maxi Dresses,2020-12,1,5.0,2020-12-01
B07CQ84KLT,LILBETTER Women V-Neck Polka Dot Print Spaghetti Strap Boho Long Maxi Dresses,2021-01,1,4.0,2021-01-01
B07CQ84KLT,LILBETTER Women V-Neck Polka Dot Print Spaghetti Strap Boho Long Maxi Dresses,2021-04,2,4.5,2021-04-01
B07CQ84KLT,LILBETTER Women V-Neck Polka Dot Print Spaghetti Strap Boho Long Maxi Dresses,2021-06,3,4.333333333333333,2021-06-01
B07CQ84KLT,LILBETTER Women V-Neck Polka Dot Print Spaghetti Strap Boho Long Maxi Dresses,2021-07,3,4.333333333333333,2021-07-01
B07CQ84KLT,LILBETTER Women V-Neck Polka Dot Print Spaghetti Strap Boho Long Maxi Dresses,2021-09,1,4.0,2021-09-01
B07CQ84KLT,LILBETTER Women V-Neck Polka Dot Print Spaghetti Strap Boho Long Maxi Dresses,2022-04,1,3.0,2022-04-01
B07CQ84KLT,LILBETTER Women V-Neck Polka Dot Print Spaghetti Strap Boho Long Maxi Dresses,2022-06,1,5.0,2022-06-01
B07CQ84KLT,LILBETTER Women V-Neck Polka Dot Print Spaghetti Strap Boho Long Maxi Dresses,2023-08,4,4.75,2023-08-01
B07CQ84KLT,LILBETTER Women V-Neck Polka Dot Print Spaghetti Strap Boho Long Maxi Dresses,2024-04,1,4.0,2024-04-01
B07CQ84KLT,LILBETTER Women V-Neck Polka Dot Print Spaghetti Strap Boho Long Maxi Dresses,2024-05,1,4.0,2024-05-01
B07CQ84KLT,LILBETTER Women V-Neck Polka Dot Print Spaghetti Strap Boho Long Maxi Dresses,2024-06,1,5.0,2024-06-01
B07CQ84KLT,LILBETTER Women V-Neck Polka Dot Print Spaghetti Strap Boho Long Maxi Dresses,2024-09,2,4.0,2024-09-01
B07CQ84KLT,LILBETTER Women V-Neck Polka Dot Print Spaghetti Strap Boho Long Maxi Dresses,2025-06,1,5.0,2025-06-01
B07CQ84KLT,LILBETTER Women V-Neck Polka Dot Print Spaghetti Strap Boho Long Maxi Dresses,2025-08,1,1.0,2025-08-01
B07CQ84KLT,LILBETTER Women V-Neck Polka Dot Print Spaghetti Strap Boho Long Maxi Dresses,2025-09,2,4.5,2025-09-01
B07CQ84KLT,LILBETTER Women V-Neck Polka Dot Print Spaghetti Strap Boho Long Maxi Dresses,2025-10,1,5.0,2025-10-01
B07CQ84KLT,LILBETTER Women V-Neck Polka Dot Print Spaghetti Strap Boho Long Maxi Dresses,2026-01,1,5.0,2026-01-01
B07CQJ6635,"Women's Sleeveless Halter Neck Striped Summer Casual Elegant Midi Dress,White M",2021-09,1,4.0,2021-09-01
B07CQJB9MB,"O.RIYA I Couldn't Pick a Better Dad, Gift for Men, Guitar Pick, Custom Guitar Pick, Gift for Dad",2021-01,1,5.0,2021-01-01
B07CQL9GD5,Milumia Women's Bohemian Floral V Neck Sleeveless Empire Waist Split Maxi Long Dress Multicolor Small,2023-01,1,5.0,2023-01-01
B07CQNF6XF,"HOMEYEE Women's Sleeveless Colorblock Form Fitted Sheath Dress B445(10,Blue + Gray)",2021-09,1,5.0,2021-09-01
B07CQYQ47S,i play. Baby Infant Toddler Unisex UPF 50 Solid Brim Sun Hat/Beach Hat,2018-05,2,3.5,2018-05-01
B07CQYQ47S,i play. Baby Infant Toddler Unisex UPF 50 Solid Brim Sun Hat/Beach Hat,2019-07,1,5.0,2019-07-01
B07CQYQ47S,i play. Baby Infant Toddler Unisex UPF 50 Solid Brim Sun Hat/Beach Hat,2019-09,1,5.0,2019-09-01
B07CR2K9ZH,"BOULES Initial Letter Mother of Pearl Pendant Minimalist Necklace 16"" (S)",2022-01,1,4.0,2022-01-01
B07CRRW85R,Jostar Women's 2 Piece Set – Short Sleeve T Shirts Top and Capri Pants with Side Slit Stretchy Casual Outfit,2020-07,1,5.0,2020-07-01
B07CRRW85R,Jostar Women's 2 Piece Set – Short Sleeve T Shirts Top and Capri Pants with Side Slit Stretchy Casual Outfit,2025-07,1,5.0,2025-07-01
B07CRTGZ2T,Dreambell 925 Sterling Silver Alphabet Letter A-Z Initial Dangle for European Charm Bracelet,2017-06,1,5.0,2017-06-01
B07CSNSNMS,Kate Kasin Women's Maxi Dress Short Sleeve Loose Casual Long Dress Red Size S KK673-3,2021-08,1,3.0,2021-08-01
B07CV6M26N,Rdfmy Women's Slimming Pants High Waist Body Shaper Neoprene Thermo Sweat Sauna Capris Leggings Shapewear XXL,2022-02,1,1.0,2022-02-01
B07CVW5CML,MIDOSOO Womens Off The Shoulder Ruffled Pockets Strapless Side Split Maxi Dresses Purple XL,2022-05,1,5.0,2022-05-01
B07CVW5CML,MIDOSOO Womens Off The Shoulder Ruffled Pockets Strapless Side Split Maxi Dresses Purple XL,2022-08,1,5.0,2022-08-01
B07CW3GWHR,Under Armour Kids' Grade School Pursuit Graphic Sneaker,2023-01,1,5.0,2023-01-01
B07CW8281M,Drizzte 75'' Plus Size Belts Elastic Stretch Adjustable Dress Belt Plastic Buckle Black,2022-03,1,5.0,2022-03-01
B07CWBR3DH,"ZORESS No Tie Shoelaces Multicolor for Sneaker Boots Board Shoes and Casual Shoes,13 Colors for Kids and Adults（Navy Blue）",2024-09,1,1.0,2024-09-01
B07CWHM5V3,Mexitems Authentic Luchador Masks (Pick Your Luchador),2023-11,1,5.0,2023-11-01
B07CXFLZ7D,Men's 6 Pairs No Show Casual Socks Low Cut Cotton Nonslip Heel Grip for Boat Shoes Loafers,2021-10,1,1.0,2021-10-01
B07CXH4SPK,"Under Armour Unisex-Child Pre School Rogue Alternate Closure Sneaker, Breathtaking Blue (300)/White, 1 Little Kid",2022-07,1,5.0,2022-07-01
B07CXH4SPK,"Under Armour Unisex-Child Pre School Rogue Alternate Closure Sneaker, Breathtaking Blue (300)/White, 1 Little Kid",2023-03,1,5.0,2023-03-01
B07CXH4SPK,"Under Armour Unisex-Child Pre School Rogue Alternate Closure Sneaker, Breathtaking Blue (300)/White, 1 Little Kid",2023-04,1,5.0,2023-04-01
B07CXSR236,Romwe Women's Plus Size Split Short Sleeve Belted Knot Blouse Tops Burgundy 4XL,2021-10,1,1.0,2021-10-01
B07CYBNRRN,Rosemarie Collections Women's Stylish Oval Shaped Mother of Pearl Face and Textured Cuff Watch Bracelet (Silver/Gold),2022-07,1,1.0,2022-07-01
B07CYBNRRN,Rosemarie Collections Women's Stylish Oval Shaped Mother of Pearl Face and Textured Cuff Watch Bracelet (Silver/Gold),2023-09,1,5.0,2023-09-01
B07CYH8HC6,"Rene Rofe Women's Sleepwear - Nightgown Pajama Sleep Shirt (2-Pack), Heather Grey/Pink, 2X",2022-10,1,3.0,2022-10-01
B07CYXWQXQ,Jin's Dad Jokes is My Aesthetic Korean Tops T-Shirt Black,2022-01,1,5.0,2022-01-01
B07CZF5CN2,PRIMODA Women's Casual Maxi Dress with Pockets Plain Loose Swing Short Sleeve T-Shirt Long Dresses,2021-11,2,5.0,2021-11-01
B07CZF5CN2,PRIMODA Women's Casual Maxi Dress with Pockets Plain Loose Swing Short Sleeve T-Shirt Long Dresses,2022-11,1,5.0,2022-11-01
B07CZM3H6K,"Reebok 6 Pack Mens XL Low Cut Performance Training Socks, White",2024-08,1,5.0,2024-08-01
B07CZXDCHW,Angashion Women's Dresses-Short Sleeve V Neck Button T Shirt Midi Skater Dress with Pockets Light Blue L,2022-08,1,1.0,2022-08-01
B07CZYR4NG,Milumia Women's Button Up Split Floral Print Flowy Party Maxi Dress X-Large Multicolor,2021-11,1,5.0,2021-11-01
B07D21935Z,"FineFolk Women's Casual Tunic Top Slim Fit Button Decor Plaid Printed Letter Print Round Neck Short Sleeve Summer Shirt,Blue,X-Large",2021-11,1,5.0,2021-11-01
B07D36CQXR,"XUANPAI Heavy 18k Gold Plated Stainless Steel Egyptian Akhnaton Pharaoh King TUT Mummy Ring Band,Size 11",2022-09,1,5.0,2022-09-01
B07D3NWWV3,"GYMMAGE UV Protection UPF 50 Cooling Upper Warmer Sleeves for Men Women Running/Cycling/Hiking/Shooting/Basketball/Golf - 1 Pair (XL, Black)",2022-02,1,5.0,2022-02-01
B07D3PYLHT,Mixfeer Womens Bikini Cover Up Chiffon Swimsuit Cover Up Beach Dress Cardigan Open Front Kimono Black,2021-10,1,5.0,2021-10-01
B07D3R6YJW,"36pcs Ear Tapers Stretching Kit 14G-00G Acrylic Marble Tapers and Plugs Gauges Set Eyelet Expanders for Women Men Body Piercing Jewelry, Red",2021-10,1,5.0,2021-10-01
B07D4CK947,"Harssidanzar Womens Luxury Italian Nappa Leather Gloves Vintage Finished Cashmere Lined, Black, XL",2022-04,1,5.0,2022-04-01
B07D4HD73H,"Hamsa Hand Fatima and Evil Eye Charms Bracelets for Girls Women, Snake Chain Rope Bracelet Luck Protection Jewelry Gifts",2024-02,1,5.0,2024-02-01
B07D4LZPV2,PJco - Sterling Silver CZ Stone Hamsa Fish Hook Earrings - 925 SS - Gift Box w/Card,2021-08,1,5.0,2021-08-01
B07D4N9PWC,Orchid Row Women's Classic and Chic Wide Brim Floppy Straw Sunhat Black,2021-08,2,5.0,2021-08-01
B07D4Q1PTV,Orchid Row Kimono Printed Chiffon Open Front Ruana Wraps for Women Black,2021-11,1,5.0,2021-11-01
B07D4Q1PTV,Orchid Row Kimono Printed Chiffon Open Front Ruana Wraps for Women Black,2022-05,1,5.0,2022-05-01
B07D4Q3WC6,Orchid Row's Lace Trim Lightweight Travel Scarf Saffron,2021-09,3,4.0,2021-09-01
B07D5BM533,"CAIYING Women Casual Sleeveless Floral Printed Summer Swing Dress with Pockets (Peacock, L)",2021-09,1,5.0,2021-09-01
B07D5KNKC5,proSPORT BIFOCAL Sunglasses Readers Tinted Mens Womens High Definition Amber Yellow Smoke +1.50 +1.75 +2.00 +2.25 +2.50 +3.00,2020-03,1,4.0,2020-03-01
B07D5MY54T,Woolly Clothing Co. Women's Merino Wool Pullover Hoodie - Mid Weight - Wicking Breathable Anti-Odor,2022-02,1,5.0,2022-02-01
B07D5MY54T,Woolly Clothing Co. Women's Merino Wool Pullover Hoodie - Mid Weight - Wicking Breathable Anti-Odor,2025-10,1,5.0,2025-10-01
B07D626LZN,LAI MENG FIVE CATS Women's Elegant Floral Print Sleeveless Round Neck Casual Party Dress,2024-08,1,5.0,2024-08-01
B07D6J9WJ8,NDLBS Women's Short Sleeve T Shirt V-Neck Criss Cross Triple Color Block Stripe Tops Navyblue,2021-07,1,5.0,2021-07-01
B07D74PNDT,MINCL/Super Large Futuristic Oversize Shield Visor Sunglasses Flat Top Mirrored Lens 172mm (gradient blue),2023-08,1,5.0,2023-08-01
B07D979Y8Z,Chelmon Initial Luggage Tag with Full Privacy Cover and Stainless Steel Loop (N),2022-01,1,5.0,2022-01-01
B07D9QD347,"TOCONFFON Kitchen Ruffle Cute Apron Linen Aprons for Women(Beige-Grey,24.4x33.5)",2022-01,1,5.0,2022-01-01
B07D9WKL4K,KYS Licensed Women's Army Corps Cap,2021-10,1,5.0,2021-10-01
B07DCNN4V8,ANCOOL Compatible with Fitbit Flex Watch Band Smart Watch Accessory Stainless Steel Bracelet Watch Band Metal Straps Replacement for Fitbit Flex - Black,2021-07,1,4.0,2021-07-01
B07DCZ1NQH,"Beverly Hills Polo Club Men's Woven Plaid Sleep Lounge Pajama Pants (2-Pack), Grey Plaid/Charcoal Plaid, Small (28-30)'",2021-08,1,1.0,2021-08-01
B07DDFBHTJ,"SUNJIN ACRO Women's Sleeveless Racerback Loose Plain Maxi Dresses Casual Long Dresses with Pockets (Green,12)",2021-07,1,5.0,2021-07-01
B07DFPXNL3,"Angry Rabbit Women's Juniors Mid Waist Skinny Colored Jeans (31, Lavender)",2024-04,1,5.0,2024-04-01
B07DFRZYNV,Men's Crazy Boxers Cheez-It All Over Print Red Boxer Briefs - L,2024-01,1,5.0,2024-01-01
B07DG4HSGG,"Women's Vintage Off Shoulder Swing Dress Party Picnic Cocktail Dress for Women(1071,Black,S)",2021-09,1,3.0,2021-09-01
B07DGTC7C2,Cheerful Sunflower Kitchen Décor Salt and Pepper Shaker Accessory Set,2022-05,1,5.0,2022-05-01
B07DGW6RJS,KOSY KOMFORT Men Cotton 6-Pack Low Cut No Show Socks Athletic Socks FIT 6-10,2021-08,1,3.0,2021-08-01
B07DGW6RJS,KOSY KOMFORT Men Cotton 6-Pack Low Cut No Show Socks Athletic Socks FIT 6-10,2021-09,1,4.0,2021-09-01
B07DH5W55C,Fashion Shoulder Bag Rucksack PU Leather Women Girls Ladies Backpack Travel bag (Brown),2022-05,1,3.0,2022-05-01
B07DHKBDYX,Women's Trendy Slim Waist Lace Bridesmaid Short Bodycon Dress M Wine,2023-09,1,5.0,2023-09-01
B07DKGNWB3,Women Cotton Scarves Lady's Long Viscose Shawls Tassels Soft Head Scarves Polyester Woman Wraps Spring Shawls Hijabs (Light Pink),2023-06,1,5.0,2023-06-01
B07DL1F9PX,Fadvanes Womens Sleeveless Tank Top with Beadings Mesh See Through Long Maxi Dress Party Clubwear Black L,2021-09,1,5.0,2021-09-01
B07DL1F9PX,Fadvanes Womens Sleeveless Tank Top with Beadings Mesh See Through Long Maxi Dress Party Clubwear Black L,2021-11,1,5.0,2021-11-01
B07DL58B6P,"for Apple Watch, Fashion Artistic Pattern Leather Watch Band 38mm 42mm Strap for Apple Watch 3, 2, 1 Design Wrist Watch iwatch Bracelet-108.Beach Sand Rock Asphalt Pattern Pebble Brown Soil Black",2022-03,1,2.0,2022-03-01
B07DLBX4K8,"Gold Silver Black Cat Open Bracelets,Simple Cartoon Cat Adjustable Open Cuff Bracelets Bangle for Women (Black)",2022-05,1,5.0,2022-05-01
B07DLGRG39,Summer Dresses for Women Casual Midi Length Flowy Swing T-Shirt Dress Pockets,2024-07,1,5.0,2024-07-01
B07DM6VSF5,SmartFit Black Boys' Leather Monk Strap Casual 1 Regular,2023-03,1,5.0,2023-03-01
B07DP3SJTK,Skechers Street Traffic - Shoetopia Rose Gold 8.5 M,2021-10,1,5.0,2021-10-01
B07DPFMBJT,SweatyRocks Women Beach Shorts Loose Solid Drawstring Lace Hot Shorts Pants Navy L,2022-03,1,1.0,2022-03-01
B07DPHKT96,Women Silicone Wedding Band - Thin Stackable Ring - Square Diamonds - 2.8mm Wide - 2mm Thick (Silver - Size 5.5-6(16.5mm)),2022-05,1,5.0,2022-05-01
B07DPSXQ9V,BESMODZ 6 PCS Wedding Party Mens Tie Solid Color Silk Necktie Neck Ties Set of 6,2022-12,1,5.0,2022-12-01
B07DQ3YCVZ,"Sporty K9 MLB Baseball Striped Dog Jersey, Chicago Cubs Large",2022-08,1,5.0,2022-08-01
B07DR3MBC9,Modecrush Womens Cocktail Party Wedding Floral Lace V Neck Evening Formal Dresses XL Blush,2022-10,1,5.0,2022-10-01
B07DR7RWZ4,"Cycling Sleeves for Men and Women, UV Protection Cooling Arm Sleeves Arm Cover for Cycling, Driving, Running, Basketball & All Outdoor Activities (White, M)",2021-09,1,4.0,2021-09-01
B07DR95RXS,"The Good Tides Swimming Headbands for Men + Women. Goodbye Uncomfortable Swim caps, Hello Fully Adjustable Swim Headband with Velcro Closure and Waterproof. Ultra-Comfortable!",2022-08,1,3.0,2022-08-01
B07DRDK6JD,Women's Comfort Seamless Padded Racerback Genie Bra Low Supportive for Yoga Sleeping Color Black Beige Grey Size M,2022-04,1,5.0,2022-04-01
B07DRNRPN7,Zoe and Zac Shiny Rose Gold Girls' Toddler FAE String-Tie Flat 12 Regular,2021-11,1,5.0,2021-11-01
B07DSTLX3X,JUESJ Creative Nightclub Light Bulb Stud Earring Funny Flash LED Earrings Personality Luminous Earrings For Women (Blue),2023-02,1,5.0,2023-02-01
B07DVP132S,"Wheel of Hecate Symbol Jewelry Glass Cabochon Key Necklace,Handmade Jewelry,Bridesmaid Jewelry Unique Jewelry，PU117 (Brass)",2025-08,1,5.0,2025-08-01
B07DVWZTD7,Chain Stitch Men's Long Sleeve Flap Pocket Casual Chambray Cotton Shirt Navy X-Large,2021-09,1,3.0,2021-09-01
B07DVYXQJ4,YeeATZ Women's Summer Casual Sleeveless Floral Printed Swing Dress Sundress with Pockets Multicoloured XXL,2022-06,1,5.0,2022-06-01
B07DVZ7XGK,"PEAK ZHANG Compatible with Apple Watch Band, 38mm 40mm Women Top Grain Leather Strap for iWatch Series 5,4,3,2,1 (Etoupe+Silver White Clasp, 38mm 40mm S/M)",2022-05,1,5.0,2022-05-01
B07DW3WCM6,Chain Stitch Men's Long Sleeve Flap Pocket Casual Chambray Cotton Shirt Blue Large,2021-08,1,4.0,2021-08-01
B07DXFDJDH,"Women's Halter Neck Off Shoulder A-line Cocktail Party Dress Hollow Yellow,S",2021-10,1,2.0,2021-10-01
B07DXG9T8Z,Surgical Steel 16g 5/16 8mm Segment clicker Earring Piercing Jewelry Tragus Septum Helix Cartilage Blue Zircon Crystal M0746,2022-09,1,5.0,2022-09-01
B07DXKNK91,LAGSHIAN Womens Sexy Bodycon Sleeveless V Neck Halter Ruched Cutout Midi Party Dress Black,2021-09,1,3.0,2021-09-01
B07DXKS4WS,happinesssale Open Breathable Woman's Black Faux Leather Accessories Colorful Lip Shape Design Mouth Gag (Black),2022-07,1,1.0,2022-07-01
B07DXV69W3,OCHENTA Women's Floral Spaghetti Strap Button Front Swing Midi Dress with Pockets Color #9 Yellow 3XL,2023-04,1,5.0,2023-04-01
B07DY3H2XX,YACUN Women Bodycon Dress Cocktail Work Half Sleeve Bow Tie Party Dresses,2024-05,1,5.0,2024-05-01
B07DY3H2XX,YACUN Women Bodycon Dress Cocktail Work Half Sleeve Bow Tie Party Dresses,2024-08,1,5.0,2024-08-01
B07DY3H2XX,YACUN Women Bodycon Dress Cocktail Work Half Sleeve Bow Tie Party Dresses,2025-01,1,5.0,2025-01-01
B07DY3H2XX,YACUN Women Bodycon Dress Cocktail Work Half Sleeve Bow Tie Party Dresses,2025-04,1,3.0,2025-04-01
B07DY3H2XX,YACUN Women Bodycon Dress Cocktail Work Half Sleeve Bow Tie Party Dresses,2025-05,1,5.0,2025-05-01
B07DYVM861,Huangiao 14K Yellow Gold Filled Princess Cut Black Onyx Rings Wedding Jewelry Size 6-10 (7),2024-01,1,5.0,2024-01-01
B07F1YFZT4,Duuluup Men's Sweatpants Lightweight Breathable Loose Open Bottom Athletic Pants for Jogging Workout Track Running Gym,2021-08,1,4.0,2021-08-01
B07F1YFZT4,Duuluup Men's Sweatpants Lightweight Breathable Loose Open Bottom Athletic Pants for Jogging Workout Track Running Gym,2021-12,2,3.0,2021-12-01
B07F1YFZT4,Duuluup Men's Sweatpants Lightweight Breathable Loose Open Bottom Athletic Pants for Jogging Workout Track Running Gym,2022-02,1,5.0,2022-02-01
B07F1YFZT4,Duuluup Men's Sweatpants Lightweight Breathable Loose Open Bottom Athletic Pants for Jogging Workout Track Running Gym,2022-07,1,5.0,2022-07-01
B07F1YFZT4,Duuluup Men's Sweatpants Lightweight Breathable Loose Open Bottom Athletic Pants for Jogging Workout Track Running Gym,2022-09,1,4.0,2022-09-01
B07F1YFZT4,Duuluup Men's Sweatpants Lightweight Breathable Loose Open Bottom Athletic Pants for Jogging Workout Track Running Gym,2022-11,1,1.0,2022-11-01
B07F1YFZT4,Duuluup Men's Sweatpants Lightweight Breathable Loose Open Bottom Athletic Pants for Jogging Workout Track Running Gym,2024-02,1,4.0,2024-02-01
B07F1YFZT4,Duuluup Men's Sweatpants Lightweight Breathable Loose Open Bottom Athletic Pants for Jogging Workout Track Running Gym,2024-10,1,4.0,2024-10-01
B07F1YFZT4,Duuluup Men's Sweatpants Lightweight Breathable Loose Open Bottom Athletic Pants for Jogging Workout Track Running Gym,2025-10,1,5.0,2025-10-01
B07F2C887Q,Saved Bell Kelly Kapowski Wife Family Roleplay Jersey Stitch Sewn XS-XL (42) Blue,2021-09,1,3.0,2021-09-01
B07F2CLNGX,ZUEVI Muscle Tank Tops for Men Cut Open Sides Bodybuilding Vest Gym Workout Stringer T-Shirts,2023-10,1,5.0,2023-10-01
B07F2PJKQG,Beverly Rock Women's Plus Size Active Fleece Pullover Hooded Sweatshirt,2023-11,1,5.0,2023-11-01
B07F2PJKQG,Beverly Rock Women's Plus Size Active Fleece Pullover Hooded Sweatshirt,2023-12,1,5.0,2023-12-01
B07F2PJKQG,Beverly Rock Women's Plus Size Active Fleece Pullover Hooded Sweatshirt,2024-02,1,1.0,2024-02-01
B07F2PJKQG,Beverly Rock Women's Plus Size Active Fleece Pullover Hooded Sweatshirt,2025-06,1,3.0,2025-06-01
B07F2PJKQG,Beverly Rock Women's Plus Size Active Fleece Pullover Hooded Sweatshirt,2025-07,1,4.0,2025-07-01
B07F2VWLT4,"Latuza Women's Cotton Lounge Pants (X-Large, Dark Gray)",2022-01,1,1.0,2022-01-01
B07F3ZZR5N,Belle Poque Sleeveless Summer Dress for Women Knee Length Plus Size 3XL Navy Blue BP289-3,2022-08,1,3.0,2022-08-01
B07F7HQ4P3,Custom Engraved Keychains with Split Key Ring. Available in 4 High Polished Colors with Silver Accents - Free Personalization,2022-09,1,5.0,2022-09-01
B07F7TNW5V,"My Little Pony Rain Boot for Kids, Available in MLP Shoes for Girls Pink",2023-02,1,5.0,2023-02-01
B07F8SS73C,"BTFBM 2018 Women’s One Shoulder Split Bodycon Mermaid Evening Cocktail Long Dress (Black, Medium)",2021-10,1,5.0,2021-10-01
B07F8YWKKB,"Blulu 16 Pieces 20 G Stainless Steel Nose Hoop Ring Non-piercing Nose Ring Lip Ring Ear Cuff Fake Septum Ring for Body Jewelry, 3 Styles (colorful)",2022-06,1,5.0,2022-06-01
B07FCL4VGJ,SYROKAN Women's Running Bra Racerback High Impact Sports Bra Wirefree Quick Dry Max Support Dark Blue 40D,2023-12,1,2.0,2023-12-01
B07FCV8CZH,Folio Men's Two-Tone Expansion Watch,2023-08,1,5.0,2023-08-01
B07FCW972S,Wanderlust Travel Compression Socks - Support Stockings,2019-05,1,5.0,2019-05-01
B07FCW972S,Wanderlust Travel Compression Socks - Support Stockings,2019-07,2,5.0,2019-07-01
B07FCW972S,Wanderlust Travel Compression Socks - Support Stockings,2019-08,1,5.0,2019-08-01
B07FCW972S,Wanderlust Travel Compression Socks - Support Stockings,2019-10,1,5.0,2019-10-01
B07FCW972S,Wanderlust Travel Compression Socks - Support Stockings,2019-11,1,5.0,2019-11-01
B07FCW972S,Wanderlust Travel Compression Socks - Support Stockings,2019-12,1,5.0,2019-12-01
B07FCW972S,Wanderlust Travel Compression Socks - Support Stockings,2020-03,1,5.0,2020-03-01
B07FCW972S,Wanderlust Travel Compression Socks - Support Stockings,2020-04,1,5.0,2020-04-01
B07FCW972S,Wanderlust Travel Compression Socks - Support Stockings,2020-05,1,5.0,2020-05-01
B07FCW972S,Wanderlust Travel Compression Socks - Support Stockings,2020-06,1,5.0,2020-06-01
B07FCW972S,Wanderlust Travel Compression Socks - Support Stockings,2020-07,1,5.0,2020-07-01
B07FCW972S,Wanderlust Travel Compression Socks - Support Stockings,2020-08,1,5.0,2020-08-01
B07FCW972S,Wanderlust Travel Compression Socks - Support Stockings,2022-09,2,4.5,2022-09-01
B07FCW972S,Wanderlust Travel Compression Socks - Support Stockings,2022-10,1,5.0,2022-10-01
B07FCW972S,Wanderlust Travel Compression Socks - Support Stockings,2022-12,2,3.5,2022-12-01
B07FCW972S,Wanderlust Travel Compression Socks - Support Stockings,2024-05,1,5.0,2024-05-01
B07FCW972S,Wanderlust Travel Compression Socks - Support Stockings,2024-09,1,5.0,2024-09-01
B07FCW972S,Wanderlust Travel Compression Socks - Support Stockings,2024-10,1,5.0,2024-10-01
B07FD362MR,"YOSWAN Shiny Band for Apple Watch 42mm 38mm, Women Hologram Holographic PU Leather Strap for iWatch Apple Watch Series 3, Series 2, Series 1 (Bling Glitter Blue, 38mm)",2022-01,1,5.0,2022-01-01
B07FD6DG6J,LUOEM Cardigan Gold Brooches Sweater Shawl Clips Crystal Charm Brooch Pins Clip Collar,2022-02,1,5.0,2022-02-01
B07FD7LKPV,Women Non Slip Socks Winter House Sock Anti Slip Athletic Slipper Fleece-lined Knit Thick Warm Christmas Socks Lavender One Size,2021-09,1,4.0,2021-09-01
B07FF36G5B,"Eyeglasses Prada PR 12 TV 2591O1 Striped Brown Black, 53/17/140",2023-07,1,5.0,2023-07-01
B07FF798D7,SheIn Women's Casual Basic V Neck Lace up Ribbed Cami Top Black X-Large,2022-03,1,1.0,2022-03-01
B07FF798D7,SheIn Women's Casual Basic V Neck Lace up Ribbed Cami Top Black X-Large,2022-11,1,4.0,2022-11-01
B07FFCCNCK,Pawsitive Vibes Kitty Cat Tie Dye Graphic T-Shirt - 2XL,2022-11,1,5.0,2022-11-01
B07FGBD1QJ,White Assassin Gangster Skull Motorcycle Head Wrap Durag Cap Biker,2023-09,1,5.0,2023-09-01
B07FJLJFRB,Chicwe Women's Plus Size Stretch Lace Trimmed Top Tunic - Viscose Jersey with Pleated Neck and Hem Drawstring Navy 4X,2022-09,1,5.0,2022-09-01
B07FK9HDDZ,"MAYEVER Women 1920s Long Prom Gown Beaded Sequin Mermaid Hem Ball Evening Dress with Sleeve Headband Free (XXL, Burgundy)",2023-01,1,5.0,2023-01-01
B07FKG6B1Y,ZANZEA Women's Pullover Tops V Neck Wrap Front Long Sleeve Blouse Tunic Sweatshirt,2023-11,1,1.0,2023-11-01
B07FKPYK3K,"Sakuracan Toddler Boys Girls House Slippers Cartoon Dinosaur Warm Home Shoes Indoor Bedroom(12 Little Kid, B-Pink)",2023-07,1,5.0,2023-07-01
B07FLMB4ZT,Black Girl Magic With Love Earrings/Natural Hair/African American Woman Earring/Wood Jewelry,2021-12,1,5.0,2021-12-01
B07FM7VRND,"Fanssie Elegant Retro Vintage One Piece Stripes Geometric Monokinis Swimsuit(FBA) (XL, Floral 2)",2022-07,1,1.0,2022-07-01
B07FMF75HZ,OOEOO Pet Dog Hoodie Fashion Costume Puppy Fleece T-Shirt Police K-9 Unit Sweater,2023-04,1,3.0,2023-04-01
B07FP2TW4Q,Ladies Auburn University Smaller Fit Whole Package Synthetic V Neck T Shirt (XL=12/14),2022-09,1,4.0,2022-09-01
B07FPNP7QH,Kaide 6 Assorted Designs Sweat Wicking Skull Biker Caps Hat Beanie Cap Paisley Skull Bandanna Headwrap Headband,2021-12,1,5.0,2021-12-01
B07FPTSHV8,Jane and the Shoe Liz Black Croco Pu 8,2023-01,1,5.0,2023-01-01
B07FPWFBZQ,Womens Black Floral Burnout Velvet Boho Flared Bell Bottom Pants – Size Small,2022-02,1,4.0,2022-02-01
B07FS739GD,Womens Cardigans Long Sleeve Shawls Wraps Poncho with Speckled Fringe Button Up Knit Outwear Black,2021-09,1,3.0,2021-09-01
B07FSKGQHL,"Teeuiear Women's Slim Autumn Party Tie Dress Casual Midi Cocktail Long Sleeve Dresses with Pocket (L, Blue)",2023-11,1,1.0,2023-11-01
B07FT2V58Y,"Jvvsci I AM ENOUGH Hand Stamped Spiral Wrap Twist Ring, Inspirational Motivational Ring, Friends BFF Sorority Sisters Besties Encouragement Gift, Personalized Gift",2022-01,1,5.0,2022-01-01
B07FT5WG7X,925 Sterling Silver Eternal Love Stud Earrings for Women Girls Hypoallergenic Cute Tiny Wedding Ear Studs,2023-04,1,5.0,2023-04-01
B07FW4GW6T,Helikon Men's Stratus Heavy Fleece Jacket Olive Green Size XXL,2023-01,1,5.0,2023-01-01
B07FW4M2RS,Mallofusa 4 Pack Cotton Sports Wristbands Sweatbands Headbands Athletic Tennis Yoga Jogging Basketball Sweatbands for Sports Activities,2016-04,1,5.0,2016-04-01
B07FW4M2RS,Mallofusa 4 Pack Cotton Sports Wristbands Sweatbands Headbands Athletic Tennis Yoga Jogging Basketball Sweatbands for Sports Activities,2017-03,1,2.0,2017-03-01
B07FW4M2RS,Mallofusa 4 Pack Cotton Sports Wristbands Sweatbands Headbands Athletic Tennis Yoga Jogging Basketball Sweatbands for Sports Activities,2017-11,1,4.0,2017-11-01
B07FW4M2RS,Mallofusa 4 Pack Cotton Sports Wristbands Sweatbands Headbands Athletic Tennis Yoga Jogging Basketball Sweatbands for Sports Activities,2018-09,1,5.0,2018-09-01
B07FWYM4TD,PattyBoutik Women Crewneck Lace Up Ribbed Sweater (Pink Small),2021-10,1,5.0,2021-10-01
B07FXF1LTV,Simier Fariry Womens Spring Short Sleeve Pockets Loose Fit Teacher Casual Midi Dress Brown L,2022-03,1,4.0,2022-03-01
B07FXYXFCW,"CHOOOICE Girls Inspirational Female Stainless Steel Women Black Necklace SHE Believed SHE Could,SO SHE DID.",2021-10,1,5.0,2021-10-01
B07FY15YS2,Dancina Sparkle Tutus for Girls (6 Months to 13 Years),2021-11,1,5.0,2021-11-01
B07FY15YS2,Dancina Sparkle Tutus for Girls (6 Months to 13 Years),2022-01,2,5.0,2022-01-01
B07FY15YS2,Dancina Sparkle Tutus for Girls (6 Months to 13 Years),2022-05,1,5.0,2022-05-01
B07G2MC5XJ,"teemzone Faux Leather Leggings Pants for Women High Waisted Leggings PU Black, Large",2021-10,1,4.0,2021-10-01
B07G354NSD,Yacn Alien vs Predator mask Warrior Costume Party Halloween Mask (Black),2021-12,1,1.0,2021-12-01
B07G361H67,"Long Cardigan Hooded Women Winter Rainbow Open Front Pocket Knitted Sweaters Oversized Plus Size (Multicolored, Large)",2022-04,1,2.0,2022-04-01
B07G37K7TD,BABEYOND Newsboy Hat Cap for Men Women Gatsby Hat for Men 1920s Mens Gatsby Costume Accessories (Coffee),2022-12,1,5.0,2022-12-01
B07G37M4QK,"Women's Elegant Vintage Cotton Casual Floral Print Work Party A-Line Swing Dress with Pockets 978 (XXL, Blue)",2022-06,1,3.0,2022-06-01
B07G4BNW7M,JomeDesign Womens 3D Skeleton Halloween Costumes Cosplay Jumpsuit Bodysuit,2022-04,1,5.0,2022-04-01
B07G4BNW7M,JomeDesign Womens 3D Skeleton Halloween Costumes Cosplay Jumpsuit Bodysuit,2022-12,1,5.0,2022-12-01
B07G4BNW7M,JomeDesign Womens 3D Skeleton Halloween Costumes Cosplay Jumpsuit Bodysuit,2023-06,1,5.0,2023-06-01
B07G4BNW7M,JomeDesign Womens 3D Skeleton Halloween Costumes Cosplay Jumpsuit Bodysuit,2024-01,1,5.0,2024-01-01
B07G4BNW7M,JomeDesign Womens 3D Skeleton Halloween Costumes Cosplay Jumpsuit Bodysuit,2025-05,1,5.0,2025-05-01
B07G4WDQNZ,CAMEL CROWN Women's Waterproof Ski Jacket Winter Coat Windbreaker Fleece Inner Detachable Hood Snow Hiking Outdoor,2022-06,1,5.0,2022-06-01
B07G4WDQNZ,CAMEL CROWN Women's Waterproof Ski Jacket Winter Coat Windbreaker Fleece Inner Detachable Hood Snow Hiking Outdoor,2024-02,1,5.0,2024-02-01
B07G4WDQNZ,CAMEL CROWN Women's Waterproof Ski Jacket Winter Coat Windbreaker Fleece Inner Detachable Hood Snow Hiking Outdoor,2025-03,1,5.0,2025-03-01
B07G58XFB7,VOGEM Womens Pearl Clip Earrings 18K Platinum Plated Crystal with Grey Silver Dangle Pearls Evening Prom Jewelry,2023-01,1,5.0,2023-01-01
B07G59YGJD,"Women's Strapless Bra Self Adhesive Silicone Invisible Push-up Bra Reusable Backless Sticky Bras Pack of 2 (B, Black&Beige)",2023-01,1,1.0,2023-01-01
B07G5LDDSJ,"FIFTH CUE 16GA Prong Set Round Clear Gem Top Grade 23 Solid Titanium Internally Threaded Labret Monroe Cartilage Stud (16G | 3/8"" (10mm) | 3mm)",2022-10,1,1.0,2022-10-01
B07G5XZKMG,Misassy Womens Medieval Renaissance Lace Up Retro Gown Cosplay Costumes Long Dress,2022-11,1,5.0,2022-11-01
B07G7JDTK2,bebe Girls Lace up Combat Boots Size 1 with Rhinestones Casual Fashion Shoes Black,2023-01,1,5.0,2023-01-01
B07G7TZTP2,"YJYdada Ring, 9 Diamonds Women's Ring Bride Ring Wedding Ring Birthday Gifts (Silver, 7)",2022-12,1,5.0,2022-12-01
B07G7TZTP2,"YJYdada Ring, 9 Diamonds Women's Ring Bride Ring Wedding Ring Birthday Gifts (Silver, 7)",2023-01,1,5.0,2023-01-01
B07G7XMR9N,"Goalkeeper Shirt Uniform Bundle - Includes Jersey, Shorts & Socks - Protection Pads on Shorts & Shirt - Kids and Adult Sizes",2024-11,1,5.0,2024-11-01
B07G8388NF,"YJYdada Ring, 9 Diamonds Women's Ring Bride Ring Wedding Ring Birthday Gifts (Rose Gold, 7)",2024-02,1,5.0,2024-02-01
B07G9L8Z3X,Palmoro The Original Golf Gambler Moreno Palm Straw Sun Hat,2022-11,1,5.0,2022-11-01
B07GBDQRWP,ENSIANTH Mail Carrier Keychain Thank You Gift for Postal Worker Best Mail Lady Gift Letter Charm Keychain,2022-02,1,5.0,2022-02-01
B07GBDQRWP,ENSIANTH Mail Carrier Keychain Thank You Gift for Postal Worker Best Mail Lady Gift Letter Charm Keychain,2023-01,1,5.0,2023-01-01
B07GBS113T,Womens Pocket Infinity Circle Loop Scarf with Zipper (Black),2023-02,1,5.0,2023-02-01
B07GBZTWFN,Baby Clothes Toddler Kids Boy Letter T Shirt Tops+Camouflage Pants Outfits,2022-12,2,3.5,2022-12-01
B07GC74VBN,"Halloween Rubber Character Necklaces (set of 48) witches, jack o lanterns, black cats, bats, ghosts and monsters",2022-12,1,4.0,2022-12-01
B07GD9XNHY,Outdoor Cap Camo Cap with Barbed Wire BRB605 One Size Black/Realtree Edge,2024-02,1,5.0,2024-02-01
B07GFHNV15,"Lace Bralette, Women's V Neck Racerback Light Padded Lace Long Line Plunge Bralette Bra(for A-D Cups) Pink",2023-06,1,5.0,2023-06-01
B07GFK48DD,SATINIOR 3 Pieces Fake Collar Women Detachable Dickey Collar Blouse Half Shirts Collar,2022-02,1,3.0,2022-02-01
B07GFK48DD,SATINIOR 3 Pieces Fake Collar Women Detachable Dickey Collar Blouse Half Shirts Collar,2023-03,1,5.0,2023-03-01
B07GFK48DD,SATINIOR 3 Pieces Fake Collar Women Detachable Dickey Collar Blouse Half Shirts Collar,2024-01,1,2.0,2024-01-01
B07GFK48DD,SATINIOR 3 Pieces Fake Collar Women Detachable Dickey Collar Blouse Half Shirts Collar,2026-01,1,4.0,2026-01-01
B07GFSX3KG,"Isaac Liev Women's 3-Pack High Waist Fold Over A-Line Flowy Midi Skirts - Made in The USA (Small, Black, Navy, Burgundy & Mocha)",2023-03,1,5.0,2023-03-01
B07GFVVJPT,Women Christmas Shirt Lace Patchwork Long Sleeve Santa Irregular Tee Tunic Top,2024-01,1,5.0,2024-01-01
B07GH5ZQZX,SOXICK Sunglasses,2021-12,1,5.0,2021-12-01
B07GH5ZQZX,SOXICK Sunglasses,2024-05,1,5.0,2024-05-01
B07GJ1PDS7,Happy Fall Y'all Shirt Halloween Women Letter Print Funny Graphic Tee Casual Short Sleeve T-Shirt Tops,2022-06,1,5.0,2022-06-01
B07GJX9H4B,FIFTH CUE 20G 6 CZ Flower316L Surgical Steel L Bend Stud Nose Ring (Steel/Clear),2021-12,1,3.0,2021-12-01
B07GKHCD1M,"VanEnjoy Adjustable Genuine Leather Crossbody Straps Replacement - Width 1/2“, Length 25”-51”",2023-10,1,4.0,2023-10-01
B07GKHCD1M,"VanEnjoy Adjustable Genuine Leather Crossbody Straps Replacement - Width 1/2“, Length 25”-51”",2026-01,1,5.0,2026-01-01
B07GKLQ5KV,90 Degree By Reflex High Waist Squat Proof Tummy Control Power Flex Yoga Capris with Side Pockets,2018-02,1,5.0,2018-02-01
B07GKLQ5KV,90 Degree By Reflex High Waist Squat Proof Tummy Control Power Flex Yoga Capris with Side Pockets,2018-06,3,3.6666666666666665,2018-06-01
B07GKLQ5KV,90 Degree By Reflex High Waist Squat Proof Tummy Control Power Flex Yoga Capris with Side Pockets,2018-07,2,3.5,2018-07-01
B07GKLQ5KV,90 Degree By Reflex High Waist Squat Proof Tummy Control Power Flex Yoga Capris with Side Pockets,2018-08,2,3.0,2018-08-01
B07GKLQ5KV,90 Degree By Reflex High Waist Squat Proof Tummy Control Power Flex Yoga Capris with Side Pockets,2018-10,3,4.666666666666667,2018-10-01
B07GKLQ5KV,90 Degree By Reflex High Waist Squat Proof Tummy Control Power Flex Yoga Capris with Side Pockets,2018-11,1,5.0,2018-11-01
B07GKLQ5KV,90 Degree By Reflex High Waist Squat Proof Tummy Control Power Flex Yoga Capris with Side Pockets,2018-12,1,5.0,2018-12-01
B07GKLQ5KV,90 Degree By Reflex High Waist Squat Proof Tummy Control Power Flex Yoga Capris with Side Pockets,2019-01,1,5.0,2019-01-01
B07GKLQ5KV,90 Degree By Reflex High Waist Squat Proof Tummy Control Power Flex Yoga Capris with Side Pockets,2019-02,1,5.0,2019-02-01
B07GKLQ5KV,90 Degree By Reflex High Waist Squat Proof Tummy Control Power Flex Yoga Capris with Side Pockets,2019-03,2,4.0,2019-03-01
B07GKLQ5KV,90 Degree By Reflex High Waist Squat Proof Tummy Control Power Flex Yoga Capris with Side Pockets,2019-05,2,5.0,2019-05-01
B07GKLQ5KV,90 Degree By Reflex High Waist Squat Proof Tummy Control Power Flex Yoga Capris with Side Pockets,2019-08,1,5.0,2019-08-01
B07GKLQ5KV,90 Degree By Reflex High Waist Squat Proof Tummy Control Power Flex Yoga Capris with Side Pockets,2019-09,3,4.666666666666667,2019-09-01
B07GKLQ5KV,90 Degree By Reflex High Waist Squat Proof Tummy Control Power Flex Yoga Capris with Side Pockets,2019-10,2,5.0,2019-10-01
B07GKLQ5KV,90 Degree By Reflex High Waist Squat Proof Tummy Control Power Flex Yoga Capris with Side Pockets,2020-01,2,5.0,2020-01-01
B07GKLQ5KV,90 Degree By Reflex High Waist Squat Proof Tummy Control Power Flex Yoga Capris with Side Pockets,2020-02,2,5.0,2020-02-01
B07GKLQ5KV,90 Degree By Reflex High Waist Squat Proof Tummy Control Power Flex Yoga Capris with Side Pockets,2020-03,1,5.0,2020-03-01
B07GKLQ5KV,90 Degree By Reflex High Waist Squat Proof Tummy Control Power Flex Yoga Capris with Side Pockets,2020-08,1,4.0,2020-08-01
B07GKLQ5KV,90 Degree By Reflex High Waist Squat Proof Tummy Control Power Flex Yoga Capris with Side Pockets,2020-10,1,5.0,2020-10-01
B07GKLQ5KV,90 Degree By Reflex High Waist Squat Proof Tummy Control Power Flex Yoga Capris with Side Pockets,2020-11,1,4.0,2020-11-01
B07GKLQ5KV,90 Degree By Reflex High Waist Squat Proof Tummy Control Power Flex Yoga Capris with Side Pockets,2020-12,1,4.0,2020-12-01
B07GKLQ5KV,90 Degree By Reflex High Waist Squat Proof Tummy Control Power Flex Yoga Capris with Side Pockets,2021-04,1,4.0,2021-04-01
B07GKLQ5KV,90 Degree By Reflex High Waist Squat Proof Tummy Control Power Flex Yoga Capris with Side Pockets,2021-05,1,4.0,2021-05-01
B07GKLQ5KV,90 Degree By Reflex High Waist Squat Proof Tummy Control Power Flex Yoga Capris with Side Pockets,2021-08,1,1.0,2021-08-01
B07GKLQ5KV,90 Degree By Reflex High Waist Squat Proof Tummy Control Power Flex Yoga Capris with Side Pockets,2021-11,1,5.0,2021-11-01
B07GKLQ5KV,90 Degree By Reflex High Waist Squat Proof Tummy Control Power Flex Yoga Capris with Side Pockets,2021-12,1,5.0,2021-12-01
B07GKLQ5KV,90 Degree By Reflex High Waist Squat Proof Tummy Control Power Flex Yoga Capris with Side Pockets,2022-08,2,5.0,2022-08-01
B07GKLQ5KV,90 Degree By Reflex High Waist Squat Proof Tummy Control Power Flex Yoga Capris with Side Pockets,2022-10,1,4.0,2022-10-01
B07GKLQ5KV,90 Degree By Reflex High Waist Squat Proof Tummy Control Power Flex Yoga Capris with Side Pockets,2023-01,2,4.0,2023-01-01
B07GKLQ5KV,90 Degree By Reflex High Waist Squat Proof Tummy Control Power Flex Yoga Capris with Side Pockets,2023-02,1,5.0,2023-02-01
B07GKLQ5KV,90 Degree By Reflex High Waist Squat Proof Tummy Control Power Flex Yoga Capris with Side Pockets,2023-11,1,5.0,2023-11-01
B07GKLQ5KV,90 Degree By Reflex High Waist Squat Proof Tummy Control Power Flex Yoga Capris with Side Pockets,2025-06,1,5.0,2025-06-01
B07GKLQ5KV,90 Degree By Reflex High Waist Squat Proof Tummy Control Power Flex Yoga Capris with Side Pockets,2026-03,1,1.0,2026-03-01
B07GKRT8CH,Sunflower Charm Bracelet I Want to be Like a Sunflower Floral Bangle (sunflower bracelet),2022-05,1,5.0,2022-05-01
B07GL76JPF,RBX Active Women's Fashion Athleisure Long Sleeve French Terry Lightweight Pullover Sweatshirt,2025-01,1,5.0,2025-01-01
B07GNH6Y6H,"Chuangdi 4 Pair Faux Leather Earrings Set 2 Pair Leather Teardrop Earrings and 2 Pair Leather Petal Earrings for Women and Girl (Black, Bright Gold, Silver, Rose Gold)",2022-08,1,5.0,2022-08-01
B07GPT7DFV,Orchid Row Womens's Fancy Multi Color Casual Cozy Knit Infinity Scarf and Beanie Set Green/White O/S,2021-12,1,3.0,2021-12-01
B07GPTHY4K,Orchid Row Womens's Fancy Multi Color Casual Cozy Knit Infinity Scarf and Beanie Set Burgundy/White O/S,2021-12,2,4.0,2021-12-01
B07GPTHY4K,Orchid Row Womens's Fancy Multi Color Casual Cozy Knit Infinity Scarf and Beanie Set Burgundy/White O/S,2022-01,2,4.0,2022-01-01
B07GPTHY4K,Orchid Row Womens's Fancy Multi Color Casual Cozy Knit Infinity Scarf and Beanie Set Burgundy/White O/S,2022-05,1,5.0,2022-05-01
B07GQM555D,Actloe Women's Floral Printed Long Sleeve Rashguard Swim Top Swimwear Surfing Top Black XX-Large,2021-11,1,3.0,2021-11-01
B07GQM555D,Actloe Women's Floral Printed Long Sleeve Rashguard Swim Top Swimwear Surfing Top Black XX-Large,2022-08,1,2.0,2022-08-01
B07GRYVTHT,Epicstoke Polarized Acetate Carvers Sunglasses ECO for Men or Women,2021-10,1,5.0,2021-10-01
B07GS2NQ1J,icyzone Workout Shirts for Women - Yoga Tops Gym Clothes Running Exercise Athletic T-Shirts for Women(Pack of 2),2022-11,1,5.0,2022-11-01
B07GS2NQ1J,icyzone Workout Shirts for Women - Yoga Tops Gym Clothes Running Exercise Athletic T-Shirts for Women(Pack of 2),2022-12,1,1.0,2022-12-01
B07GS2NQ1J,icyzone Workout Shirts for Women - Yoga Tops Gym Clothes Running Exercise Athletic T-Shirts for Women(Pack of 2),2024-05,1,4.0,2024-05-01
B07GS2NQ1J,icyzone Workout Shirts for Women - Yoga Tops Gym Clothes Running Exercise Athletic T-Shirts for Women(Pack of 2),2024-06,1,3.0,2024-06-01
B07GSFC6BP,Sportoli Maxi Dresses for Women Solid Lightweight Long Casual Long Sleeve W/Pocket,2023-01,1,5.0,2023-01-01
B07GSVN56K,Halloween Horrific Demon Adult Scary Clown Cosplay Props Devil Flame Zombie Mask (Red Haired Clown),2022-02,1,5.0,2022-02-01
B07GT9QCX9,adidas Boys' Iconic Tricot Jogger Pants,2022-04,1,5.0,2022-04-01
B07GT9QCX9,adidas Boys' Iconic Tricot Jogger Pants,2024-09,1,4.0,2024-09-01
B07GV4XS1M,"TOUTOUAI Women's Short Sleeve T Shirt Round Neck Stripe High Waist Blouse (Large, 2 Blue B)",2022-08,1,5.0,2022-08-01
B07GVGMCPM,SHIBEVER Womens Plus Fleece Pullover Sweatshirt Long Sleeve Coats Cute Jackets Oblique Button Geometric Pattern Outwear Tops Black 3XL,2022-03,1,4.0,2022-03-01
B07GVHPF5P,"CEMXX Leotards for Girls Gymnastics Long Sleeve Unicorn Unitards Cartoon Dancing Biketards with Shorts(Pink,130 for 6-7Y)",2022-01,1,5.0,2022-01-01
B07GVHX8NN,AMITER 26 Letters Tie Clip for Men,2024-09,1,4.0,2024-09-01
B07GVHX8NN,AMITER 26 Letters Tie Clip for Men,2026-03,1,5.0,2026-03-01
B07GVVNDV1,BASICO Winter Infinity Scarfs for Women Warm Knit Plaid Infinity Scarf Circle Loop Scarves,2024-04,1,4.0,2024-04-01
B07GVVNDV1,BASICO Winter Infinity Scarfs for Women Warm Knit Plaid Infinity Scarf Circle Loop Scarves,2025-02,1,5.0,2025-02-01
B07GXGBTBJ,RARITY-US Unisex Baby Toddler Kids Knit Loop Scarf Winter Warm Cotton Wrap Shawl Scarf Neckwarmer,2022-05,1,3.0,2022-05-01
B07GXHLTRP,Nike Men's Solay Thong Sandal,2020-06,1,5.0,2020-06-01
B07GXHLTRP,Nike Men's Solay Thong Sandal,2020-11,1,4.0,2020-11-01
B07GXHLTRP,Nike Men's Solay Thong Sandal,2022-09,1,5.0,2022-09-01
B07GXHLTRP,Nike Men's Solay Thong Sandal,2023-03,1,4.0,2023-03-01
B07GZ9G1Y6,"KAYLYN KAYDEN KLKD C004 Women's California Patch Tapered Bottom Jogger Fleece Pants, Burgundy, Small",2022-12,1,4.0,2022-12-01
B07H2H5867,80pcs Vintage Antique Silver Alloy Animal Bear&Cat&Dog Paw Charms Pendant Jewelry Findings for Jewelry Making Necklace Bracelet DIY 19x17mm (80pcs dog Paw),2022-05,1,5.0,2022-05-01
B07H3LLSBY,Kattee Women's Genuine Leather Handbags Large Top-Handle Tote Shoulder Purse Cross body Bag Brown,2023-03,1,5.0,2023-03-01
B07H5JS85Q,Le Mou Women's Sleeveless Pink Floral Scallop Edge Laser Cut Cocktail Party Dress Pink M,2022-06,1,5.0,2022-06-01
B07H5K8FW2,Le Mou Women's Sleeveless Off Shoulder Black Scallop Edge Laser Cut Party Top Black M,2022-02,1,4.0,2022-02-01
B07H5KQYLR,Le Mou Women's Sleeveless Off Shoulder Lavender Scallop Edge Laser Cut Party Top Lavender L,2022-05,1,2.0,2022-05-01
B07H6LCYQ4,"Lands' End Women's Lightweight Fitted Turtleneck Layering, M, Cameo Dogs",2022-06,1,5.0,2022-06-01
B07H73FPSY,"ALPARA Boys Girls Slipper Coral Fleece Cute Bunny Slip On House Slippers Indoor Home Shoes Toddler/Little Kid, Navy Blue 180",2022-08,1,5.0,2022-08-01
B07H7XF6WX,NBEADS 1 Strand (About 35pcs) Black Round Handmade Evil Eye Glass Lampwork Beads Charms Spacer Beads for Bracelets Necklace Jewelry Making,2022-05,1,5.0,2022-05-01
B07H8BVMK7,"Women Watch, Mostsola Girls Vintage Silicone Printed Flower Causal Quartz Wrist Watches (Blue)",2022-02,1,1.0,2022-02-01
B07H8C4VMY,Wellwits Women's Triangle Fancy Pattern Print Tea Length 1950s Vintage Dress XL,2024-02,1,5.0,2024-02-01
B07H8WJQ77,Iheyi 6 Pieces Light Padded Youth Teenager Wired Demi Cotton Youth Bra (36A),2022-06,1,2.0,2022-06-01
B07H95BCNJ,Bbonlinedress Women's Short Floral Lace Bridesmaid Dress V-Back Sleeveless Formal Cocktail Party Dress White S,2022-06,1,4.0,2022-06-01
B07H9WCJ74,Life is Good Men's Adirondack Jake Vintage Crusher Tee,2023-01,1,2.0,2023-01-01
B07HBQDVTX,"naaici Compact Lightweight Travel Umbrella,Auto Open/Close(Carmine)",2022-10,1,4.0,2022-10-01
B07HCJV34P,koitmy Women's Floral Lace 3/4 Sleeve Bridesmaid Cocktail Party Slim Midi Dress Black,2022-03,1,4.0,2022-03-01
B07HF8T27Z,Boutique23 Women's Ruffled Cold-Shoulder Bodycon Dress,2022-06,1,4.0,2022-06-01
B07HFLDQ2B,Girls Lightweight Infinity Scarfs for Toddler Boys Loop Shawl Wrap Scarf Kids by A Sund,2022-11,1,5.0,2022-11-01
B07HFQVLD6,Womens Lightweight Soft Knit Wool Cozy Crew Socks Ladies Cute Comfy Casual Sock Christmas Gift,2022-03,1,5.0,2022-03-01
B07HFZ12V5,Matching Family Pajamas Christmas Tree Boys and Girls Pyjamas 2 Piece PJs for Kids Size 5,2022-01,1,2.0,2022-01-01
B07HG1RY1M,A for Awesome Youth Boys Long Sleeve Hoodie Sweater Medium Khaki,2021-12,1,5.0,2021-12-01
B07HG1RY1M,A for Awesome Youth Boys Long Sleeve Hoodie Sweater Medium Khaki,2022-06,1,5.0,2022-06-01
B07HGHYLHM,"Hurley Mens Tred Light Long Sleeve T-Shirt AQ8641, Black, L",2022-02,1,1.0,2022-02-01
B07HHBRW3F,Lywjyb Birdgot Mailman Gift Mail Carrier Gift Post Carrier Gifts Post Service Worker Gift,2024-03,1,5.0,2024-03-01
B07HHHXBN4,"Fit Division Women's Jean Look Buttery Soft Jeggings Tights Slimming Full Lenght Mid Rise Ponte Knit Leggings Pants S-XXXL (2X US Size 16-18, FD001-WND)",2022-09,1,5.0,2022-09-01
B07HHPDPPY,WLLW Women Splice Design Stripe Colorblock Long Sleeve Round Neck Pocket Tops Blouse Black,2022-03,1,3.0,2022-03-01
B07HJYLCCK,"AME Sleepwear Super Mario Boys Fleece Pajama Set,Gray,Medium / 8",2022-03,1,5.0,2022-03-01
B07HL7VCJJ,"Gloria Vanderbilt Women's Amanda Trouser Pant, Perfect Khaki, 8",2022-05,1,5.0,2022-05-01
B07HLQMD45,Metallic Tassel Drop Stud Earrings Ethnic Boho Style KELMALL COLLECTION,2022-02,1,5.0,2022-02-01
B07HNYWZZK,"Gold Statement Fringe Fashion: Bohemian Tassel Earrings Gifts for Women. Aretes de Mujer Drop Dangle Tassle Summer hot Earring Gift idea for Birthday, Wedding, Bridesmaid, Friend (White)",2022-01,1,5.0,2022-01-01
B07HPWHH8Z,NiuZaiz 1pc Mouse Ears for Christmas Parties and Birthday Costume Parties,2021-12,1,4.0,2021-12-01
B07HPWHH8Z,NiuZaiz 1pc Mouse Ears for Christmas Parties and Birthday Costume Parties,2023-01,1,4.0,2023-01-01
B07HPWHH8Z,NiuZaiz 1pc Mouse Ears for Christmas Parties and Birthday Costume Parties,2023-02,1,3.0,2023-02-01
B07HPWHH8Z,NiuZaiz 1pc Mouse Ears for Christmas Parties and Birthday Costume Parties,2025-04,1,5.0,2025-04-01
B07HQ7YN31,3pcs Mom Big Little Sister Love Heart Pendant Key Chain Rings Gift for Women Girl Mother Day,2022-08,1,5.0,2022-08-01
B07HQ9176S,joyliveCY Women's Knit Cardigan Sweater Long Sleeve Open Front Cardigans Loose Sweater with Pockets,2022-06,1,5.0,2022-06-01
B07HRGG6DK,Philip Kent Men's No Iron Slim-fit Suit Separate Vest M Charcoal,2022-04,1,5.0,2022-04-01
B07HRQ6G4G,"Mordenmiss Women's Autumn Sweater Knit Pullovers Clothing (L, Omber-Green)",2024-04,1,5.0,2024-04-01
B07HRTNRC5,NIKE Dri Fit Sleeveless Stripe OLC Golf Polo 2019 Women Lilac Mist Medium,2023-02,1,4.0,2023-02-01
B07HSQXJ6Y,"Hycome 2-Pieces Winter Beanie Wool Hat Scarf Set Warm Knit Hat Thick Fleece Lined Winter Hat & Scarf for Men Women Youth (Navy, Regular)",2022-09,1,5.0,2022-09-01
B07HSSYC1R,5 Pairs Comfortable Simple Leaf Leather Earrings for Women and Girls Set for Sansitive Ears Gunmetal Hooks Dangle Drop Faux Leather Earrings,2022-07,1,5.0,2022-07-01
B07HT1N8GR,Serene Bohemian Women's Aztec Printed Cover-Up Top,2022-06,1,5.0,2022-06-01
B07HT44FWQ,"LazyCozy Women's V Neck Long Sleeves Pajamas Set, Pink, Small",2022-09,1,2.0,2022-09-01
B07HT745FH,D & Jones Women's Newbury Fleece Vest,2024-03,1,5.0,2024-03-01
B07HV88NRR,WDIRARA Women's Striped Elastic Waist Capris Pants Stretchy Sporty Leggings Black and White L,2023-05,1,5.0,2023-05-01
B07HVHBW1B,"car Key Chain Keychain,Genuine Leather Car Smart Key caseKey Chain Keychain Holder Metal Hook and Keyring Zipper Bag for Remote Key Fob (Volkswagen)",2022-10,1,5.0,2022-10-01
B07HXVDFZQ,"Tropic Bliss Women's Fall Palazzo Pants, Organic Cotton, Office Casual Blue",2022-04,1,5.0,2022-04-01
B07HXYZ864,JIN+D Unisex Slouchy Beanie Cap Cable Knit Soft Cozy Oversized Long Hats for Women and Men Gray,2022-11,1,3.0,2022-11-01
B07HXYZ864,JIN+D Unisex Slouchy Beanie Cap Cable Knit Soft Cozy Oversized Long Hats for Women and Men Gray,2023-01,2,3.0,2023-01-01
B07HZ56HDP,JanSport Pie Pouch - Deep Dish Pizza,2022-12,1,5.0,2022-12-01
B07J1SVCD4,MAOFAED Dinosaur Gift Dinosaur Couple Gift T-Rex Gift RAWR Means I Love You in Dinosaur Dinosaur Lover Gift,2022-03,1,5.0,2022-03-01
B07J1Y1M64,Unisex Warm Soft Cashmere Feel Plaid Fall Winter Scarf 01-Red & Black Buffalo Check,2022-02,1,1.0,2022-02-01
B07J1YGFP8,"Gold Toe Mens Socks (6 Pairs) Cotton Socks, Moisture Wicking Socks, Mens Dress Crew Socks",2022-01,1,5.0,2022-01-01
B07J2MZJ5B,Womens Long Sleeve Button Tunic Shirt with Pockets Casual Top Blouse Dark Gray S,2022-04,1,4.0,2022-04-01
B07J2VVSKB,YCOOCE Womens Dresses Summer Casual O-Neck Belted Dress,2022-10,1,3.0,2022-10-01
B07J3MG29T,Secret Treasures Merry & Bright RV Happy Camper Sleep Nightgown (2X-3X(20W-24W)) Red,2021-12,1,5.0,2021-12-01
B07J447SSX,Eyeglass Chains Sunglasses Neck Strap Cord Beaded Reading Glasses Chain Holder Lanyards Eyewear Retainer for Women (Gold),2022-09,1,4.0,2022-09-01
B07J4HDBMG,Deniferymakeup Exaggerate Metal Skeleton Bracelet Halloween Accessories Ghost Claw Ornaments Gothic Finger Skeleton Bracelet Flexible to Wear for Your Halloween Cosplay Costume (Gold),2024-09,1,5.0,2024-09-01
B07J4TL3FY,"Artbun 40pcs Carabiner Clip D Ring, Spring Carabiner Keychain Assorted Size D Shape Aluminum, Carabiner Clip for Hiking, Bottle, Backpack, Fishing",2022-04,1,5.0,2022-04-01
B07J4TL3FY,"Artbun 40pcs Carabiner Clip D Ring, Spring Carabiner Keychain Assorted Size D Shape Aluminum, Carabiner Clip for Hiking, Bottle, Backpack, Fishing",2022-05,2,2.5,2022-05-01
B07J5B2ZSP,"Turnhier Skirted Legging Women, Skirted Leggings Tennis Pants for Women Capri Skirted Leggings(Color,XL) B07J5B2ZSP",2022-02,1,3.0,2022-02-01
B07J5MB8PQ,White Stitched Cotton,2018-01,1,1.0,2018-01-01
B07J5MB8PQ,White Stitched Cotton,2019-10,1,1.0,2019-10-01
B07J5MB8PQ,White Stitched Cotton,2020-05,1,3.0,2020-05-01
B07J5MB8PQ,White Stitched Cotton,2021-04,1,2.0,2021-04-01
B07J64PVV5,4Pcs Retainer Flexible Clear 16g 1/4 6mm Labret Rings Piercing Jewelry Medusa Marilyn Monroe Lip Vertical Tragus M3233,2025-08,1,2.0,2025-08-01
B07J6BSSKP,Womens Lightweight Stripped Kimono/Beach/Swimsuit Coverup with an Adjustable Drawstring and Pom Poms,2022-04,1,4.0,2022-04-01
B07J9KN9GQ,"Turnhier Skirted Legging Women, Skirted Leggings Tennis Pants for Women Capri Skirted Leggings(Color,L)",2023-11,1,5.0,2023-11-01
B07JB3JL5K,Jason Markk Premium Starter Kit Shoe Cleaner Solution Microfiber Towel Premium Brush Quick Wipe Set,2024-05,1,4.0,2024-05-01
B07JGCLHZ5,SanSoleil Men's SolCool UV 50 Button Polo Medium - Sky and Midnight Blue Stripes,2022-06,1,5.0,2022-06-01
B07JGX888T,YL Women's Peace Sign Necklace 925 Sterling Silver Hamsa Hand Jewelry,2023-01,1,5.0,2023-01-01
B07JJZV14V,NELEUS Women's Dry Fit Workout Running Long Sleeve Shirt,2025-09,1,4.0,2025-09-01
B07JKRWSB7,"Beister 3 Pairs Premium Thick Knit Merino Wool Socks, Solid Reinforced Winter Soft Warm Casual Crew Socks for Womens & Mens",2022-01,1,5.0,2022-01-01
B07JL8SXSX,BORUO 925 Sterling Silver Ring High Polish Thin Beaded Bali Stackable Tarnish Resistant Engagement Wedding Band 2mm Ring 4-12,2022-07,1,5.0,2022-07-01
B07JLY2HMN,Namcha My Hero Academia Boku No Hero Academia Cosplay Costume Hoodie Jacket Unisex Training Suit Uniform,2023-02,1,1.0,2023-02-01
B07JMPM5TH,Womens Wool Socks Knit Warm Comfort Cotton Work Duty Boot Winter Socks For Cold Weather 5 Pack (Solid Color B1),2022-02,1,1.0,2022-02-01
B07JMPMYCW,WOOSEA Women's Polka Dot Short Sleeve Pockets Wear to Work Puffy Swing Casual Dress,2022-02,1,5.0,2022-02-01
B07JNFLKLD,"ATHLIO CLSL Men's (Pack of 3) Sleeveless Muscle Tank Top Cool Dry Compression Baselayer, Black/Charcoal/White, Small",2022-05,1,5.0,2022-05-01
B07JPWY8TZ,Minthunter Women's Long Sleeve Crew Neck Dress Tulip Hem Casual Tunic Tops Sky Blue,2022-05,1,5.0,2022-05-01
B07JQ6CN3H,Orchid Row Women's Fashion Spring Summer Straw Hat with Bow Detail and Decorative Trim Tan O/S,2022-04,1,5.0,2022-04-01
B07JQ6CN3H,Orchid Row Women's Fashion Spring Summer Straw Hat with Bow Detail and Decorative Trim Tan O/S,2022-05,1,5.0,2022-05-01
B07JQ6CN3H,Orchid Row Women's Fashion Spring Summer Straw Hat with Bow Detail and Decorative Trim Tan O/S,2022-06,1,5.0,2022-06-01
B07JQD4XNP,No Show Socks Women Non Slip Low Cut Cotton Liner Sports Casual Socks 3/6 Pairs (6 Pairs (3 Black+3 White)),2022-11,1,5.0,2022-11-01
B07JR8TGBZ,"The Two Bobs Office Space TPS Reports tee t Shirt (Cubicle Sports Gray, X-Large)",2022-09,1,5.0,2022-09-01
B07JZ4VT9S,"LiFashion LF Mens Boys Stainless Steel Outdoor Rescue Rope Hiking Camping Hunting Paracord Survival Cuff Bracelet Sentimental Motivational Message Son Bracelet from Dad,Mom for Birthday",2023-03,1,1.0,2023-03-01
B07JZGGFNL,RUIZHEN Silver Tiny Bike Stud Earrings,2023-01,1,5.0,2023-01-01
B07K15Y14X,REETOYO Women's High Waisted Boot Cut Yoga Pants Workout Bootleg Flares Pants with Inner Pocket,2022-11,1,5.0,2022-11-01
B07K1VZW7C,"No Show Socks Women, Socks for flats, Aockis Ultra Footies Socks for Women 6 Pairs",2022-03,1,4.0,2022-03-01
B07K1VZW7C,"No Show Socks Women, Socks for flats, Aockis Ultra Footies Socks for Women 6 Pairs",2022-12,1,4.0,2022-12-01
B07K1XXMBY,Zeelool Cat Eye Blue Light Blocking Glasses for Women 100% UV400 Protection Eyewear Martha FA0457,2023-11,1,5.0,2023-11-01
B07K2DZJH6,"Blue Merlin Stick-On Readers Bifocal Lenses | Magnifying Adhesive Reading Lens | Sunglass Magnifier Stick On | Turn Any Eyewear into Reading Glasses | 1 Pair, 1.50 Magnification",2022-02,1,1.0,2022-02-01
B07K2PPRS4,Gemijack Unisex Boys Girls Sweaters Cable Knit Shawl Collar Toddler Boy Pullover Red,2023-02,1,5.0,2023-02-01
B07K3X9R4M,Premium Women Thick Scarf Soft Stretchy Jersey Can dress up Infinity Scarf,2023-03,1,4.0,2023-03-01
B07K4211CT,Knitee Women's Floral Lace See Through Evening Nightout Party Dress Navy Blue X-Large,2022-12,1,5.0,2022-12-01
B07K4CC56K,"Speidel Replacement Scrub Silicone Watchband for Nurses, Doctors, Students in 18mm, 20mm, 22mm, 24mm",2022-08,1,5.0,2022-08-01
B07K4CC56K,"Speidel Replacement Scrub Silicone Watchband for Nurses, Doctors, Students in 18mm, 20mm, 22mm, 24mm",2024-03,1,5.0,2024-03-01
B07K4CC56K,"Speidel Replacement Scrub Silicone Watchband for Nurses, Doctors, Students in 18mm, 20mm, 22mm, 24mm",2025-01,1,5.0,2025-01-01
B07K69RY88,"NEWCOSPLAY Luxury Faux Fur Throw Blanket Super Soft Reversible Throw Warm Lightweight Blanket Wrinkle-Resistant and Breathable All Season Use (780-light Pink, Throw(50`))",2022-10,1,5.0,2022-10-01
B07K6L5FBZ,Romwe Women's Workout Jogger Pants High Waist Lightweight Hiking Outdoor Cargo Sweatpants,2024-06,1,1.0,2024-06-01
B07K81DXRH,"Anmery Womens Long Raglan Sleeve Shirts Crew Neck Casual Lightweight Pullover Sweatshirt (XXL, Black Floral)",2022-03,1,3.0,2022-03-01
B07K8XQ7VY,Round Natural Gemstones 8 Stations Yard Necklace for Women in 925 Sterling Silver 16 Inches Long with Lobster Claw 3 mm by Lavari Jewelers,2022-05,1,5.0,2022-05-01
B07K9DQSX2,"OUTFANDIA Emergency Paracord Bracelet, 8-in-1 Survival Cord w/SOS LED Light, Tactical Wristband, w/UV Detector, Loud Whistle, Compass, Red Laser, Sim Car Pin, Reflector for Camping & Hiking",2024-04,1,5.0,2024-04-01
B07KD8C8N3,Nike Women's NSW Tight Fleece Varsity,2024-02,1,2.0,2024-02-01
B07KD8C8N3,Nike Women's NSW Tight Fleece Varsity,2025-04,1,5.0,2025-04-01
B07KDVDJ9V,MOHICO Wolf Pendant Energy Stone Pendant Engraved Healing Necklace Adjustable,2023-06,1,5.0,2023-06-01
B07KDWZ8FQ,"ToyGuide 100 Pcs Slap Bracelets Party Favors, Colorful Hearts Emoji Animal Unicorn Print Design Retro Slap Bands for Kids Adults,Carnival Prizes",2022-12,1,5.0,2022-12-01
B07KGDYCDM,Gypsy Jewels Long Natural Stone Agate Slice Faux Suede Necklace - Assorted Colors (Simulated Turquoise Grey),2022-11,1,5.0,2022-11-01
B07KH8Z7T3,"Karen Scott Women's Plus Size Printed T-Shirt (0X, Bright White)",2022-06,1,4.0,2022-06-01
B07KHB2Y4M,COCOHAT Knit High Ponytail Hat，Beanie Winter Hats for Women，High Bun Messy Visor Beanie Cap (Black and White),2022-02,1,5.0,2022-02-01
B07KJ8JGG6,Women's Hooded Lightweight Quilted Short Faux Fur Lined Jacket Outwear Puffer Coat,2023-01,1,3.0,2023-01-01
B07KJ8SRNW,Leopard Mini Dresses for Women Party Club Night Sleeveless Spaghetti Strap V Neck Ruffle Party Mini Dress Brown,2022-07,1,1.0,2022-07-01
B07KLMVSYD,NAFOUR Women's Sleeveless Halter Neck Rib-Knit Mini Dress Bodycon Sweater Dresses for Party Club Rose Pink,2022-06,1,5.0,2022-06-01
B07KM1R39L,"TheChainGang Heavy Donut Ball Weight Stretcher, Two Piece Surgical Steel Ball Stretching Weights (40mm Tall x 42mm Inside Dia - 3lb 2.1oz)",2022-11,1,5.0,2022-11-01
B07KM97WHS,kenoce Women's Long Zip Up Hoodies Solid Color Casual Coat Tunic Sweatshirt Long Outwear Jacket with Pockets,2022-10,1,5.0,2022-10-01
B07KNSVXYF,Bonyak Jewelry Solid Sterling Silver RH-Plated Polished Screw Top Ash Holder Pendant,2022-04,1,5.0,2022-04-01
B07KP8XRDQ,MINCL/Transition Sunglasses Photochromic myopia Eyeglasses Finished Men Square Computer Optical Glasses Frame (blue-2.0),2022-05,1,5.0,2022-05-01
B07KPPKB5M,"Nalie Sports Pittsburgh Football Fans. No Bell Prize Winner Black T-Shirt (Sm-5X) (Short Sleeve, Large)",2022-12,1,5.0,2022-12-01
B07KS6XV3Q,Kids Watch Multi Function 50M Waterproof Sport LED Alarm Stopwatch Digital Child Wristwatch for Boy Girl,2023-02,2,3.0,2023-02-01
B07KS74TYP,Inorin Womens Cowl Neck Button Long Sleeve Pullover Sweatshirt Tunic Top Casual Shirts Wine Red,2022-03,1,5.0,2022-03-01
B07KZC84YS,adidas Boys' Short Sleeve Cotton Jersey Graphic T-Shirt,2021-03,1,5.0,2021-03-01
B07KZHQCHX,Sampeel Womens Solid Color Pullover Tops Tunic Round Neck Loose T Shirt Light Blue XL,2022-03,1,3.0,2022-03-01
B07KZLRDSH,Zcaynger Little Girls Tulle Tutu Skirt & Printed Tank/Baby Girls Strap Skirt Sets Gray,2022-05,1,5.0,2022-05-01
B07KZQB3Q6,Metisee Dainty Earrings Star Pendent Thin Earrings Minimal Earring Jewelry for Women and Girls (Gold),2022-06,1,3.0,2022-06-01
B07L17MS9B,Maketina Women's Deep V Neck Long Sleeve Slitted with Belt Club Bodycon Cocktail Bandage Midi Dress Black M,2022-03,1,5.0,2022-03-01
B07L2VJN9Z,Angashion Women's Shorts - Casual High Waisted Solid Short Trouser Pants with Belt Orange S,2022-03,1,5.0,2022-03-01
B07L3Q4PW3,RainSo Heart Shape Pure Copper Magnetic Therapy Necklace for Women Adjustable,2023-04,1,5.0,2023-04-01
B07L5DWHQS,FlameReflection Stainless Steel Rings for Women Infinity Wedding Set Round CZ Cubic Zirconia Halo Engagement Bridal Jewelry (Choice of Stud Earrings),2022-11,1,4.0,2022-11-01
B07L6FY6TM,"JOYCORN Little Kids Rain Boots for Toddler, Boys, Girls with Handle - Natural Rubber Waterproof Booties Cute Shoes with Soft Fabric Edge Red",2022-05,1,5.0,2022-05-01
B07L7Q88KL,Life is Good Men's Crusher Tee Go Places Bike,2022-04,1,4.0,2022-04-01
B07L8Q3R4S,"Zattcas Maxi Dresses for Women,Womens Crew Neck Sleeveless Summer Floral Maxi Dress with Pockets,Teal Green,XX-Large",2024-05,1,4.0,2024-05-01
B07L91LWH4,Valentine's Day Buffalo Plaid Love Heart Shirt Women 3/4 Sleeve Raglan Baseball T-Shirt Casual Tee Tops,2025-11,1,3.0,2025-11-01
B07L9P26HQ,HI-TEC Men's Refuge Performance Cargo Pant,2022-07,1,5.0,2022-07-01
B07L9P26HQ,HI-TEC Men's Refuge Performance Cargo Pant,2022-08,2,5.0,2022-08-01
B07LB2KG32,"COOFANDY Men's Gym Workout Shorts Running Short Pants Fitted Training Bodybuilding Jogger with Pockets (XX-Large, 01-Navy Blue)",2022-04,1,5.0,2022-04-01
B07LBLT2SQ,"CSVK Gear Fit2/Gear Fit2 Pro Watch Band,Soft Silicone Replacement Accessories Strap for Samsung Gear Fit2 Pro SM-R365/Gear Fit2 SM-R360 Sports Fitness Smart Watch",2022-03,1,4.0,2022-03-01
B07LBNN4C3,"Meilidress Womens Ruched Butt Lifting Leggings High Waisted Workout Sport Tummy Control Gym Yoga Pants (X-Large, 2-Brown)",2024-02,1,2.0,2024-02-01
B07LG2RNT4,Fasker 3 Pack / 1 Pack Unisex Winter Ear Warmers Polar Fleece Winter EarMuffs Furry Outdoor Earmuffs,2022-05,1,4.0,2022-05-01
B07LG3W4DN,"BTFBM Women V Neck Button Down Short Sleeves Floral Print Casual Summer Dress with Belt (32_Blue, X-Large)",2022-06,1,2.0,2022-06-01
B07LGRW52G,"Lu's Chic Women's Satin Nightgown Silk Short Batwing Lightweight Floral Soft Sleepwear Dress I One Size fits S, M, L",2024-08,1,5.0,2024-08-01
B07M5ZFTXW,ZZKKO Shark Otter Frog Mens Boxer Briefs Underwear Breathable Stretch Boxer Trunk with Pouch S-XL,2024-02,1,5.0,2024-02-01
B07M62Y6V5,Love Heart Small Hoop Earrings Sterling Silver Sleepers Huggie Endless Hoops 12mm for Women Girls,2022-06,1,5.0,2022-06-01
B07M83KNHZ,SONJA BETRO Women's Crinkled Woven Lace Trim V-Neck Cape Tunic Kaftan/Black/Medium,2022-12,1,3.0,2022-12-01
B07MDLVBSM,Milumia Women's Boho Button Up Split Floral Print Flowy Party Dress Blue-2 X-Large,2024-01,1,3.0,2024-01-01
B07MF27BYP,TTYbridal V-Neck Velvet Prom Dresses Long Evening Party Gown with Split Side,2024-12,1,5.0,2024-12-01
B07MF7GVCH,MEHEPBURN Women's Long Sleeve Silk Satin Pajamas Set Sleepwear 2Pcs Navy L,2022-03,1,1.0,2022-03-01
B07MFB4L74,"ChefsCloset Unisex Allentown Denim Waist Apron, Black",2023-10,1,5.0,2023-10-01
B07MFDPN1V,Basic Model V Neck Summer Dress for Women Button Up Tie Knot Sleeve Floral Dress Elastic Waist Boho Dress,2022-11,1,4.0,2022-11-01
B07MFLJW7D,"FINCATI Bikini Cover up Women Boho Beach Wears for Summer Holiday Vocation (one Size, 8374)",2022-10,1,4.0,2022-10-01
B07MFN8CLC,Under Armour Unisex-Child Grade School Charged Rogue Sneaker,2022-05,1,4.0,2022-05-01
B07MG34RJV,"INIBUD Midi Dress for Women Summer Retro Striped Button Down Tassels Bohemian V Neck Swing A Line Sleeveless (Blue Stripes, US M)",2022-06,1,4.0,2022-06-01
B07MHMMQJS,"Fashiomo Women's Chiffon V Neck Ruffle Mini Dress Wrap Tie Waist Sundress Off White,S",2022-08,1,5.0,2022-08-01
B07MJFN9Q8,LEHII Portable Kids Children Rain Poncho Reusable Raincoat with Hoods and Sleeves Durable Lightweight and Perfect for Outdoor Activities(Blue + Yellow),2022-06,1,4.0,2022-06-01
B07MK15ZSL,"VETIOR Button Down Swing Dress, Sleeveless Adjustable Strappy Beach Summer Dress Dark Red",2022-08,1,5.0,2022-08-01
B07ML2FVG3,HIITAVE Men/Womens Trail Running Barefoot Shoes Lightweight Gym Athletic Walking Shoes for Outdoor Sports Cross TrainerBlack/Gray/Yellow 7.5 Women/6.5 Men,2024-11,1,5.0,2024-11-01
B07ML5WQ6G,SWQZVT Women's Summer Bohemian Floral Dresses Sleeveless Pockets Racerback Scoop Neck Casual Long Maxi Tank Dress Coral XL,2023-01,1,5.0,2023-01-01
B07ML5WQ6G,SWQZVT Women's Summer Bohemian Floral Dresses Sleeveless Pockets Racerback Scoop Neck Casual Long Maxi Tank Dress Coral XL,2023-07,1,5.0,2023-07-01
B07MM54M1R,FZ FANTASTIC ZONE Women's Summer Casual Cold Shoulder Short Sleeve T-Shirt Front Knot Twist Tunic Tops Blouses Purple,2022-07,1,5.0,2022-07-01
B07MMW5YNT,NAOMI Cute Dainty Women's 14K Gold PlatedHeart-Shaped Ruby Drill Rings Delicate Rings Gemstone Rings Wedding Jewelry CS Multi-Color 9,2023-10,1,1.0,2023-10-01
B07MNMGT5J,Mens Cotton Newsboy-Cap Flat Ivy Hat Gatsby Cabbie Cap (Grey),2022-05,1,4.0,2022-05-01
B07MNNTXZ8,"Corciova 35"" Women Polyester Silk Feeling Hair Scarf for Sleeping Dark Midnight Blue Chains and Belts",2023-01,1,5.0,2023-01-01
B07MPJS4S6,Brighton My Flat in London Love Locks Necklace Swarovski Silver Plated Padlock,2022-09,1,5.0,2022-09-01
B07MPSGPX5,"Sweet & Soft Baby Girls 5 Piece Cardigan Set (Fushia Giraffe, 6/9 Months)",2022-11,1,5.0,2022-11-01
B07MQRSD8K,"VETIOR Summer Midi Dress, Women's Adjustable Spaghetti Strap Casual Sundress",2023-05,1,5.0,2023-05-01
B07MR1HW1Q,VIGOROSO Mens Watches Luxury Stainless Steel Date Analog Quartz Roman Numeral Wrist Watch,2022-09,1,2.0,2022-09-01
B07MR2NPP9,MIROL Women's Crewneck Sleeveless Tie Knot Front Bandage Solid Color Tunic Party Mini Dress Black,2022-07,1,5.0,2022-07-01
B07MTRX7TW,"Dr. Shams 6 Pairs Pack Graduated Colorful Travel Athletic Cotton Compression Knee High Socks (6 Pairs Assorted Solid, Small/Medium)",2023-01,1,5.0,2023-01-01
B07MTT8X9L,"PEPPERLONELY 30pc Antiqued Silver Alloy Pig Animal Charms Pendants 20 x13mm( 6/8"" x 4/8"")",2023-11,1,5.0,2023-11-01
B07MVZND1H,GraduationMall White Satin Kindergarten Graduation Sash with Printed Bear for Kids in Five Colors Fonts,2024-08,1,5.0,2024-08-01
B07MVZND1H,GraduationMall White Satin Kindergarten Graduation Sash with Printed Bear for Kids in Five Colors Fonts,2024-09,1,5.0,2024-09-01
B07MZN7TCV,Womens Short Sleeve Mock Neck Soft Stretchy Ribbed Knit Loose Casual Solid Color Tee Shirt Tops,2023-08,1,5.0,2023-08-01
B07N1C7GZQ,HIGHDAYS One Piece Swimsuits for Women Tummy Control,2022-05,1,5.0,2022-05-01
B07N1DVLFR,GUOER Cotton Face Mask Covering Can Be Washed Reusable One Size Multiple Colors,2021-12,1,5.0,2021-12-01
B07N1DVLFR,GUOER Cotton Face Mask Covering Can Be Washed Reusable One Size Multiple Colors,2023-03,2,4.0,2023-03-01
B07N2KD16G,"Newchoice Womens Casual Summer Dresses with Pockets Loose Boho Maxi Dress Flowy Beach Long Sundresses Plus Size (Army Green, XXL)",2022-09,1,5.0,2022-09-01
B07N2YKW8T,"10 Sets 25mm Double Sided Circle Pendant Trays with Glass - Alloy Pendant Blanks Cameo Bezel Settings Photo Jewelry - Custom Jewelry Making - 1""(Antique Silver)",2022-11,1,3.0,2022-11-01
B07N325487,Orchid Row Kimono Printed Chiffon Open Front Ruana Wraps for Women Yellow,2022-05,1,4.0,2022-05-01
B07N325487,Orchid Row Kimono Printed Chiffon Open Front Ruana Wraps for Women Yellow,2022-06,1,3.0,2022-06-01
B07N389BN4,Carter's Baby Girls Kitty Sleep Bag (Small) Pink,2024-03,1,5.0,2024-03-01
B07N4LN5G1,Carhartt Men's Tall Size Force Tech Quarter-Zip Thermal Base Layer Long Sleeve Shirt,2025-03,1,5.0,2025-03-01
B07N4LN5G1,Carhartt Men's Tall Size Force Tech Quarter-Zip Thermal Base Layer Long Sleeve Shirt,2025-06,1,5.0,2025-06-01
B07N4LN5G1,Carhartt Men's Tall Size Force Tech Quarter-Zip Thermal Base Layer Long Sleeve Shirt,2026-03,1,3.0,2026-03-01
B07N629HY7,KC Handmade Paw Necklace & Bracelet for Girls with One Bonus Hair Clip Gift Set Puppy Accessories Puppy Hair Clip,2023-06,1,5.0,2023-06-01
B07N6QZH6B,Zando Women's Swimdress Two Piece Swimsuits Push Up Slimming Dress whit Boyshort Plus Size Swimwear Bathing suits Black White Arrow 4XL (US Size 18-20),2022-05,1,1.0,2022-05-01
B07N7QF1J3,"dELiAs Girls Cotton Bikini Underwear Multipack - 20 Pack, Assortment 1, Size 6X'",2022-08,1,2.0,2022-08-01
B07N8K7BBJ,U.S. Polo Assn. Womens Casual Long Sleeve Shirt and Pajama Pants Sleep Sleepwear Set,2023-12,1,5.0,2023-12-01
B07N8N6GVR,"VETIOR Plus Size Floral Dress, Women's Knee Length Sleeveless Summer Beach Tank Dress",2022-11,1,2.0,2022-11-01
B07N8RQJF2,Verdusa Women's Criss Cross Backless Wrap Crop Halter Top Black M,2024-06,1,5.0,2024-06-01
B07NBJV145,GBG Los Angeles Loona Black 8 M,2022-05,1,4.0,2022-05-01
B07NF6N9JH,Mini Soccer Cleat KeyChain (Italy),2023-01,1,5.0,2023-01-01
B07NJ28DQW,KMHZ Women's Long Sleeve Lace Blouse Elegant Sheer Chiffon Tops Shirt Lace Splice Peplum Fancy Tops Pink,2023-05,1,5.0,2023-05-01
B07NMT5KVL,"Champion Women's Thermal Sleep Set, Chalk/Navy/Scarlet, Medium",2023-11,1,1.0,2023-11-01
B07NPQKVLV,OLEVS Men's Watches Luxury Sports Casual Quartz Wristwatches Waterproof Calendar Date Leather Band Black Color,2022-09,1,2.0,2022-09-01
B07NQJWPQM,"3XU Leather Charm,Unique Bag Charm,Cute Key Chain (Chihuahua-PT063)",2022-06,1,5.0,2022-06-01
B07NQX2ZSN,"Accutime Kids DC Comics Batman Black Educational Learning Touchscreen Smart Watch Toy for Boys, Girls, Toddlers - Selfie Cam, Learning Games, Alarm, Calculator, Pedometer & More (Model: BAT4740)",2025-04,1,5.0,2025-04-01
B07NWC6Y34,Men's Solid Cool Dri-Fit Active Athletic Golf Short Sleeves Polo Shirt,2021-09,1,2.0,2021-09-01
B07NX5RHZ2,"MEETEU Men's Cycling Gloves, Anti-Slip Mountain Bike Glove Breathable Gel Pad Shockproof Biking Gloves for Road Bicycle MTB Motorcycle - XL(Palm Width : 3.93-4.33In)",2022-05,1,4.0,2022-05-01
B07NX5RHZ2,"MEETEU Men's Cycling Gloves, Anti-Slip Mountain Bike Glove Breathable Gel Pad Shockproof Biking Gloves for Road Bicycle MTB Motorcycle - XL(Palm Width : 3.93-4.33In)",2022-07,1,5.0,2022-07-01
B07P17WLTT,"MAGCOMSEN Men's Joggers with Zipper Pockets Sweatpants Open Bottom Wrinkle-Free for Gym, Workout, Running",2022-05,1,4.0,2022-05-01
B07P17WLTT,"MAGCOMSEN Men's Joggers with Zipper Pockets Sweatpants Open Bottom Wrinkle-Free for Gym, Workout, Running",2022-07,1,3.0,2022-07-01
B07P37X514,Classic Women Hobo Shoulder Bag Ladies Tote Purses Handbag with Big Snap Hook (Small-Orange),2022-07,2,2.0,2022-07-01
B07P5JHF5P,Mud Pie Flower Girl Tote Bag,2023-10,1,5.0,2023-10-01
B07P64JQZ6,SLIMBELLE Womens Compression Full Body Shaper Postpartume Rcovery Bodysuit Shapewear with Sleeves Firm Control Black L,2024-01,1,1.0,2024-01-01
B07P6DDMHF,RuffleButts® Girls 3-Pack Knee High Socks with Ruffles,2024-11,1,5.0,2024-11-01
B07P6NBTR5,Foozys Men’s Fun Crazy Cool Sports Themed Novelty Crew Socks | 2 Pairs Included in Two Colors,2023-07,1,5.0,2023-07-01
B07P6NBTR5,Foozys Men’s Fun Crazy Cool Sports Themed Novelty Crew Socks | 2 Pairs Included in Two Colors,2026-02,1,5.0,2026-02-01
B07P6QCYB4,SheIn Women's Checkered Colorblock Crewneck Short Sleeve Fitted Tee T-Shirt Top X-Large Black,2022-09,1,5.0,2022-09-01
B07P7Q2J9N,"Exrebon Women's Yoga Shorts Active Exercise Fitness Gym Workout Running Non See-Through Side Pockets, Black, Large",2023-03,1,5.0,2023-03-01
B07P8NG51T,Vionic Harissa Women's Adjustable Orthotic Sandal,2023-07,1,5.0,2023-07-01
B07P8NG51T,Vionic Harissa Women's Adjustable Orthotic Sandal,2023-10,1,1.0,2023-10-01
B07P8NG51T,Vionic Harissa Women's Adjustable Orthotic Sandal,2024-04,1,5.0,2024-04-01
B07P8PKBCL,Meilidress Womens Ruched Butt Lifting Leggings High Waisted Workout Sport Tummy Control Gym Yoga Pants,2023-06,1,5.0,2023-06-01
B07P9JJ76R,Classic Polarized Oversized Sunglasses for Women HD Lens UV Protection shades Fashion Retro Goggle Designer Eyewear (White Frame/Shades Grey Oversized Polarized Sunglasses),2022-07,1,5.0,2022-07-01
B07PCMWWCZ,Cyanstyle Zip Front Tops for Women Sexy V Neck Sleeveless Plus Size Summer Top Loose Plaid Flowy Summer Vacation Tank Tops Business Blouse Shirts with Fake Pocket Apricot Plaid L,2022-07,1,1.0,2022-07-01
B07PD2XY39,"Lingerie for Women Front Closure Babydoll Lace Chemise V Neck Mesh Sleepwear (XL, Blue)",2022-09,1,5.0,2022-09-01
B07PFDQL7K,Blivener Espadrille Wedge Sandals Casual Summer Peep Toe Slingback Platform Sandals Shoes BLACK39 (8.5),2022-06,1,1.0,2022-06-01
B07PFDQL7K,Blivener Espadrille Wedge Sandals Casual Summer Peep Toe Slingback Platform Sandals Shoes BLACK39 (8.5),2024-04,1,1.0,2024-04-01
B07PG8J9R3,NAIT Embroidered Logo- Hat for Mens Womens Camo Dad Hat Adjustable Outdoor Snapback Hats Hiphop Hat Cap,2024-06,1,4.0,2024-06-01
B07PHW2CWH,"Disney Girls 3-Pack T-Shirts: Wide Variety Includes Minnie, Frozen, Princess, Moana, Toy Story, and Lilo and Stitch",2022-08,1,5.0,2022-08-01
B07PHW2CWH,"Disney Girls 3-Pack T-Shirts: Wide Variety Includes Minnie, Frozen, Princess, Moana, Toy Story, and Lilo and Stitch",2023-02,1,2.0,2023-02-01
B07PHW2CWH,"Disney Girls 3-Pack T-Shirts: Wide Variety Includes Minnie, Frozen, Princess, Moana, Toy Story, and Lilo and Stitch",2023-03,1,4.0,2023-03-01
B07PHW2CWH,"Disney Girls 3-Pack T-Shirts: Wide Variety Includes Minnie, Frozen, Princess, Moana, Toy Story, and Lilo and Stitch",2023-04,1,2.0,2023-04-01
B07PHW2CWH,"Disney Girls 3-Pack T-Shirts: Wide Variety Includes Minnie, Frozen, Princess, Moana, Toy Story, and Lilo and Stitch",2023-05,1,5.0,2023-05-01
B07PHW2CWH,"Disney Girls 3-Pack T-Shirts: Wide Variety Includes Minnie, Frozen, Princess, Moana, Toy Story, and Lilo and Stitch",2023-06,1,5.0,2023-06-01
B07PHW2CWH,"Disney Girls 3-Pack T-Shirts: Wide Variety Includes Minnie, Frozen, Princess, Moana, Toy Story, and Lilo and Stitch",2024-01,1,5.0,2024-01-01
B07PHW2CWH,"Disney Girls 3-Pack T-Shirts: Wide Variety Includes Minnie, Frozen, Princess, Moana, Toy Story, and Lilo and Stitch",2024-04,2,5.0,2024-04-01
B07PHW2CWH,"Disney Girls 3-Pack T-Shirts: Wide Variety Includes Minnie, Frozen, Princess, Moana, Toy Story, and Lilo and Stitch",2024-08,1,5.0,2024-08-01
B07PKP5YT2,Milumia Women Boho Floral Wrap V Neck Mini Dress Party Cocktail Summer Dresses Gray,2022-07,1,5.0,2022-07-01
B07PKSTN7M,YAKEFJ Floral Layered Lace Cuff Stretch Bracelet 1 pair,2024-02,1,5.0,2024-02-01
B07PLJCYY9,"BTFBM Women Floral Print Spaghetti Strap Backless Casual Loose Fitting Long Pant Jumpsuit Romper (Red 31, Medium)",2022-06,1,1.0,2022-06-01
B07PLNYFB7,Knitee Women's Vintage V-Neck Criss Cross Ruched Evening Party Cocktail Bodycon Sheath Formal Pencil Dress,2025-03,1,5.0,2025-03-01
B07PM25W3X,Stocking Fox Women's Plus Size Opaque Stretch Black Tights XX-Large 2-Pack,2022-08,1,5.0,2022-08-01
B07PM25W3X,Stocking Fox Women's Plus Size Opaque Stretch Black Tights XX-Large 2-Pack,2022-09,2,3.5,2022-09-01
B07PM25W3X,Stocking Fox Women's Plus Size Opaque Stretch Black Tights XX-Large 2-Pack,2022-10,1,5.0,2022-10-01
B07PM6Z1YN,Stainless Steel Long Bar Hypoallergenic Stud Dangle Earrings (Gold),2024-02,1,3.0,2024-02-01
B07PM859XY,Bodysocks Inflatable Shark Fancy Dress Costume,2020-12,1,3.0,2020-12-01
B07PMK7SK2,Women's Lightweight Stylish Rain Poncho Candy,2022-06,1,4.0,2022-06-01
B07PMPSMZX,"Awesome 360 Men's Cotton Stretch Classic Fit Boxer Briefs, Grey, 5 Pack, L",2022-07,1,3.0,2022-07-01
B07PNP9ZKJ,"Awesome 360 Men's Cotton Stretch Classic Fit Boxer Briefs, Multicolored, 3 Pack, XL",2022-07,1,2.0,2022-07-01
B07PPFJLZP,Stocking Fox Ballet Dance Tights Convertible for Women Girls 2-Pack White Age 7-10,2022-12,1,5.0,2022-12-01
B07PPFJLZP,Stocking Fox Ballet Dance Tights Convertible for Women Girls 2-Pack White Age 7-10,2023-02,2,5.0,2023-02-01
B07PPKZDJG,"Cute Cheshire Cat Costume Accessories, Handmade, Pink Purple or Blue Gray Striped Luxury Faux Fur Halloween",2021-11,1,5.0,2021-11-01
B07PPQ2N2S,Women's Colorful Cotton Embroidered Turkish Kaftans Beachwear Bikini Cover up Dress (D-White2),2022-09,1,1.0,2022-09-01
B07PQF8X3M,"WILD STAG 5 Pairs Pack, Merino Wool And Cotton Blend, Hiking Trekking Outdoor Multi Performance Crew Socks.",2023-10,1,5.0,2023-10-01
B07PR3RN18,Greyhound Crazy Socks 3D Crew Socks,2024-01,1,5.0,2024-01-01
B07PSDXLV6,MSBASIC Women's Tie Dye Dress Sleeveless Adjustable Strappy Summer Beach Swing Dress,2022-11,1,5.0,2022-11-01
B07PSDZGHX,Selene Women's Soft Lace Contrast Slip Dress Comfy Lounge Nightgown Floral Printed S,2022-06,1,4.0,2022-06-01
B07PVXZLCQ,Ruby Diva Womens Swing Tang with Tie Dye White/Classic Blue-L,2022-08,1,4.0,2022-08-01
B07PW43BFQ,danjie Inspirational Bracelet Cuff Bangle Keep Going Stainless Steel Engraved Motivational Friend Encouragement Jewelry Gift for Women Teen Girls Cuff Bangle with Brithday Gift (BC0011-Silver),2022-06,1,5.0,2022-06-01
B07PW9YHLS,Honolulu Jewelry Company Sterling Silver Hearts with Antique Finish Ring (5.5),2024-08,1,1.0,2024-08-01
B07PWHTJCL,Authentic Aggretsuko in Love PVC Keychain!,2023-11,1,5.0,2023-11-01
B07PYQCBJ5,Bivei Lava Rock Stone Aromatherapy Essential Oil Diffuser Braided Woven Adjustable Natural Gemstone Beads Crystal Bracelet,2022-08,1,5.0,2022-08-01
B07PYQCBJ5,Bivei Lava Rock Stone Aromatherapy Essential Oil Diffuser Braided Woven Adjustable Natural Gemstone Beads Crystal Bracelet,2022-09,1,1.0,2022-09-01
B07PYYTVKG,89th + Madison Women's Millennium Stretch Buckle Trim Comfort Waist Capri Pants Bleached White,2022-10,1,1.0,2022-10-01
B07PZZJYD9,Beopjesk Women's Sloth Running Team T Shirt Short Sleeve I Hate People Graphic Tees Tops,2022-08,1,5.0,2022-08-01
B07PZZJYD9,Beopjesk Women's Sloth Running Team T Shirt Short Sleeve I Hate People Graphic Tees Tops,2022-10,1,5.0,2022-10-01
B07PZZJYD9,Beopjesk Women's Sloth Running Team T Shirt Short Sleeve I Hate People Graphic Tees Tops,2023-04,2,4.5,2023-04-01
B07PZZJYD9,Beopjesk Women's Sloth Running Team T Shirt Short Sleeve I Hate People Graphic Tees Tops,2023-06,2,4.0,2023-06-01
B07PZZJYD9,Beopjesk Women's Sloth Running Team T Shirt Short Sleeve I Hate People Graphic Tees Tops,2023-10,1,4.0,2023-10-01
B07PZZJYD9,Beopjesk Women's Sloth Running Team T Shirt Short Sleeve I Hate People Graphic Tees Tops,2023-11,1,1.0,2023-11-01
B07PZZJYD9,Beopjesk Women's Sloth Running Team T Shirt Short Sleeve I Hate People Graphic Tees Tops,2024-04,1,5.0,2024-04-01
B07PZZJYD9,Beopjesk Women's Sloth Running Team T Shirt Short Sleeve I Hate People Graphic Tees Tops,2024-05,2,5.0,2024-05-01
B07PZZJYD9,Beopjesk Women's Sloth Running Team T Shirt Short Sleeve I Hate People Graphic Tees Tops,2025-03,1,1.0,2025-03-01
B07PZZJYD9,Beopjesk Women's Sloth Running Team T Shirt Short Sleeve I Hate People Graphic Tees Tops,2025-10,1,5.0,2025-10-01
B07Q11BFDB,"Supoix Compatible for Samsung Galaxy Watch 42mm Band, 20mm Crystal Rhinestone Diamond Metal Smartwatch Replacement Jewelry Bracelet for Galaxy Watch 42mm/Active 40mm-Sliver",2024-08,1,4.0,2024-08-01
B07Q19SV13,"New Cycling Gloves Bike Gloves Mountain Road Bike Gloves Anti-Slip Shock-Absorbing Pad Breathable Half Finger Bicycle Biking Gloves for Men & Women (Green, M)",2022-11,1,4.0,2022-11-01
B07Q2QT2SK,Capezio Girls Short Sleeve Leotard - Girls,2016-03,1,5.0,2016-03-01
B07Q2QT2SK,Capezio Girls Short Sleeve Leotard - Girls,2017-05,1,5.0,2017-05-01
B07Q2QT2SK,Capezio Girls Short Sleeve Leotard - Girls,2017-08,1,5.0,2017-08-01
B07Q2QT2SK,Capezio Girls Short Sleeve Leotard - Girls,2017-12,2,4.0,2017-12-01
B07Q2QT2SK,Capezio Girls Short Sleeve Leotard - Girls,2018-03,1,5.0,2018-03-01
B07Q2QT2SK,Capezio Girls Short Sleeve Leotard - Girls,2018-04,1,5.0,2018-04-01
B07Q2QT2SK,Capezio Girls Short Sleeve Leotard - Girls,2018-06,1,4.0,2018-06-01
B07Q2QT2SK,Capezio Girls Short Sleeve Leotard - Girls,2018-10,1,5.0,2018-10-01
B07Q2QT2SK,Capezio Girls Short Sleeve Leotard - Girls,2019-01,1,5.0,2019-01-01
B07Q2QT2SK,Capezio Girls Short Sleeve Leotard - Girls,2019-06,1,4.0,2019-06-01
B07Q2QT2SK,Capezio Girls Short Sleeve Leotard - Girls,2019-10,1,5.0,2019-10-01
B07Q2QT2SK,Capezio Girls Short Sleeve Leotard - Girls,2019-11,1,4.0,2019-11-01
B07Q2QT2SK,Capezio Girls Short Sleeve Leotard - Girls,2020-01,2,5.0,2020-01-01
B07Q2QT2SK,Capezio Girls Short Sleeve Leotard - Girls,2020-02,1,5.0,2020-02-01
B07Q2QT2SK,Capezio Girls Short Sleeve Leotard - Girls,2020-04,1,5.0,2020-04-01
B07Q2QT2SK,Capezio Girls Short Sleeve Leotard - Girls,2020-09,1,4.0,2020-09-01
B07Q2QT2SK,Capezio Girls Short Sleeve Leotard - Girls,2021-01,1,5.0,2021-01-01
B07Q2QT2SK,Capezio Girls Short Sleeve Leotard - Girls,2021-11,1,5.0,2021-11-01
B07Q2QT2SK,Capezio Girls Short Sleeve Leotard - Girls,2022-06,1,5.0,2022-06-01
B07Q2QT2SK,Capezio Girls Short Sleeve Leotard - Girls,2022-11,1,5.0,2022-11-01
B07Q2QT2SK,Capezio Girls Short Sleeve Leotard - Girls,2023-01,1,5.0,2023-01-01
B07Q2QT2SK,Capezio Girls Short Sleeve Leotard - Girls,2024-12,1,5.0,2024-12-01
B07Q2QT2SK,Capezio Girls Short Sleeve Leotard - Girls,2025-01,1,5.0,2025-01-01
B07Q2XMK2T,icyzone Athletic Skirts for Women - Workout Running Golf Tennis Skort with Pockets,2023-04,1,5.0,2023-04-01
B07Q2XMK2T,icyzone Athletic Skirts for Women - Workout Running Golf Tennis Skort with Pockets,2024-07,1,5.0,2024-07-01
B07Q2XMK2T,icyzone Athletic Skirts for Women - Workout Running Golf Tennis Skort with Pockets,2024-08,1,5.0,2024-08-01
B07Q2XMK2T,icyzone Athletic Skirts for Women - Workout Running Golf Tennis Skort with Pockets,2024-09,1,5.0,2024-09-01
B07Q2XMK2T,icyzone Athletic Skirts for Women - Workout Running Golf Tennis Skort with Pockets,2025-04,1,3.0,2025-04-01
B07Q2XMK2T,icyzone Athletic Skirts for Women - Workout Running Golf Tennis Skort with Pockets,2025-05,1,5.0,2025-05-01
B07Q3M8WST,WOCACHI Women Mini Dresses Turtleneck Cotton Linen Beach Sleeveless Floral Dress Ruffle Flowy Swing Tunic Sundresses,2025-08,1,5.0,2025-08-01
B07Q3PD64V,"Cadmus Womens High Waist Workout Legging Capris for Yoga w Side Pockets,1109,Black & Navy Blue & Wine Red,XX-Large",2023-06,1,5.0,2023-06-01
B07Q48PDZ7,Trailside Supply Co.Men's Stretch Sportstyle ?Pants Relaxed Running Shorts Black XL,2022-09,1,5.0,2022-09-01
B07Q48PDZ7,Trailside Supply Co.Men's Stretch Sportstyle ?Pants Relaxed Running Shorts Black XL,2022-10,1,3.0,2022-10-01
B07Q4R6JH7,Janice Apparel Women's Summer Solid Color Fringe Topper/Cover-Up/Kimono Open Front Outwear Beachwear Dress (Black),2022-07,1,5.0,2022-07-01
B07Q4VYHKM,"Goatskin Leather Gardening Gloves Rose Pruning Thorn Proof Puncture Resistant Gloves Rigger for Men Women (L, White)",2023-06,1,5.0,2023-06-01
B07Q7Q3QFL,"FAXHION Round Ring Multilayer Anklet - Silver Plated Chain Anklet - Anklets for Women,Summer Holiday Ankle Jewelry",2022-09,1,5.0,2022-09-01
B07Q8KZ5PB,"Best Friend Keychain,Friend Appreciation Friendship Birthday Graduation Gifts Good Friends are Like Stars,You Don't Always See Them but You Know That They are Always There for Her Him Friends",2022-12,1,5.0,2022-12-01
B07QD7W76F,Victorinox Chrono Classic XLS Quartz Men's Watch 241654.2,2025-11,1,2.0,2025-11-01
B07QGYPM37,"Luodemiss Women's Plus Size Jeans Junior Distressed Jeans Slim Stretch Oversized Denim Pants Black,US 14-16=Tag Size 5XL",2022-06,1,1.0,2022-06-01
B07QH2YJK5,"Long and Short Sleeve Crossover Faux Wrap Dresses for Women Reg and Plus Size Skater Swing Dress - Made in USA (Size Medium, Blush/Lilac/Green Print Short Sleeve)",2023-02,1,5.0,2023-02-01
B07QHNM59F,Custom All Over Print Photo T Shirt,2025-11,1,1.0,2025-11-01
B07QJB53PG,"Charis Allure Women's Casual Blazer Button Lapel Collar Suits Long Sleeves Coat, Black, Medium",2022-06,1,4.0,2022-06-01
B07QL5D9GH,Nike Youth Soccer SuperflyX 6 Academy Turf Shoes (6 Big Kid M US),2022-11,1,5.0,2022-11-01
B07QL5JNWJ,Little Donkey Andy Women¡¯s Lightweight Waterproof Breathable Rain Pant Red Size XL,2024-06,1,4.0,2024-06-01
B07QLLY5GP,Basic Model Ruffle Sleeve Tops for Women Casual Cap Sleeve V Neck Shirts High Low Summer Blouses,2022-09,1,5.0,2022-09-01
B07QN8RWRY,"Fantaist Pencil Dress,Elegant Slim Fitted Midi Summer Floral Dresses for Women Casual (M, FT601-Pink FLB)",2022-07,1,5.0,2022-07-01
B07QNXB35Y,Stuppendux Style-7 350Pcs Mixed Set 16G 1.2MM Unisex Acrylic Plastic Rods Ear Nose Cartilage Sticks Ear Needles Earring Plugs Piercing Rings Studs Retainers,2023-06,1,3.0,2023-06-01
B07QNXB35Y,Stuppendux Style-7 350Pcs Mixed Set 16G 1.2MM Unisex Acrylic Plastic Rods Ear Nose Cartilage Sticks Ear Needles Earring Plugs Piercing Rings Studs Retainers,2025-05,1,1.0,2025-05-01
B07QQM36FD,FTH 55427 Oklahoma Double Disk Earrings,2023-10,1,5.0,2023-10-01
B07QQS7QMC,Women's 4th of July American Flag Sleeveless Tank Maxi Dress Irregular Long Skirt (XL) Gray,2024-07,1,3.0,2024-07-01
B07QQXXHKB,"DLDY Women's Strapless Maxi Dress,Off Shoulder Summer Beach Dresses for Womens with Pockets",2022-11,1,5.0,2022-11-01
B07QTX4WSH,Selene Women's Round Neck Pajama Dress Soft Nightgown Short Sleeve Floral Printed Large,2022-08,1,4.0,2022-08-01
B07QV1SC9K,Women Seamless Cross Front Side Buckle Lace Sports Bras Workout Gym Activewear with Removable Bra Beige,2023-02,1,5.0,2023-02-01
B07QVLTZLJ,"Real Love Girls 4-Piece Denim Short Set with Knit Top (2 Full Sets), Love, Size 10/12",2022-09,1,3.0,2022-09-01
B07QW61CC3,925 Sterling Silver Personalized Pet Ring Custom Pet Photo Ring Statement Ring Photo Ring Engraved Pet Dog Cat Person Picture Open Ring,2023-11,1,5.0,2023-11-01
B07QWQFKB9,HUHOT Women Floral Midi Dress Summer Casual Printed Light Blue Flower-24 Medium,2022-06,1,5.0,2022-06-01
B07QX9X4C8,Mens Blazer 1 Button Dress Suit Jacket Red,2022-12,1,2.0,2022-12-01
B07QYDRSQY,KANGKANG Happy 1st Father's Day Baby Boy Outfit Gentleman Bow Tie Romper+Short Pants+Little Man Hat 9-12 Months Blue,2022-07,1,5.0,2022-07-01
B07QZ9TXS8,"Ivysport Cornell University Short-Sleeve T-Shirt Crest, Grey, Medium",2022-11,1,1.0,2022-11-01
B07QZBC5BX,Pukemark Women's Summer Casual Loose Graphic Sleeveless Funny T Shirt Racerback Tank Tops Grey,2023-03,1,3.0,2023-03-01
B07QZVWC1Z,"MISSMAY Women's Vintage Floral Lace Cocktail Sleeveless Scoop Neck Formal Skater Dress, Small, Black",2023-03,1,4.0,2023-03-01
B07R188RGJ,Accessories First Vintage Floral Womens Polyester Printed Scarf,2022-08,1,5.0,2022-08-01
B07R1WBB9F,CAMEL Men Fleece Hoodie Jacket Sherpa Lined Full Zip Up Sweatshirt Winter Coat Casual Sport Outwear,2024-01,1,5.0,2024-01-01
B07R4R7Z2L,Topstype Womens Short Sleeve Tops Crew Neck Twist Front Shirts Casual Elegant Tee Wine Red,2023-07,1,3.0,2023-07-01
B07R4Y34SL,Anktry Ladies Comfort Cotton Underwear 5 Pack High Waist Briefs Tummy Control Stretch Panties Underpants for Women,2022-08,1,5.0,2022-08-01
B07R5B3ZS5,Stance Fries B4 Guys Crew White MD (Women's Shoe 8-10.5),2023-02,1,5.0,2023-02-01
B07R6GXDBD,COASION Vintage Round Metal Sunglasses John Lennon Style Small Unisex Sun Glasses (Gold Frame/Red Lens + Gold Frame/Blue Lens),2023-04,1,2.0,2023-04-01
B07R6GZDK4,CanB Crystal Necklace Blue Apatite Necklaces Raw Gemstone Chain Jewelry for Women Girls,2022-12,1,3.0,2022-12-01
B07R7J55NL,Summer Flowy Dresses for Women Button Down Casual Boho Summer Dress Pineapple S,2023-01,1,4.0,2023-01-01
B07R7T1Q37,"Women See Through Off Shoulder Long Sleeve Fishnet Crop Tops Bodycon Shorts Party Clubwear Tracksuit 2pcs Outfit Set (E-Black, XXL)",2023-04,1,1.0,2023-04-01
B07R7T9K3M,Oalka Women's Workout Shirts Racerback Yoga Sport Pads Bras Fitness Active Tank Tops Space Dye Camo True Navy S,2023-03,1,5.0,2023-03-01
B07RBVW4LB,"Wangwang Princess Girls Sandals Crystal Flower Glitter Mary Jane Dance Party Cosplay Shoes for Kids Toddler (13 M US Little Kid, Silver)",2023-08,1,5.0,2023-08-01
B07RBZCQ1S,Clic Magnetic XL Reading Glasses in Matte Grey +1.75,2023-11,1,5.0,2023-11-01
B07RCZ3YZ9,"PajamaGram Long Flannel Nightgown Women - Christmas Nightgown, Plaid",2023-02,1,5.0,2023-02-01
B07RCZ3YZ9,"PajamaGram Long Flannel Nightgown Women - Christmas Nightgown, Plaid",2024-05,1,5.0,2024-05-01
B07RCZ3YZ9,"PajamaGram Long Flannel Nightgown Women - Christmas Nightgown, Plaid",2025-01,1,5.0,2025-01-01
B07RCZ3YZ9,"PajamaGram Long Flannel Nightgown Women - Christmas Nightgown, Plaid",2025-02,1,5.0,2025-02-01
B07RDDWW9C,9 Pairs Tassel Hoop Earrings Bohemia Fan Shape Drop Earrings Dangle Hook Eardrop for Women Girls Party Bohemia Dress Accessory (Multicolor E),2022-08,1,5.0,2022-08-01
B07RFQHR3H,Rdfmy Womens Loose Strappy T-Shirts Cold Shoulder Tops Short Sleeve and Blouses Green M,2022-10,1,3.0,2022-10-01
B07RH7LMN7,Brighton Solstice Butterfly Large Necklace,2023-02,1,5.0,2023-02-01
B07RHLBRB2,Women's Vintage Deep V Neck Chiffon Bridesmaid Dress Formal Wedding Pageant Party Prom Cocktail Evening Dance Ball Gown Long Maxi Dress Burgundy XX-Large,2023-01,1,2.0,2023-01-01
B07RHSK2N5,Diphi LiLi Women's A-Line Tie Front Loose Swing Casual Summer Dress Royal Blue,2022-12,1,4.0,2022-12-01
B07RJXHNZL,Ikunne Coworker Leaving Gifts Going Away Gifts an Amazing Coworker is Hard to Find Difficult to Part with Bracelet for Best Coworker Colleague (Coworker Bracelet),2023-02,1,4.0,2023-02-01
B07RK1WHQL,"Women 3/4 Sleeve Casual Swing Flared Midi Dress WD16 (Coffee, 2XL)",2022-09,1,5.0,2022-09-01
B07RKGH391,turuste Mommy and Me Pineapple Print Tank Tops Famliy Matching Sleeveless Tassel T-Shirt Vest Outfits,2023-06,1,5.0,2023-06-01
B07RKLWTCB,"Soft Unicorn Hooded Bathrobe Sleepwear for Matching Doll & Girls (Rainbow Galaxy, 3-4 Years)",2023-03,1,5.0,2023-03-01
B07RKTKF7H,"Soft Unicorn Hooded Bathrobe Sleepwear for Matching Doll & Girls (Rainbow Galaxy, 5-6 Years)",2023-02,2,5.0,2023-02-01
B07RL1GJWK,andy coolFull Colorful Austria Crystal Ear Cuff Earrings For Women Zircon Ear Buckle Useful and Practical,2023-01,1,3.0,2023-01-01
B07RLCHKBS,Afco Colorful Leaf Pendant Drop Hook Earrings Metal Hollow Statement Dangle Fashion Jewelry (Hollowed Leaf),2022-09,1,3.0,2022-09-01
B07RLCHKBS,Afco Colorful Leaf Pendant Drop Hook Earrings Metal Hollow Statement Dangle Fashion Jewelry (Hollowed Leaf),2022-10,1,5.0,2022-10-01
B07RP1N1TT,City Threads Girls Leotard One-Piece Sparkle Fun Colors Metallic Mermaid Print Shiny for Gymnastics Dance Ballet Made in USA,2024-08,1,3.0,2024-08-01
B07RQH9CMJ,Post Surgery Shirt with Discreet Left & Right Side Snap Access,2023-07,1,1.0,2023-07-01
B07RQKM686,2 Pack Multifunctional Headwear Face Cover Headband Bandanas Neck Gaiter Sun UV Protection for Sport Outdoor,2022-09,2,3.5,2022-09-01
B07RQKM686,2 Pack Multifunctional Headwear Face Cover Headband Bandanas Neck Gaiter Sun UV Protection for Sport Outdoor,2022-11,1,3.0,2022-11-01
B07RQNP16Y,Clip-on Sunglasses Polarized Unisex Anti-Glare Driving Glasses With Flip Up for Prescription Glasses (Rectangle Black),2023-02,1,3.0,2023-02-01
B07RS1GBR5,EleQueen Women's Silver-Tone Simulated Pearl Crystal Victorian Style Flower Bridal Necklace Earrings Bracelet Set,2020-06,1,5.0,2020-06-01
B07RS223W1,Wood Circle Dangle Drop Earrings Geometric Wooden Bead Square Hoop Earrings for Women Girls Jewelry,2023-06,1,3.0,2023-06-01
B07RSPR33V,"Faatoop Women's Summer Bermuda Shorts Casual Loose Elastic-Waisted Drawstring Pants Cotton Linen Knee-Length Beach Shorts (Black, XXL)",2022-08,1,1.0,2022-08-01
B07RSWD4WJ,TOMMHANES AMISGUOER Bouffant Scrub Caps for Womens Scrub Cap Mens Unisex Scrub Hat One Size Multiple Colors,2022-04,1,4.0,2022-04-01
B07RV2L23T,"QoozZ Girls' Gymnastics Tank Leotard for Toddler Girls, Kids, Youth And Teen Sizes",2022-12,1,5.0,2022-12-01
B07RV5KQXP,Disney Minnie Mouse Toddler Girls Dress (4T) Red,2023-01,1,5.0,2023-01-01
B07RWDYY2L,"Hugitout Women's Natural Cowrie Shell Bracelet, Handmade Shell Bracelet Adjustable Rose Gold Plated Chain Bracelet Hawaii Beach Boho Jewelry",2022-07,1,4.0,2022-07-01
B07RXQBV8Y,FAYALEQ American Flag Print Tank Tops Women USA Stars Stripes Patriotic T Shirt Summer Loose Vest Tees,2023-07,1,5.0,2023-07-01
B07RXQBV8Y,FAYALEQ American Flag Print Tank Tops Women USA Stars Stripes Patriotic T Shirt Summer Loose Vest Tees,2023-08,1,3.0,2023-08-01
B07RXQBV8Y,FAYALEQ American Flag Print Tank Tops Women USA Stars Stripes Patriotic T Shirt Summer Loose Vest Tees,2023-09,1,5.0,2023-09-01
B07RXQBV8Y,FAYALEQ American Flag Print Tank Tops Women USA Stars Stripes Patriotic T Shirt Summer Loose Vest Tees,2025-05,1,5.0,2025-05-01
B07RY6VBK4,Cheerful D Super Smash Bros. Ultimate Unisex Hoodie 3D Printed Hooded Pullover Sweatshirt for Men Women Boys Girls 4X-Large Black,2024-02,1,5.0,2024-02-01
B07RZTR235,Caterina Jewelry Women’s and Girls’ Connections Infinity Hearts Earrings in Sterling Silver Rhodium,2023-01,2,5.0,2023-01-01
B07RZVGFSV,Marvel Avengers Little Boys' Hooded Tee with Mask,2022-12,2,4.5,2022-12-01
B07RZVGFSV,Marvel Avengers Little Boys' Hooded Tee with Mask,2023-09,1,5.0,2023-09-01
B07RZYHBQ2,Dog Charm Bracelet Dog Lover Bangle Dog Owner Bangle (BR-woof dog),2023-12,1,5.0,2023-12-01
B07RZZWNNV,Women Straw Bag Weave Handbags Handwoven Tote Summer Bag Beach Bag Natural Chic,2023-04,1,5.0,2023-04-01
B07S1MQH89,"mincl/Men's Square Black Frame Photochromic Reading Glasses Fashion Transition Sunglasses (black, 1.5)",2022-10,1,2.0,2022-10-01
B07S2JRV8P,CODUPAX Womens Summer Solid Sleeveless Dress Straps Boho Mini Sundress with Pockets,2022-08,1,2.0,2022-08-01
B07S73W3J8,SONJA BETRO Women's Knit Lace Sleeve Babydoll Tunic/102TAUPE/Large,2022-12,1,4.0,2022-12-01
B07S83YDHG,Sonja BETRO Women's Knit Lace Inset 3/4 Bell Sleeve Scoopneck Tunic/101BLACK/Tag Size 1X=XX-Large,2022-10,1,5.0,2022-10-01
B07S8KMCQW,icyzone Workout Tank Tops for Women - Running Muscle Tank Sport Exercise Gym Yoga Tops Athletic Shirts,2021-10,1,5.0,2021-10-01
B07S8KMCQW,icyzone Workout Tank Tops for Women - Running Muscle Tank Sport Exercise Gym Yoga Tops Athletic Shirts,2022-06,1,5.0,2022-06-01
B07S8KMCQW,icyzone Workout Tank Tops for Women - Running Muscle Tank Sport Exercise Gym Yoga Tops Athletic Shirts,2022-07,1,4.0,2022-07-01
B07S8KMCQW,icyzone Workout Tank Tops for Women - Running Muscle Tank Sport Exercise Gym Yoga Tops Athletic Shirts,2022-08,1,5.0,2022-08-01
B07S8KMCQW,icyzone Workout Tank Tops for Women - Running Muscle Tank Sport Exercise Gym Yoga Tops Athletic Shirts,2022-11,1,5.0,2022-11-01
B07S8KMCQW,icyzone Workout Tank Tops for Women - Running Muscle Tank Sport Exercise Gym Yoga Tops Athletic Shirts,2022-12,1,5.0,2022-12-01
B07S8KMCQW,icyzone Workout Tank Tops for Women - Running Muscle Tank Sport Exercise Gym Yoga Tops Athletic Shirts,2023-02,1,5.0,2023-02-01
B07S8KMCQW,icyzone Workout Tank Tops for Women - Running Muscle Tank Sport Exercise Gym Yoga Tops Athletic Shirts,2023-03,1,5.0,2023-03-01
B07S8KMCQW,icyzone Workout Tank Tops for Women - Running Muscle Tank Sport Exercise Gym Yoga Tops Athletic Shirts,2023-06,1,5.0,2023-06-01
B07S8KMCQW,icyzone Workout Tank Tops for Women - Running Muscle Tank Sport Exercise Gym Yoga Tops Athletic Shirts,2024-01,1,5.0,2024-01-01
B07S8KMCQW,icyzone Workout Tank Tops for Women - Running Muscle Tank Sport Exercise Gym Yoga Tops Athletic Shirts,2024-12,1,3.0,2024-12-01
B07S8KMCQW,icyzone Workout Tank Tops for Women - Running Muscle Tank Sport Exercise Gym Yoga Tops Athletic Shirts,2025-05,1,1.0,2025-05-01
B07S8KMCQW,icyzone Workout Tank Tops for Women - Running Muscle Tank Sport Exercise Gym Yoga Tops Athletic Shirts,2026-01,1,5.0,2026-01-01
B07SB2892S,RONNOX Women's 3-Pairs Bright Colored Calf Compression Tube Sleeves,2022-03,1,5.0,2022-03-01
B07SB2892S,RONNOX Women's 3-Pairs Bright Colored Calf Compression Tube Sleeves,2022-05,1,5.0,2022-05-01
B07SB2892S,RONNOX Women's 3-Pairs Bright Colored Calf Compression Tube Sleeves,2022-07,1,5.0,2022-07-01
B07SB2892S,RONNOX Women's 3-Pairs Bright Colored Calf Compression Tube Sleeves,2022-08,2,3.5,2022-08-01
B07SB2892S,RONNOX Women's 3-Pairs Bright Colored Calf Compression Tube Sleeves,2023-08,1,1.0,2023-08-01
B07SB2892S,RONNOX Women's 3-Pairs Bright Colored Calf Compression Tube Sleeves,2024-05,1,5.0,2024-05-01
B07SC1ZKWL,"arteesol Swim Goggles, Anti Fog Swimming Goggles Crystal Clear 180° Panoramic Vision Mirrored with 100% UV Protective Coating with Protective Case and Earplug for Adults and Kids(Blue)",2022-12,1,4.0,2022-12-01
B07SD5M5HS,Kosher Casual Women's Modest Mid Calf A Line Handkerchief Hem Skirt with Pockets,2024-09,1,5.0,2024-09-01
B07SF5Z6JB,"JABASIC Girls Mary Jane School Shoes Classic Uniform Dress Flats (4,Brown)",2022-09,1,4.0,2022-09-01
B07SG3XK59,SONJA BETRO Women's Printed Rayon Pintuck Detail V-Neck Tunic/101PINK Ground/Large,2023-01,1,4.0,2023-01-01
B07SJQKYZD,SKYWAY Reading Glasses & Sunglasses Women & Men Tinted Grey Rimless Sun Reader Glasses UV Blocker Fishing Driving (2.5X),2022-08,1,5.0,2022-08-01
B07SJQKYZD,SKYWAY Reading Glasses & Sunglasses Women & Men Tinted Grey Rimless Sun Reader Glasses UV Blocker Fishing Driving (2.5X),2022-09,2,4.0,2022-09-01
B07SJQKYZD,SKYWAY Reading Glasses & Sunglasses Women & Men Tinted Grey Rimless Sun Reader Glasses UV Blocker Fishing Driving (2.5X),2022-10,1,4.0,2022-10-01
B07SK7N4TK,Zylioo Women's Mulberry Silk Elastic Waist Loose Fit Pants Palazzo Solid Color Pants with Pockets Lounge Trousers Green L,2023-10,1,5.0,2023-10-01
B07SKZKT5L,"Awesome 360 Men's Classic Tie Necktie 2 Pcs Set, AT190529002",2022-07,1,4.0,2022-07-01
B07SKZKT5L,"Awesome 360 Men's Classic Tie Necktie 2 Pcs Set, AT190529002",2022-08,1,5.0,2022-08-01
B07SLZ22N8,"JIAKAI Sport Yoga Elastic Headbands for Women,Teens,Girls-12 Mixed Colors",2022-10,1,1.0,2022-10-01
B07SNQ7Y7N,"Cushion Walking Socks, Forcool Women's Lightweight Non-slip Outdoor Multi Performance Walking Jogging Trekking Boots Cotton Socks Compression Crew Socks, 1 Pair Medium, Grey",2022-08,6,5.0,2022-08-01
B07SR25YF2,QPANCY Girls Unicorn Dresses Princess Pageant Outfits Matching Headband&Wing,2022-10,1,5.0,2022-10-01
B07SR25YF2,QPANCY Girls Unicorn Dresses Princess Pageant Outfits Matching Headband&Wing,2023-02,1,5.0,2023-02-01
B07STYMZRL,"HOMEYEE Women's Voguish Colorblock Wear to Work Pencil Dress B231(4, Black+White Checks)",2022-10,1,3.0,2022-10-01
B07SYCLXQL,Inspired Silver - Silver Pave Heart Charm Bracelet with Cubic Zirconia Jewelry,2021-09,1,5.0,2021-09-01
B07SZ288LH,Sandals for Women Platform Gibobby Women's 2019 Comfy Platform Sandal Shoes Summer Beach Travel Fashion Slipper Flip Flops,2022-11,1,3.0,2022-11-01
B07SZ3TGXB,ENSIANTH Hair Stylist Gift Cosmetologist Gift Hair Stylist Appreciation Gift Graduation Gifts for Hairdresser,2023-01,1,5.0,2023-01-01
B07T12SZ3G,"Hip Hop 50's Shop 1950s Cat-Eye Glasses for Kids, Plastic Costume Glasses with Rhinestones",2019-03,1,5.0,2019-03-01
B07T12SZ3G,"Hip Hop 50's Shop 1950s Cat-Eye Glasses for Kids, Plastic Costume Glasses with Rhinestones",2019-05,2,5.0,2019-05-01
B07T12SZ3G,"Hip Hop 50's Shop 1950s Cat-Eye Glasses for Kids, Plastic Costume Glasses with Rhinestones",2019-06,3,4.666666666666667,2019-06-01
B07T12SZ3G,"Hip Hop 50's Shop 1950s Cat-Eye Glasses for Kids, Plastic Costume Glasses with Rhinestones",2019-08,1,5.0,2019-08-01
B07T12SZ3G,"Hip Hop 50's Shop 1950s Cat-Eye Glasses for Kids, Plastic Costume Glasses with Rhinestones",2019-09,1,5.0,2019-09-01
B07T12SZ3G,"Hip Hop 50's Shop 1950s Cat-Eye Glasses for Kids, Plastic Costume Glasses with Rhinestones",2019-11,1,5.0,2019-11-01
B07T12SZ3G,"Hip Hop 50's Shop 1950s Cat-Eye Glasses for Kids, Plastic Costume Glasses with Rhinestones",2020-02,1,5.0,2020-02-01
B07T12SZ3G,"Hip Hop 50's Shop 1950s Cat-Eye Glasses for Kids, Plastic Costume Glasses with Rhinestones",2024-05,1,5.0,2024-05-01
B07T48Q7JY,Vaslanda Womens Ultra-Thin Open Bust Full Body Control Shaper Seamless Wider Straps Mid Thigh Shapewear Bodysuit Black,2023-01,1,1.0,2023-01-01
B07T68M4RP,"ESEOE Umbrella, Windproof UV Protection Umbrella, Large Waterproof Sun Rain Stick Umbrella, Compact Folding Umbrella for Travel (8 Ribs) (Yellow)",2023-03,1,5.0,2023-03-01
B07T815MD8,Karen Scott Womens Plus Printed Three-Quarter Sleeves Blouse Purple 0X,2023-02,1,4.0,2023-02-01
B07TB42CHF,Top Plaza Healing Crystals Necklace Tree of Life Wire Wrapped Stone Heart Pendant Necklaces Quartz Jewelry for Womens,2023-10,1,5.0,2023-10-01
B07TB4XWC7,EYE ZOOM Ultra Slim Compact Lightweight Tube Reading Glasses with Portable Clip Aluminum Case,2023-05,1,3.0,2023-05-01
B07TB4XWC7,EYE ZOOM Ultra Slim Compact Lightweight Tube Reading Glasses with Portable Clip Aluminum Case,2024-04,1,5.0,2024-04-01
B07TBPG8ZP,KORSIS Women Long Sleeve Tops T-Shirt Dress Round Neck Casual Loose Dress WineRed M,2023-01,1,5.0,2023-01-01
B07TC6MWT3,Jessica CC Women Summer Notched Lapel Open Front Blazer Jacket US 16 Red,2022-12,1,2.0,2022-12-01
B07TC9DF77,LifeStride Naomi Black 8,2023-12,1,5.0,2023-12-01
B07TCLYM4R,Dearlove Womens Sweatshirts Color Block Hoodies Coat Winter Casual Loose Drawstring Pullover Tunic Tops Plus Size 2XL Blue,2023-03,1,5.0,2023-03-01
B07TCX1ZTY,ZKHOECR V Neck Shirts for Women Female Bell Half Sleeve Split Collor Henley Tops Flowy High Low Hem Bottom Up Elastic Texture Breathable Fashionable Plus Size Maternity Blouse Navy Blue XL,2022-09,1,5.0,2022-09-01
B07TDQWGJ7,KORSIS Women Long Sleeve Tops T-Shirt Dress Round Neck Casual Loose Dress Flower Mix Blue XL,2024-04,1,5.0,2024-04-01
B07TF48XY2,"Band Compatible with Apple Watch, Lightweight Breathable Nylon Replacement Band Compatible with iWatch Series 1/2/3/29",2022-09,1,5.0,2022-09-01
B07TFF74B9,"Silk Satin Scarf Women’s Fashion Pattern Floral Print Square Satin Headscarf Neckerchief (FJ65, 7070cm)",2022-10,1,5.0,2022-10-01
B07TFFG1VF,"CADITEX Professional Beige Velvet Cotton Girl Ballet Dance Briefs, Mid Rise Waist Panty Underpants for Gymnastics/Ballet (1pcs-Beige, M)",2022-12,1,5.0,2022-12-01
B07TH9FLJW,BengPro Infinity Gauntlet PVC Light Up Glove Halloween Cosplay Costume Prop (Child),2022-09,1,5.0,2022-09-01
B07TJFM7S2,Lovglisten Snap Charms Bracelet Bangle Jewelry PU Braid Snap Button Jewelry,2022-12,1,3.0,2022-12-01
B07TJFM7S2,Lovglisten Snap Charms Bracelet Bangle Jewelry PU Braid Snap Button Jewelry,2024-07,1,4.0,2024-07-01
B07TJRD4QB,"Abillon Travel Toiletry Bag Leather Shaving Dopp Kit, Unisex",2022-09,3,5.0,2022-09-01
B07TJRD4QB,"Abillon Travel Toiletry Bag Leather Shaving Dopp Kit, Unisex",2023-01,1,4.0,2023-01-01
B07TK8ZMGW,Mmondschein Women's Short Sleeve Colorblock Sheath Pencil Business Church Dress Green Flower XL,2024-09,1,5.0,2024-09-01
B07TKD4Y5D,"Elite Sports BJJ GI for Men IBJJF Kimono BJJ Jiu Jitsu Lightweight GIS W/Preshrunk Fabric & Free Belt (Gray, A5)",2023-03,1,1.0,2023-03-01
B07TLVSMLL,"SATUMIKO LED Halloween Mask Sound Reactive Light Up Mask Scary Masks for Costumes Cosplay,Music Party,Rave Events,EDM or EDC,Dancing (Knight)",2022-10,1,4.0,2022-10-01
B07TM8JH2S,"Meilidress Womens Ruched Butt Lifting Leggings High Waisted Workout Sport Tummy Control Gym Yoga Pants (D-Black, Large)",2022-11,1,5.0,2022-11-01
B07TM9HQWF,50th Birthday Gifts for Women Turning 50 1969 Birthday Gifts for Women Amethyst Bracelet with Message Card,2022-10,1,5.0,2022-10-01
B07TN1G59F,SOXICK Night Driving Glasses Anti Glare Polarized HD Night Vision Safe Glasses Light Al-Mg Frame Adjustable,2023-01,1,5.0,2023-01-01
B07TNH1FZ9,"Hooded Puffer Jackets for Boys and Girls – Lightweight and Packable – Autumn and Winter Coat, Warm and Comfy",2024-01,1,5.0,2024-01-01
B07TNH1FZ9,"Hooded Puffer Jackets for Boys and Girls – Lightweight and Packable – Autumn and Winter Coat, Warm and Comfy",2025-04,1,5.0,2025-04-01
B07TNH1FZ9,"Hooded Puffer Jackets for Boys and Girls – Lightweight and Packable – Autumn and Winter Coat, Warm and Comfy",2025-11,1,4.0,2025-11-01
B07TNH1FZ9,"Hooded Puffer Jackets for Boys and Girls – Lightweight and Packable – Autumn and Winter Coat, Warm and Comfy",2026-02,1,5.0,2026-02-01
B07TS7R3XH,"devembr OTG Ski Goggles Clear, Snowboard Goggles Anti-Fog,100% UV Protection,Anti-Slip Strap,Helmet Compatible Snow Goggles for Men & Women,Skiing Snowmobile Skating,Black Frame, Blue Lens (VLT 19%)",2025-04,1,5.0,2025-04-01
B07TT3GT23,MSBASIC Short Sleeve Dress Casual Dress for Women SkyBlue XXL,2023-04,1,5.0,2023-04-01
B07TT4BHB8,"BMBMPT Sport Bands Compatible with Apple Watch 38mm 40mm Stainless Steel Mesh Replacement Band with Adjustable Closure for Watch Series 4/3/2/1 (Black, 38mm/40mm)",2023-02,1,2.0,2023-02-01
B07TTNGK59,C9 Champion Girls' Supersoft Tech Tee,2023-02,2,5.0,2023-02-01
B07TTNGK59,C9 Champion Girls' Supersoft Tech Tee,2023-03,1,5.0,2023-03-01
B07TTNGK59,C9 Champion Girls' Supersoft Tech Tee,2023-07,1,5.0,2023-07-01
B07TWD2QTD,VUTRU Women's Running Workout Shorts with Liner 2 in 1 Athletic Tennis Shorts,2023-02,1,4.0,2023-02-01
B07TWQ4WSR,"ililily Aviator Hat Winter Snowboard Fur Ear Flaps Trooper Trapper Pilot Goggles (One Size, Black Camo)",2023-02,1,5.0,2023-02-01
B07TWSBDVB,Moyabo Women Plus Size Dresses Short Sleeve Slim Fit Business Bodycon Pencil Dress Black XX-Large,2022-10,1,5.0,2022-10-01
B07TXZ5HQG,"oxiuly Women's Celebrity Vintage Chic Peter Pan Collar 3/4 Sleeve Floral A-Line Casual Mini Dress for Party OX272 (M, Yellow-OWF7)",2022-08,1,5.0,2022-08-01
B07TY3V4R3,SweatyRocks Women's Short Sleeve Striped Crop Top T-Shirt Casual Ribbed Tee Tops Striped Black M,2023-02,1,1.0,2023-02-01
B07TYZBM7K,Vintage Leather Drop Dangle Earrings Teardrop Bohemian Leaf Statement Earrings for Women Lightweight,2022-09,1,5.0,2022-09-01
B07V23WPY9,SONJA BETRO Women's Knit Lace Applique Babydoll Sleeveless Tunic X-Large Navy,2023-01,1,4.0,2023-01-01
B07V23WPY9,SONJA BETRO Women's Knit Lace Applique Babydoll Sleeveless Tunic X-Large Navy,2023-02,1,4.0,2023-02-01
B07V2CP4VR,"Aranmei Womens Polka Dot Boho Split V Neck Roll Tabs 3/4 Sleeve Button Down Midi T Shirt Dress with Belt (Navy Blue, Size S)",2022-09,1,5.0,2022-09-01
B07V2J7H8D,Elisabet Tang Women's Scoop Neck Slim 3/4 Sleeve Bodycon Elegant Cocktail Pencil Dresses with Slit Pink Lavender,2023-08,1,4.0,2023-08-01
B07V2L38GM,6 Pcs with Six Colors Eyeglasses Holder Straps Cord - Leather Sunglass Cord Lanyard (2 GIFTS),2023-04,1,5.0,2023-04-01
B07V2L38GM,6 Pcs with Six Colors Eyeglasses Holder Straps Cord - Leather Sunglass Cord Lanyard (2 GIFTS),2023-09,1,4.0,2023-09-01
B07V2NDMCB,Black Diamond Mens Boundary Line Mapped Insulated Jacket,2025-03,1,5.0,2025-03-01
B07V37Q4YS,SONJA BETRO Floral Print Chiffon Peasant Smocked Neck 3/4 Bell Sleeve Tunic,2022-11,1,5.0,2022-11-01
B07V3GFY7B,Cape Robbin Barely There Stiletto High Heeled Transparent Clear Pumps Nude,2023-03,1,5.0,2023-03-01
B07V3HR5KT,"ALPINE PRO Men's Compression Shirt,Cool Dry Thermal Long Sleeve Seamless Baselayer, XL-XXL Black",2023-02,1,5.0,2023-02-01
B07V4TS12X,"Womens Mock Neck Long Sleeve Sweater Knit Top (Dusty Pink, Large)",2022-10,1,5.0,2022-10-01
B07V5S4Z93,Due East Apparel Wome’s Solid Color Yoga Capris/Full Length Tummy Control 4 Way Stretch Workout Leggings Black,2022-12,1,4.0,2022-12-01
B07V5S4Z93,Due East Apparel Wome’s Solid Color Yoga Capris/Full Length Tummy Control 4 Way Stretch Workout Leggings Black,2023-02,1,4.0,2023-02-01
B07V6C9SGT,"UNACOO Kids 2-Pack V-Neck Loose Fit Long Sleeves Solid Tees for Boys and Girls (White, l(9-10T)",2022-10,3,5.0,2022-10-01
B07V6G1Y79,"MLAtek Elastic Thin Sports Headbands with Non Slip Silicone Grip for Women, Men, Kids, Set of 7",2023-01,1,3.0,2023-01-01
B07V6Y5NLX,T TICCI Kids Digital 8 Alarm Vibrating Watch Medication Reminder Potty Urinary Training Vibration Pill Alert Vibra Medical Reminder for Children,2022-05,1,5.0,2022-05-01
B07V6Y5NLX,T TICCI Kids Digital 8 Alarm Vibrating Watch Medication Reminder Potty Urinary Training Vibration Pill Alert Vibra Medical Reminder for Children,2023-03,1,5.0,2023-03-01
B07V6Z9TJ1,"Datework Women's 170 x 38cm Add-On Clearance Items under 5 dollars, Peacock Print Wraps Lace Scarfs",2020-04,1,5.0,2020-04-01
B07V6Z9TJ1,"Datework Women's 170 x 38cm Add-On Clearance Items under 5 dollars, Peacock Print Wraps Lace Scarfs",2020-07,1,1.0,2020-07-01
B07V7VZJ6X,MJ Metals Jewelry Brushed White Tungsten Carbide 6mm or 8mm Wedding Band Polished Edges Ring,2022-06,1,5.0,2022-06-01
B07VB7BZJS,Men's Biking Pants Mountain Bike Shorts Loose-Fit with 3D Padded MTB Cycling Underpants,2022-09,2,4.0,2022-09-01
B07VC4PXC2,MAKEMECHIC Women's Casual Button Up High Waist Suspender Skirt Short Braces Skirt Red M,2023-03,1,1.0,2023-03-01
B07VC7JD4N,"ROVLET Women's Floral Maxi Dresses Boho Chiffon Long Sleeve Sexy V Neck Dress Beach Party Dress Holiday Sundress (Green, XX-Large)",2023-08,1,1.0,2023-08-01
B07VCLTQ6X,Twist-O-Flex™ Band for the Fitbit Charge 3 & Charge 4 Silver / M,2023-03,1,5.0,2023-03-01
B07VCR8CL1,"Little Donkey Andy Women's Insulated Hiking Jacket, Thermal Running Hybrid Jacket, Lightweight Breathable and Warm Gray Size XL",2023-04,1,5.0,2023-04-01
B07VCTJCCS,Hind 4-Pack Boys Youth Quick-Dry Breathable Performance Active Athletic T Shirts,2023-02,1,5.0,2023-02-01
B07VCTJCCS,Hind 4-Pack Boys Youth Quick-Dry Breathable Performance Active Athletic T Shirts,2024-11,1,4.0,2024-11-01
B07VCZ3YJ7,Moda Di Raza Men Neckties 3 inch Satin Finish Solid Color Handmade Ties Gift Box,2019-07,1,5.0,2019-07-01
B07VDCS9FW,MIROL Women's Sherpa Fleece Jacket Faux Fuzzy Long Sleeve Casual Zip Up Bomber Coat,2022-11,1,5.0,2022-11-01
B07VDCS9FW,MIROL Women's Sherpa Fleece Jacket Faux Fuzzy Long Sleeve Casual Zip Up Bomber Coat,2023-01,1,2.0,2023-01-01
B07VDCS9FW,MIROL Women's Sherpa Fleece Jacket Faux Fuzzy Long Sleeve Casual Zip Up Bomber Coat,2023-02,1,5.0,2023-02-01
B07VDCS9FW,MIROL Women's Sherpa Fleece Jacket Faux Fuzzy Long Sleeve Casual Zip Up Bomber Coat,2023-03,1,5.0,2023-03-01
B07VDCS9FW,MIROL Women's Sherpa Fleece Jacket Faux Fuzzy Long Sleeve Casual Zip Up Bomber Coat,2023-06,1,1.0,2023-06-01
B07VDCS9FW,MIROL Women's Sherpa Fleece Jacket Faux Fuzzy Long Sleeve Casual Zip Up Bomber Coat,2024-02,2,5.0,2024-02-01
B07VDCS9FW,MIROL Women's Sherpa Fleece Jacket Faux Fuzzy Long Sleeve Casual Zip Up Bomber Coat,2024-03,1,3.0,2024-03-01
B07VDCS9FW,MIROL Women's Sherpa Fleece Jacket Faux Fuzzy Long Sleeve Casual Zip Up Bomber Coat,2024-11,1,5.0,2024-11-01
B07VDCS9FW,MIROL Women's Sherpa Fleece Jacket Faux Fuzzy Long Sleeve Casual Zip Up Bomber Coat,2025-01,1,3.0,2025-01-01
B07VDCS9FW,MIROL Women's Sherpa Fleece Jacket Faux Fuzzy Long Sleeve Casual Zip Up Bomber Coat,2025-02,3,4.333333333333333,2025-02-01
B07VDCS9FW,MIROL Women's Sherpa Fleece Jacket Faux Fuzzy Long Sleeve Casual Zip Up Bomber Coat,2025-12,1,5.0,2025-12-01
B07VDCS9FW,MIROL Women's Sherpa Fleece Jacket Faux Fuzzy Long Sleeve Casual Zip Up Bomber Coat,2026-01,1,5.0,2026-01-01
B07VDCS9FW,MIROL Women's Sherpa Fleece Jacket Faux Fuzzy Long Sleeve Casual Zip Up Bomber Coat,2026-02,1,5.0,2026-02-01
B07VDCS9FW,MIROL Women's Sherpa Fleece Jacket Faux Fuzzy Long Sleeve Casual Zip Up Bomber Coat,2026-03,1,5.0,2026-03-01
B07VDCS9FW,MIROL Women's Sherpa Fleece Jacket Faux Fuzzy Long Sleeve Casual Zip Up Bomber Coat,2026-04,1,4.0,2026-04-01
B07VDKLVKW,November Birthstone Bead Charms for Bracelet Bead Openwork Charms Happy Birthday Charms for Bracelet and Necklace,2022-12,1,1.0,2022-12-01
B07VFJ42LK,Diukia Women's Fashion Oversized Coat Long Sleeve Lapel Zip Jacket with Pockets Warm Winter,2023-01,1,2.0,2023-01-01
B07VKDQ6VV,"goodr OG Sunglasses (no slip, no bounce, all polarized)",2023-08,1,5.0,2023-08-01
B07VLBKYJ4,"Xuvozta Slip Shorts for Women,Underwear Lace Shorts for Under Dresses,with Pockets 3 Packs Gray XL #1",2025-01,1,5.0,2025-01-01
B07VLXQ8KC,"KYMIDY Girls Boho Dress Kids 3/4 Sleeve Tiered Tulle Gowns Princess Dresses for Girls,Pink,6T",2023-02,1,5.0,2023-02-01
B07VLXSCSW,SUPEYA Womens Pumpkin T Shirt Halloween Plaid Print Shirt Costume Short Sleeve Loose Tee Tops,2022-11,1,5.0,2022-11-01
B07VLXSCSW,SUPEYA Womens Pumpkin T Shirt Halloween Plaid Print Shirt Costume Short Sleeve Loose Tee Tops,2025-11,1,5.0,2025-11-01
B07VM57WQ6,Doublju Women's 3/4 Sleeve Ethnic Shift Deep V-Necks Dress Mocha S,2024-03,1,5.0,2024-03-01
B07VNDMDNR,QPANCY Girls Long Sleeve Dresses Unicorn Mermaid Cat Swing Fall Winter Clothes,2023-11,1,5.0,2023-11-01
B07VNDMDNR,QPANCY Girls Long Sleeve Dresses Unicorn Mermaid Cat Swing Fall Winter Clothes,2024-11,1,1.0,2024-11-01
B07VPB2JQ1,Aokelily Sun Hats Outdoor UPF 50+ Waterproof Sun Caps UV 360 Solar Protection Quick-Drying,2024-03,1,5.0,2024-03-01
B07VPB2JQ1,Aokelily Sun Hats Outdoor UPF 50+ Waterproof Sun Caps UV 360 Solar Protection Quick-Drying,2025-02,1,1.0,2025-02-01
B07VPG9DLC,SK Watch Mesh Band Women Watches,2022-12,1,5.0,2022-12-01
B07VPGY6FX,OZERO Waterproof Winter Gloves Men Women -30 ℉ Cold Proof Touchscreen Anti Slip Silicon Palm - Heated Glove Thermal for Driving Cycling Motorcycle in Cold Weather Warmest Gifts for Dad,2022-12,2,4.5,2022-12-01
B07VPGY6FX,OZERO Waterproof Winter Gloves Men Women -30 ℉ Cold Proof Touchscreen Anti Slip Silicon Palm - Heated Glove Thermal for Driving Cycling Motorcycle in Cold Weather Warmest Gifts for Dad,2023-01,5,4.4,2023-01-01
B07VPGY6FX,OZERO Waterproof Winter Gloves Men Women -30 ℉ Cold Proof Touchscreen Anti Slip Silicon Palm - Heated Glove Thermal for Driving Cycling Motorcycle in Cold Weather Warmest Gifts for Dad,2023-02,2,1.5,2023-02-01
B07VPGY6FX,OZERO Waterproof Winter Gloves Men Women -30 ℉ Cold Proof Touchscreen Anti Slip Silicon Palm - Heated Glove Thermal for Driving Cycling Motorcycle in Cold Weather Warmest Gifts for Dad,2023-03,3,4.666666666666667,2023-03-01
B07VPGY6FX,OZERO Waterproof Winter Gloves Men Women -30 ℉ Cold Proof Touchscreen Anti Slip Silicon Palm - Heated Glove Thermal for Driving Cycling Motorcycle in Cold Weather Warmest Gifts for Dad,2023-04,1,4.0,2023-04-01
B07VPGY6FX,OZERO Waterproof Winter Gloves Men Women -30 ℉ Cold Proof Touchscreen Anti Slip Silicon Palm - Heated Glove Thermal for Driving Cycling Motorcycle in Cold Weather Warmest Gifts for Dad,2024-01,1,5.0,2024-01-01
B07VPGY6FX,OZERO Waterproof Winter Gloves Men Women -30 ℉ Cold Proof Touchscreen Anti Slip Silicon Palm - Heated Glove Thermal for Driving Cycling Motorcycle in Cold Weather Warmest Gifts for Dad,2024-03,1,4.0,2024-03-01
B07VPGY6FX,OZERO Waterproof Winter Gloves Men Women -30 ℉ Cold Proof Touchscreen Anti Slip Silicon Palm - Heated Glove Thermal for Driving Cycling Motorcycle in Cold Weather Warmest Gifts for Dad,2025-02,3,4.0,2025-02-01
B07VPGY6FX,OZERO Waterproof Winter Gloves Men Women -30 ℉ Cold Proof Touchscreen Anti Slip Silicon Palm - Heated Glove Thermal for Driving Cycling Motorcycle in Cold Weather Warmest Gifts for Dad,2025-03,1,3.0,2025-03-01
B07VPGY6FX,OZERO Waterproof Winter Gloves Men Women -30 ℉ Cold Proof Touchscreen Anti Slip Silicon Palm - Heated Glove Thermal for Driving Cycling Motorcycle in Cold Weather Warmest Gifts for Dad,2025-04,1,4.0,2025-04-01
B07VQYJCZ6,SONJA BETRO Women's Stripe Knit Boatneck Tunic Top/101BURGUNDY/IVORY/Large,2022-11,1,5.0,2022-11-01
B07VR17RWN,ALLEN&DANMI Jewelry Gold/Gold/White Gold Stanless Steel Bracelet for Her/His Gift (Gold (a Pair)),2022-09,1,2.0,2022-09-01
B07VR17RWN,ALLEN&DANMI Jewelry Gold/Gold/White Gold Stanless Steel Bracelet for Her/His Gift (Gold (a Pair)),2022-10,1,3.0,2022-10-01
B07VR1Q9QQ,"A N KINGPiiN Lapel Pin for Men Yellow Smiley Pill Brooch Suit Stud, Shirt Studs Men's Accessories Enamel",2022-10,2,3.5,2022-10-01
B07VR4SVB2,Eurivicy Women Plaid Long Sleeve Swing Scoop Neck Casual Loose Vintage Patchwork Dress Blue,2023-07,1,1.0,2023-07-01
B07VVPDZDG,Hanna Andersson Kids Cotton Crewneck Sweatshirt Heather Grey-90,2022-12,1,5.0,2022-12-01
B07VVR6Y14,Unicorns Farting Mens Womens Baseball Cap Fashion Ski-Doo-Racing-Logo- Adult Adjustable Baseball Cap Visor Hats,2023-09,1,4.0,2023-09-01
B07VX6B2SQ,Mens Cotton Running Non Slip No Show Low Cut Socks With Tab(6 pack)-BLACK,2022-12,1,5.0,2022-12-01
B07VXBT9SM,TheMogan Women's S~3X Casual Cozy Oversized Crew Neck Fleece Pullover Sweatshirts,2023-12,1,5.0,2023-12-01
B07VXH1H47,SAUKOLE Women's Winter Wool Trench Coat Wrap Large Collar High Low Jacket Outwear with Belt,2025-02,1,4.0,2025-02-01
B07VXH1H47,SAUKOLE Women's Winter Wool Trench Coat Wrap Large Collar High Low Jacket Outwear with Belt,2025-11,1,3.0,2025-11-01
B07VXH1H47,SAUKOLE Women's Winter Wool Trench Coat Wrap Large Collar High Low Jacket Outwear with Belt,2025-12,1,5.0,2025-12-01
B07VXH1H47,SAUKOLE Women's Winter Wool Trench Coat Wrap Large Collar High Low Jacket Outwear with Belt,2026-01,1,4.0,2026-01-01
B07VXNVZRT,SKYWAY Aviator Sunglasses Polarized For Mens Womens UV 400 Protection Classic Style (Tea/Tea),2022-11,1,4.0,2022-11-01
B07VY5FD34,L'eggs womens Sheer,2022-02,1,5.0,2022-02-01
B07VYVQXKM,Hanna Andersson Boys Organic Cotton Short-Sleeve Undershirt 2pk White-XL,2023-01,1,5.0,2023-01-01
B07VZ3LGFD,Belsen Unisex Goggle Knitted Beanie Hat Windproof Warm Winter Skull Cap,2025-03,1,5.0,2025-03-01
B07W1CJPD5,NaiveArgo Personalized T-Shirt for Mom Soccer Mom Baseball Mom with Name and Number Jersey | Baseball - Large,2023-04,1,5.0,2023-04-01
B07W1KHP15,Crndzsis Womens Wool Pashmina Shawl Wrap Large Soft Scarf in Solid Colors(Various Colors),2022-10,3,5.0,2022-10-01
B07W1KHP15,Crndzsis Womens Wool Pashmina Shawl Wrap Large Soft Scarf in Solid Colors(Various Colors),2022-11,3,4.666666666666667,2022-11-01
B07W462YW7,"Cushion Low Cut Socks,WXXM Mens Low Cut Ankle Athletic Socks Cotton Mesh Cushioned Stretchy Running Ventilation Sport Tab Socks Large 3 Pairs White",2022-11,1,4.0,2022-11-01
B07W5M7V4W,Men Durag Long-tailed Pirate Cap Printed Bandanas Women Fashion Doo Rag (Red),2023-02,1,5.0,2023-02-01
B07W6STJHB,"Women High Impact Sports Bra Removable Padded Strappy Workout Running Gym Yoga Top(W008-Dark Grey, M)",2023-02,2,4.5,2023-02-01
B07W77WY5H,Jeff & Aimy Winter Wool Ivy Flat Cap with Ear Flaps Newsboy Driver Hat 60 Brown,2022-11,1,4.0,2022-11-01
B07WBVXSMY,Waterproof Adjustable Boho Ankle Bracelets,2022-11,1,3.0,2022-11-01
B07WC5P1D4,JollieLovin 3/4 Sleeve Shirts for Women Swing Plus Size Tunic Tops Long Sleeve Tee Shirts Loose Fit Fall Tops Lightweight Sweaters Ladies Winter Clothes Flower08 2X,2025-09,1,5.0,2025-09-01
B07WC8FR32,TTYAOVO Girls lace Embroidered Dress Long Sleeves Birthday Party Tutu Dress for Toddler Girl Size(100) 2-3 Year Pink,2023-01,1,3.0,2023-01-01
B07WC8Y7N2,Bodycon Dresses for Women - Cute Bowknot Long Sleeve Bodycon Pencil Dress Red X-Large,2023-04,1,5.0,2023-04-01
B07WDFZ2CD,Personalize it with Kelly Name Earrings for Women Gothic Style Monogram Hoop Earring Personalized Name Earring Custom Made with Any Name,2023-02,1,1.0,2023-02-01
B07WFTYLRJ,Women's Casual Twist-Front Top Long Sleeve Crewneck Side Knot Loose Floral Print T-Shirt White S,2022-11,1,5.0,2022-11-01
B07WGGVWMJ,"Tapasimme Winter Compression Waterproof Trousers Down-Pants Women Men Packable Insulated Pants Windproof Warm Snow Pants (Black, Small)",2023-01,1,1.0,2023-01-01
B07WHC5SNM,BALEAF Men's Lightweight Down Vest Packable Puffer Vest Dark Blue L,2024-01,1,2.0,2024-01-01
B07WHD7365,"Morse Code Bracelets, Men's Secret Code Engraved Bangle, Inspirational Jewelry Memorial Encouragement Funny Hidden Message Bracelet - Stainless Steel - Adjustable Band, Personalized Gift for Men Women",2022-12,2,4.5,2022-12-01
B07WJZZ16N,White Black Turquoise Round Triangle Marble Design Earrings Stud (Triangle White 1),2023-06,1,1.0,2023-06-01
B07WK3F145,12 Pairs Drop Dangle Earrings Golden Silvery Fashion Jewelry Fringed Tassel Character Exaggerated Earrings Set for Women Girls (Style C),2023-08,1,5.0,2023-08-01
B07WLWKC5B,Casual Shirt for Women Long Sleeve Elastic Waist Peplum Top Ruffle Hem Sweatshirt Turquoise L,2023-01,1,5.0,2023-01-01
B07WN15PT4,Jeff & Aimy 100% Merino Wool Knit Beret Newsboy Hat Cap for Ladies Visor Beanie Fleece Winter Ski Hats Thick Warm Strechy Beige Cotton Lined 56-59CM,2022-10,1,1.0,2022-10-01
B07WP2CJN5,"Knodel Rain Boots for Kids, Waterproof Rubber Boots with Easy-On Handles for Boys and Girls, Rubber Printed Patterns Shoes for Toddlers (8 Toddler, RAWR Dinosaur)",2023-11,1,5.0,2023-11-01
B07WP6W45B,"Island Eddie's by Eddie Dean Crew Neck T-Shirts (Aqua, XX-Large)",2023-02,1,5.0,2023-02-01
B07WQ8N2VM,Allegra K Women's Casual Dots Print Button Long Sleeve Tie Neck Flare A-line Dress M Brown,2022-12,1,5.0,2022-12-01
B07WS12D5X,TYQQU Basic Sweater for Womens Cable Knitted Blouse Pullover Crew Neck Tops Black M,2023-01,1,5.0,2023-01-01
B07WW2147R,"THE NORTH FACE Women's Osito Etip Glove, TNF Black, Medium",2025-01,1,5.0,2025-01-01
B07WWSWH7Y,2 Pack Womens Winter Hats Pom Pom Hat Beanie Women Cable Knit Hat with Warm Fleece Lined,2023-02,1,5.0,2023-02-01
B07WWT6RSJ,ReneeCho Adult’s Pizza Slice Costume Halloween Mens Food Mascot Couple Match Women,2023-11,1,1.0,2023-11-01
B07WZXRVTN,HsHdesign Women MCoopers 100% Cotton Baseball Hats Adjustable Unstructured Hats Suncreen Cowboy Hat Deep Heather,2024-06,1,2.0,2024-06-01
B07X1BK11W,San Martin Pilot Flieger Mechanical Men Watch Stainless Steel Super Luminous Sapphire Crystal Skeleton Back Leather Strap (Color 6),2023-09,1,5.0,2023-09-01
B07X3DMY7Z,Goodthreads Men's Lightweight French Terry Crewneck Sweatshirt,2023-06,2,4.5,2023-06-01
B07X3VWSY7,"Braylin Women's Headbands, 3 Pack Sweat Workout Headbands for Women, Sport Cooling Headbands for Running Crossfit Fitness Yoga Cycling Hiking, Elastic Sweat Wicking Non Slip",2023-03,1,4.0,2023-03-01
B07X41P5PY,Women's Vintage Solid Color Elegant Cocktail Formal Big Swing A Line Dress with Short Sleeve XL Blue,2023-07,1,3.0,2023-07-01
B07X4HZ6PV,Goodthreads Men's Lightweight French Terry Short,2023-05,2,5.0,2023-05-01
B07X4HZ6PV,Goodthreads Men's Lightweight French Terry Short,2023-06,1,4.0,2023-06-01
B07X7HCZP9,Solid 14k Yellow Gold Gemini Zodiac Symbol Pendant,2023-03,1,3.0,2023-03-01
B07X8SDFC5,Jeff & Aimy Ladies 1920s Vintage Cloche Bucket Hat Soft Wool Felt Visor Fedora Bowler Hat Winter Autumn Newsboy Cabbie Peaked Beret Fashion Classic Derby Designer Adjustable Black 55-58CM,2022-11,2,3.0,2022-11-01
B07X8SDFC5,Jeff & Aimy Ladies 1920s Vintage Cloche Bucket Hat Soft Wool Felt Visor Fedora Bowler Hat Winter Autumn Newsboy Cabbie Peaked Beret Fashion Classic Derby Designer Adjustable Black 55-58CM,2023-01,1,5.0,2023-01-01
B07X91XJMQ,CHARTOU Women's Stylish Stretchy Bandage Drawstring Bell Legs Distressed Jean Denim Pant,2024-06,1,5.0,2024-06-01
B07XCCCGZV,AULIV Genuine Leather Airpod Case,2022-12,1,1.0,2022-12-01
B07XCMV62N,Anti Blue Light Blocking Glasses Women Men Eyewear Frame Transparent Lens（Two points）,2022-12,1,5.0,2022-12-01
B07XCX9GP6,"Luxina Womens Winter Warm Wool Socks - 6 Pairs Casual Cute Cozy Crew Socks（One Size 6-10 ）(J: 6 Pairs, Cartoon Color)",2023-03,1,5.0,2023-03-01
B07XD71F1H,"POPYOUNG Women's Long Sleeve T Shirt Dresses Casual Swing Dress XL, White Snakeshin",2022-12,1,3.0,2022-12-01
B07XD71F1H,"POPYOUNG Women's Long Sleeve T Shirt Dresses Casual Swing Dress XL, White Snakeshin",2023-01,1,5.0,2023-01-01
B07XD71F1H,"POPYOUNG Women's Long Sleeve T Shirt Dresses Casual Swing Dress XL, White Snakeshin",2023-04,1,5.0,2023-04-01
B07XD71F1H,"POPYOUNG Women's Long Sleeve T Shirt Dresses Casual Swing Dress XL, White Snakeshin",2023-11,1,5.0,2023-11-01
B07XD71F1H,"POPYOUNG Women's Long Sleeve T Shirt Dresses Casual Swing Dress XL, White Snakeshin",2024-02,1,5.0,2024-02-01
B07XD71F1H,"POPYOUNG Women's Long Sleeve T Shirt Dresses Casual Swing Dress XL, White Snakeshin",2024-03,1,4.0,2024-03-01
B07XD71F1H,"POPYOUNG Women's Long Sleeve T Shirt Dresses Casual Swing Dress XL, White Snakeshin",2024-12,1,2.0,2024-12-01
B07XD71F1H,"POPYOUNG Women's Long Sleeve T Shirt Dresses Casual Swing Dress XL, White Snakeshin",2025-02,1,2.0,2025-02-01
B07XD71F1H,"POPYOUNG Women's Long Sleeve T Shirt Dresses Casual Swing Dress XL, White Snakeshin",2025-03,1,3.0,2025-03-01
B07XD71F1H,"POPYOUNG Women's Long Sleeve T Shirt Dresses Casual Swing Dress XL, White Snakeshin",2026-02,1,5.0,2026-02-01
B07XG6NQHK,BAISHENGGT Women's Long Sleeve Buttons Pleated Front Tunic Top Modern Block XXL,2022-10,1,5.0,2022-10-01
B07XGJNZLP,Women's Dress Cool Colorful Fancy Novelty Funny Casual Combed Cotton Crew Socks Pack,2022-11,1,4.0,2022-11-01
B07XH47VTC,GOGO by Therafirm Mild Support Travel Socks,2023-03,2,5.0,2023-03-01
B07XJXVW45,"Evevil 14G 16G Septum Jewelry Surgical Steel Small Septum Ring for Women Men Nose Nostril Rings Lip Labret Cartilage Body Piercing (10 Pairs,Gold,Silver,Rose Gold,Black)",2023-03,1,1.0,2023-03-01
B07XK91C3T,"4PCS Silky Durags for Men 360 Waves, Designer Do Rag, Award 1 Wave Cap",2025-12,1,5.0,2025-12-01
B07XM8RPFB,IVVIC Women's Short Sleeve A-Line Solid Color Casual Dress with Pockets Navyblue,2023-02,1,4.0,2023-02-01
B07XQK5LH3,"Women's Tuxedo Shirt - 1/4"" Pleat, Laydown Collar",2019-02,1,5.0,2019-02-01
B07XQY6MKD,"ReachMe Womens Lightweight Safari Jacket with Hood Drawstring Zip Up Militray Anorak Parka Utility Coat(Dusty Olive,L)",2023-03,1,1.0,2023-03-01
B07XSKJ6RT,American Flag Faux Leather Earrings Women Teardrop Leaf Petal Dangle Earring 4th of July Patriotic Jewelry Accessory,2023-01,1,5.0,2023-01-01
B07XT6TWTB,"Mahavira Eyewear Wood Sunglasses for Men | Premium Lightweight Unisex Skateboard Layer Sun glasses | Polarized Lens | Wayfarer Style | Fishing Driving Golf | Perfect Gift for Men | NEW 2021 MODEL |, Black, Red, Blue, One size fits all",2023-11,1,5.0,2023-11-01
B07XW815K5,SONJA BETRO Women's Rib Knit Split Bell Sleeve Tunic 101TEAL/X-Large,2022-12,1,5.0,2022-12-01
B07XWB8FW5,SONJA BETRO Women's Knit Colorblock V-Neck Tunic 101TAUPE/DUSTY Pink/Medium,2022-12,2,4.0,2022-12-01
B07XX3GCYY,"Womens Vintage Winter Soft Warm Thick Cold Knit National Style Christmas Socks, Multicolor, Free Size (5Pack National Style)",2022-12,1,5.0,2022-12-01
B07XX3GCYY,"Womens Vintage Winter Soft Warm Thick Cold Knit National Style Christmas Socks, Multicolor, Free Size (5Pack National Style)",2023-02,2,3.5,2023-02-01
B07XX3GCYY,"Womens Vintage Winter Soft Warm Thick Cold Knit National Style Christmas Socks, Multicolor, Free Size (5Pack National Style)",2023-03,1,5.0,2023-03-01
B07XXR1RT3,KU Gnome Sweet Gnome LJ-Gnome Sweet Gnome,2022-12,1,5.0,2022-12-01
B07XXY4LVJ,SANNYRA 18k Real Gold Plated Curb Cuban Chain Bracelet Stainless Steel Link Bracelet for Men,2023-01,1,4.0,2023-01-01
B07Y195R9B,Calvin Klein Womens Plus Quilted Fur Collar Vest Black 1X,2025-01,1,5.0,2025-01-01
B07Y29D1TL,Large Bandanas 27 x 27 | Versatile Biker Rags | Classic Paisley Bandana Pattern,2017-10,1,4.0,2017-10-01
B07Y29D1TL,Large Bandanas 27 x 27 | Versatile Biker Rags | Classic Paisley Bandana Pattern,2017-11,1,3.0,2017-11-01
B07Y29D1TL,Large Bandanas 27 x 27 | Versatile Biker Rags | Classic Paisley Bandana Pattern,2018-08,1,5.0,2018-08-01
B07Y29D1TL,Large Bandanas 27 x 27 | Versatile Biker Rags | Classic Paisley Bandana Pattern,2018-09,1,5.0,2018-09-01
B07Y29D1TL,Large Bandanas 27 x 27 | Versatile Biker Rags | Classic Paisley Bandana Pattern,2019-02,2,4.5,2019-02-01
B07Y29D1TL,Large Bandanas 27 x 27 | Versatile Biker Rags | Classic Paisley Bandana Pattern,2019-05,1,4.0,2019-05-01
B07Y29D1TL,Large Bandanas 27 x 27 | Versatile Biker Rags | Classic Paisley Bandana Pattern,2019-07,1,5.0,2019-07-01
B07Y29D1TL,Large Bandanas 27 x 27 | Versatile Biker Rags | Classic Paisley Bandana Pattern,2019-08,1,5.0,2019-08-01
B07Y29D1TL,Large Bandanas 27 x 27 | Versatile Biker Rags | Classic Paisley Bandana Pattern,2019-09,1,5.0,2019-09-01
B07Y29D1TL,Large Bandanas 27 x 27 | Versatile Biker Rags | Classic Paisley Bandana Pattern,2019-11,1,5.0,2019-11-01
B07Y29D1TL,Large Bandanas 27 x 27 | Versatile Biker Rags | Classic Paisley Bandana Pattern,2020-02,1,5.0,2020-02-01
B07Y29D1TL,Large Bandanas 27 x 27 | Versatile Biker Rags | Classic Paisley Bandana Pattern,2020-06,1,5.0,2020-06-01
B07Y29D1TL,Large Bandanas 27 x 27 | Versatile Biker Rags | Classic Paisley Bandana Pattern,2020-08,1,1.0,2020-08-01
B07Y29D1TL,Large Bandanas 27 x 27 | Versatile Biker Rags | Classic Paisley Bandana Pattern,2020-09,1,5.0,2020-09-01
B07Y29D1TL,Large Bandanas 27 x 27 | Versatile Biker Rags | Classic Paisley Bandana Pattern,2021-03,1,1.0,2021-03-01
B07Y29D1TL,Large Bandanas 27 x 27 | Versatile Biker Rags | Classic Paisley Bandana Pattern,2021-05,1,5.0,2021-05-01
B07Y29D1TL,Large Bandanas 27 x 27 | Versatile Biker Rags | Classic Paisley Bandana Pattern,2023-07,1,5.0,2023-07-01
B07Y2BXTGX,"Toddler Winter Faux Fur Boots (5 Toddler, 93RED)",2025-02,1,4.0,2025-02-01
B07Y2SF8HJ,50's Costume Party Jacket Adult Standard Pink with Scarf Halloween Costume Set,2021-05,1,5.0,2021-05-01
B07Y2VBSDV,FLDC Retro Ancient Maps Pendant Necklace Fashion Jewelry Black1,2023-08,1,4.0,2023-08-01
B07Y38CLVL,TBMPOY Men's 3/4 Hiking Capri Cargo Long Shorts Lightweight Below Knee Outdoor Pants Zipper Pockets Black 40,2023-08,1,3.0,2023-08-01
B07Y38TL2H,"PRETTYWELL Comfortable Lace Racerback Bras, V Neck Wirefree Everyday Bras for A to D Cups, Thin Straps Casual Bras for Women,1 Pack Pink X-Back M",2022-12,1,4.0,2022-12-01
B07Y5Y4HSN,FURTALK Kids Girls Boys Winter Knit Beanie Hats Faux Fur Pom Pom Hat Bobble Ski Cap Toddler Baby Hats 1-6 Years Old,2023-03,1,5.0,2023-03-01
B07Y9R48PP,FRTCV Men's Slim Fit Polo Shirts Pure Color Cotton Golf T-Shirt US M/Asian 2XL White T2005,2023-04,1,5.0,2023-04-01
B07YB1365R,Laiyuan Jumpsuits for Women Elegant- Womens Casual Plus Size Rompers and Jumpsuits with Pockets Grey XL,2023-01,1,4.0,2023-01-01
B07YB8P368,Hemlock Women High Heels Boots Plus Snow Calf Boots Wedge Heel Ankle Shoes Height Increase Slip On Heightened Booties,2022-12,1,1.0,2022-12-01
B07YBG8JCW,Goodthreads Women's Heritage Fleece Basic Jogger Pant,2023-11,1,4.0,2023-11-01
B07YBG8JCW,Goodthreads Women's Heritage Fleece Basic Jogger Pant,2025-05,1,3.0,2025-05-01
B07YC5NKJQ,"Fun Dress Socks, 12 Packs Cosics Men's Funny Novelty Colorful Socks, Fashion Cotton Socks for Men, Shoe Size 6-12",2023-04,1,5.0,2023-04-01
B07YCGPP4N,Womens Winter Leather Touchscreen Texting Warm Driving Lambskin Pure Genuine leather Gloves,2023-03,1,4.0,2023-03-01
B07YCGPP4N,Womens Winter Leather Touchscreen Texting Warm Driving Lambskin Pure Genuine leather Gloves,2023-04,1,4.0,2023-04-01
B07YCGPP4N,Womens Winter Leather Touchscreen Texting Warm Driving Lambskin Pure Genuine leather Gloves,2025-02,1,1.0,2025-02-01
B07YCGPP4N,Womens Winter Leather Touchscreen Texting Warm Driving Lambskin Pure Genuine leather Gloves,2025-03,1,3.0,2025-03-01
B07YCGPP4N,Womens Winter Leather Touchscreen Texting Warm Driving Lambskin Pure Genuine leather Gloves,2025-09,1,5.0,2025-09-01
B07YFYJSZ5,Eyekepper TR90 Frame Bifocal Sports Sunglasses Baseball Running Fishing Driving Golf Softball Hiking Sunshine Readers,2023-07,1,5.0,2023-07-01
B07YHYRB3J,24 PCS Volleyball Motivational Rubber Bracelets for Kids Adult - Sports/Volleyball Party Favors Supplies Decorations Gifts Prize Silicone Wristbands,2023-01,1,5.0,2023-01-01
B07YJSWM4B,Womens Tunic Tops Leopard Print Shirt Long Sleeve Casual Blouse Brown XXL,2023-01,1,2.0,2023-01-01
B07YLLH785,PRAANJAL's Handcrafted Designer Gold Plated Brass Statement Necklace with Rose Quartz Stone- Handcrafted by Indian Artisans,2022-12,3,3.6666666666666665,2022-12-01
B07YLLH785,PRAANJAL's Handcrafted Designer Gold Plated Brass Statement Necklace with Rose Quartz Stone- Handcrafted by Indian Artisans,2023-01,1,2.0,2023-01-01
B07YLLH785,PRAANJAL's Handcrafted Designer Gold Plated Brass Statement Necklace with Rose Quartz Stone- Handcrafted by Indian Artisans,2023-02,1,5.0,2023-02-01
B07YN8S9Z9,"Alexander Del Rossa Men's Soft Plush Fleece Sleep Shirt, Warm Long Henley Night Shirt Pajamas",2021-03,1,5.0,2021-03-01
B07YN8S9Z9,"Alexander Del Rossa Men's Soft Plush Fleece Sleep Shirt, Warm Long Henley Night Shirt Pajamas",2021-04,1,5.0,2021-04-01
B07YN8S9Z9,"Alexander Del Rossa Men's Soft Plush Fleece Sleep Shirt, Warm Long Henley Night Shirt Pajamas",2021-09,1,5.0,2021-09-01
B07YN8S9Z9,"Alexander Del Rossa Men's Soft Plush Fleece Sleep Shirt, Warm Long Henley Night Shirt Pajamas",2024-04,1,5.0,2024-04-01
B07YNW4D99,"esstive Women's Ultra Soft Fleece Comfortable Lightweight Casual Active Stylish Two Color Block 1/4 Zip Up Pullover Hoodie Sweatshirt, Black, Large",2023-03,1,4.0,2023-03-01
B07YNW4D99,"esstive Women's Ultra Soft Fleece Comfortable Lightweight Casual Active Stylish Two Color Block 1/4 Zip Up Pullover Hoodie Sweatshirt, Black, Large",2023-04,1,4.0,2023-04-01
B07YPVVGCS,HOWELL Unisex Baby Socks Shoes Anti Slip Floor Socks with Soft Rubber Bottom Infant Newborn Cotton Sock Boots,2023-12,1,1.0,2023-12-01
B07YSSGV7H,Brass Toe Rings - 2 Pairs | Midi Rings | Knuckle Rings in Metallic Golden Finish for Women & Girls,2022-12,1,4.0,2022-12-01
B07YSSGV7H,Brass Toe Rings - 2 Pairs | Midi Rings | Knuckle Rings in Metallic Golden Finish for Women & Girls,2023-01,1,3.0,2023-01-01
B07YTQPNRM,"Mens Button Down Shirts Paisley Shirt Regular-Fit Prom Party Wedding Dress Shirt Long Sleeve Gold Striped Pattern (Black,L)",2023-02,1,5.0,2023-02-01
B07YVFY5KV,Verdusa Women's Round Neck Ruffle Trim Tank Crop Top Pink M,2023-07,1,5.0,2023-07-01
B07YVMZBLC,Singer Double Sided Bezel Pendant Key Chain for Gift,2025-09,1,5.0,2025-09-01
B07YYVFHR4,Women's Sexy Button Down Shirts Dresses Floral Print Long Sleeve Collar Neck Casual Mini Blouses Tops,2023-01,1,5.0,2023-01-01
B07YYVJGSS,YIQ8 Women's Plus Size Coat Solid Long Sleeve Lapel Jacket with Pockets Warm Winter Pink,2023-02,1,2.0,2023-02-01
B07YYVJGSS,YIQ8 Women's Plus Size Coat Solid Long Sleeve Lapel Jacket with Pockets Warm Winter Pink,2023-04,1,5.0,2023-04-01
B07Z1B7172,AIDEAONE Teenagers Illussion Hoodies Fashion Cool 3D Funny Print Turbo Hooded Pullovers Sweatshirts with Front Pocket 14-16T,2023-02,1,1.0,2023-02-01
B07Z2PHF44,30 Pcs Colorful Gummy Candy Love Heart Charms Pendants DIY Necklace for Child Girl,2023-06,1,5.0,2023-06-01
B07Z36MK3R,Sequin Shiny Wide Leg Pants Trouser Night Out Plus Size XXL Light Gold CL916-3,2024-11,1,5.0,2024-11-01
B07Z36RG1B,"HULISEN Large Leather Clear Purse Crossbody Bag Stadium Approved with Adjustable Shoulder Strap,Metal Zipper,Inside Pocket",2023-02,1,5.0,2023-02-01
B07Z36RG1B,"HULISEN Large Leather Clear Purse Crossbody Bag Stadium Approved with Adjustable Shoulder Strap,Metal Zipper,Inside Pocket",2023-04,1,5.0,2023-04-01
B07Z4ZFQJ5,LUCKYMEN Women's Roll Up Long Sleeve Boyfriend Collared Button Down Plaid Flannel Shirt Medium,2023-11,1,2.0,2023-11-01
B07Z7NZ3CT,OFEEFAN Cropped Women Shirts Drawstring Lace up Front Tank Top V Neck Black M,2022-12,1,3.0,2022-12-01
B07Z9ZKN78,"MIHOLL Women's Short Sleeve V-Neck Shirts Loose Casual Tee T-Shirt (Leopard- Black, Medium)",2023-02,1,4.0,2023-02-01
B07ZCGH6VM,"Plambag Faux Leather Tote Bag for Women 14"" Laptop Shoulder Handbag with Wristlet Purse",2023-03,1,5.0,2023-03-01
B07ZF26WB8,SOXICK Night Vision Glasses for Driving - Fashion Polarized HD Anti-Glare Safe Glasses For Men Women Driver,2023-11,1,5.0,2023-11-01
B07ZHFRFZJ,G23 Titanium 16G 4mm CZ Internally Threaded Labret Helix Cartilage Tragus Monroe Lip Studs Earring Piercing 10mm Pair,2024-02,1,1.0,2024-02-01
B07ZJ66QJ4,LEANI Women's Cardigan Sweaters Long Sleeve Button Down Crew Neck Soft Knit Coat Black,2023-01,1,5.0,2023-01-01
B07ZJD8LCW,AKTAP Spring Spiral Coil Keychain Bracelets Coil Wrist Keying Stretchy Keychain,2025-05,1,5.0,2025-05-01
B07ZJGH4VN,Kids Winter Warm Set - Knitted Hats Fleece Lining Beanie Cap Scarf Gloves Earmuffs (Color Set 1),2023-04,1,5.0,2023-04-01
B07ZJGXPK7,WILLBOND christmas charms jewelry making enamel charms pendant craft jewelry mixed charm ornament diy necklace bracelet earring craft,2022-12,1,5.0,2022-12-01
B07ZKN8681,Icebreaker Merino Womens Flexi Chute,2019-12,1,5.0,2019-12-01
B07ZKZY8F7,150 Pcs Brass Mini Mixed Butterfly Pendants Charms Craft Supplies for DIY Jewelry Making Crafting Findings Accessory,2024-06,1,5.0,2024-06-01
B07ZMWD7H7,AndThere ID115 Replacement Band ID 115 HR Replacement Strap Adjustable Lenghth (2 Color Black & Blue),2023-12,1,1.0,2023-12-01
B07ZNQHNZZ,ZENOTTIC Polarized Sunglasses for Men UV400 Protection Square Sun Glasses,2024-12,1,4.0,2024-12-01
B07ZT5Z1WH,SLanC Angel Wings And Halo White Feather Wing Kids For Adult Party Costume Children's Boys Girls Christmas Unique Gift (White Angel Wings And Halo),2024-12,1,4.0,2024-12-01
B07ZT5Z1WH,SLanC Angel Wings And Halo White Feather Wing Kids For Adult Party Costume Children's Boys Girls Christmas Unique Gift (White Angel Wings And Halo),2026-01,1,1.0,2026-01-01
B07ZT9H417,HETHCODE Mens Casual Vintage Cotton Zip Detachable Hoodie Jacket Windbreak Coat Army Green XXL,2023-02,1,1.0,2023-02-01
B07ZWPHKV4,bebe Womens Skinny Jogger Pants Lounge Sleepwear Pajama Bottoms,2024-10,1,1.0,2024-10-01
B07ZWZWLBK,10 Pairs Womens Wool Socks Winter Thermal Warm Socks for Women,2023-01,1,5.0,2023-01-01
B07ZX2FJNB,"Kidlove Infant Boys Girls Long Sleeve Onesies Bodysuit Romper Jumpsuit(white christmas,0-6M)",2023-03,1,5.0,2023-03-01
B07ZX5XH7B,Zexxxy Womens Sleepwear Satin Pajama Set Button Down Nightwear with Pocket 2XL Green,2024-03,1,5.0,2024-03-01
B07ZYDZGW9,"Anleo Water Resistant Large Tote Shoulder Bag With Inner & Outside Zipper Pocket, Women Heavy Duty Washable Cotton Canvas Daily Bags for Working Travel Shopping Gym Beach (Feather)",2023-10,1,2.0,2023-10-01
B081123ZVL,2 Pack Casmonal Slim Minimalist Front Pocket Wallets RFID Blocking Credit Card Holder for Men & Women(Weaved Black),2024-02,1,5.0,2024-02-01
B0811YL93J,Docooler Honor Band 5 / Band 4 Replacement Bracelet Wrist Replacement Strap for Honor Band 5/4 Smart Bracelet,2025-02,1,5.0,2025-02-01
B08129BZWR,"Disney Princess The Little Mermaid Sterling Silver Ariel Pendant Necklace, 16 + 2"" Chain",2025-09,1,5.0,2025-09-01
B081338VYK,Floerns Women's Satin Lace Cami Top and Shorts Pajama Set,2024-02,1,1.0,2024-02-01
B08137GVLG,"Forcool Ankle Running Socks, Men's Boys' Walking No Show Hiking Trail Trekking Low Cut Arch Support Cushion Outdoor High Performance Athletic Sport Socks, Large, 1 Pair, Dark Gray & Green",2023-01,1,5.0,2023-01-01
B08137GVLG,"Forcool Ankle Running Socks, Men's Boys' Walking No Show Hiking Trail Trekking Low Cut Arch Support Cushion Outdoor High Performance Athletic Sport Socks, Large, 1 Pair, Dark Gray & Green",2023-02,1,3.0,2023-02-01
B0813XH7SW,Delta Sigma Theta Sorority Crest with 3 Greek Letter Lapel Pin,2023-04,1,5.0,2023-04-01
B0814JC75D,Mens Long Sleeve Linen Cotton Henley Shirts Casual Regular Fit Basic Yoga Top Beach Shirt Black,2023-07,1,3.0,2023-07-01
B08154RGS7,Anime Unisex Cosplay Clog Shoes Japanese Cosplay Prop Oshitari,2024-11,1,5.0,2024-11-01
B0816QZF9H,Omoone Women's Casual Pullover Drawstring Hood Fleece Lined Sweatshirt Coat (1154-Black-XXL),2023-07,1,2.0,2023-07-01
B081DXNX2N,"YOOSIDE Quick Easy Fit Watch Band for Garmin Fenix 6X Pro/Sapphire,26mm Soft Non-allergenic Silicone Sport Waterproof Wristband Strap for Garmin Fenix 5X/5X Plus,Fenix 3,Quatix 3,Tactix Bravo(Red)",2024-05,1,5.0,2024-05-01
B081DXNX2N,"YOOSIDE Quick Easy Fit Watch Band for Garmin Fenix 6X Pro/Sapphire,26mm Soft Non-allergenic Silicone Sport Waterproof Wristband Strap for Garmin Fenix 5X/5X Plus,Fenix 3,Quatix 3,Tactix Bravo(Red)",2024-08,1,3.0,2024-08-01
B081FC9HXJ,"Marino Long Leg Warmers For Women - Winter Knee High Knit Leg Warmer Socks, Enclosed in an Elegant Gift Box",2021-02,1,5.0,2021-02-01
B081FC9HXJ,"Marino Long Leg Warmers For Women - Winter Knee High Knit Leg Warmer Socks, Enclosed in an Elegant Gift Box",2022-01,2,5.0,2022-01-01
B081FC9HXJ,"Marino Long Leg Warmers For Women - Winter Knee High Knit Leg Warmer Socks, Enclosed in an Elegant Gift Box",2022-03,1,5.0,2022-03-01
B081FC9HXJ,"Marino Long Leg Warmers For Women - Winter Knee High Knit Leg Warmer Socks, Enclosed in an Elegant Gift Box",2022-04,2,4.5,2022-04-01
B081FC9HXJ,"Marino Long Leg Warmers For Women - Winter Knee High Knit Leg Warmer Socks, Enclosed in an Elegant Gift Box",2023-04,1,5.0,2023-04-01
B081FC9HXJ,"Marino Long Leg Warmers For Women - Winter Knee High Knit Leg Warmer Socks, Enclosed in an Elegant Gift Box",2024-02,1,4.0,2024-02-01
B081FC9HXJ,"Marino Long Leg Warmers For Women - Winter Knee High Knit Leg Warmer Socks, Enclosed in an Elegant Gift Box",2024-03,2,4.0,2024-03-01
B081FC9HXJ,"Marino Long Leg Warmers For Women - Winter Knee High Knit Leg Warmer Socks, Enclosed in an Elegant Gift Box",2024-04,1,5.0,2024-04-01
B081FC9HXJ,"Marino Long Leg Warmers For Women - Winter Knee High Knit Leg Warmer Socks, Enclosed in an Elegant Gift Box",2025-02,1,5.0,2025-02-01
B081FC9HXJ,"Marino Long Leg Warmers For Women - Winter Knee High Knit Leg Warmer Socks, Enclosed in an Elegant Gift Box",2025-03,2,3.0,2025-03-01
B081GDHVF8,Be One Polarized Sunglasses for Women - Cat Eye Vintage Classic Retro Fashion Design UV Protection Lens,2022-03,1,5.0,2022-03-01
B081GDHVF8,Be One Polarized Sunglasses for Women - Cat Eye Vintage Classic Retro Fashion Design UV Protection Lens,2023-05,1,5.0,2023-05-01
B081GDHVF8,Be One Polarized Sunglasses for Women - Cat Eye Vintage Classic Retro Fashion Design UV Protection Lens,2023-06,1,5.0,2023-06-01
B081GDHVF8,Be One Polarized Sunglasses for Women - Cat Eye Vintage Classic Retro Fashion Design UV Protection Lens,2023-11,1,5.0,2023-11-01
B081GDHVF8,Be One Polarized Sunglasses for Women - Cat Eye Vintage Classic Retro Fashion Design UV Protection Lens,2024-10,1,5.0,2024-10-01
B081GDHVF8,Be One Polarized Sunglasses for Women - Cat Eye Vintage Classic Retro Fashion Design UV Protection Lens,2025-07,1,5.0,2025-07-01
B081GDHVF8,Be One Polarized Sunglasses for Women - Cat Eye Vintage Classic Retro Fashion Design UV Protection Lens,2025-12,1,1.0,2025-12-01
B081GDHVF8,Be One Polarized Sunglasses for Women - Cat Eye Vintage Classic Retro Fashion Design UV Protection Lens,2026-03,1,4.0,2026-03-01
B081H7WBVR,SKYDEER 3M Thinsulate Thermal Winter Work Gloves with Windproof Premium Genuine Deerskin Suede Leather (Unisex),2021-12,1,5.0,2021-12-01
B081H7WBVR,SKYDEER 3M Thinsulate Thermal Winter Work Gloves with Windproof Premium Genuine Deerskin Suede Leather (Unisex),2022-02,1,4.0,2022-02-01
B081H7WBVR,SKYDEER 3M Thinsulate Thermal Winter Work Gloves with Windproof Premium Genuine Deerskin Suede Leather (Unisex),2022-03,1,5.0,2022-03-01
B081H7WBVR,SKYDEER 3M Thinsulate Thermal Winter Work Gloves with Windproof Premium Genuine Deerskin Suede Leather (Unisex),2022-12,1,5.0,2022-12-01
B081H7WBVR,SKYDEER 3M Thinsulate Thermal Winter Work Gloves with Windproof Premium Genuine Deerskin Suede Leather (Unisex),2023-01,2,5.0,2023-01-01
B081H7WBVR,SKYDEER 3M Thinsulate Thermal Winter Work Gloves with Windproof Premium Genuine Deerskin Suede Leather (Unisex),2024-01,2,5.0,2024-01-01
B081H7WBVR,SKYDEER 3M Thinsulate Thermal Winter Work Gloves with Windproof Premium Genuine Deerskin Suede Leather (Unisex),2024-02,1,5.0,2024-02-01
B081H7WBVR,SKYDEER 3M Thinsulate Thermal Winter Work Gloves with Windproof Premium Genuine Deerskin Suede Leather (Unisex),2024-04,1,5.0,2024-04-01
B081H7WBVR,SKYDEER 3M Thinsulate Thermal Winter Work Gloves with Windproof Premium Genuine Deerskin Suede Leather (Unisex),2025-01,1,4.0,2025-01-01
B081H7WBVR,SKYDEER 3M Thinsulate Thermal Winter Work Gloves with Windproof Premium Genuine Deerskin Suede Leather (Unisex),2025-03,1,5.0,2025-03-01
B081H7WBVR,SKYDEER 3M Thinsulate Thermal Winter Work Gloves with Windproof Premium Genuine Deerskin Suede Leather (Unisex),2026-02,1,5.0,2026-02-01
B081JF9PY2,Shoeslocker Women’s Fashion Heel Ankle Booties Black Size 7,2023-03,1,5.0,2023-03-01
B081JG98V3,Shoeslocker Women’s Fashion Heel Ankle Booties Black Size 8,2023-03,1,4.0,2023-03-01
B081JQS1XV,LICKLIP Women Panda Pajamas Set Cute Cartoon Animal Print Top Bamboo Drawstring Pants Two Piece Sleepwear with Pockets,2023-02,4,3.5,2023-02-01
B081JYBK6Z,"KADES for Samsung Active 2 Watch Band, Galaxy Watch 42mm Band, Galaxy Watch Active Band, 20mm Replacement Strap with Quick Release Pin for Smart Watch (Silver)",2023-04,1,5.0,2023-04-01
B081L7ZYG2,Ginasy Black Faux Leather Leggings for Women High Waist Stretch Pleather Pants Tummy Control,2023-12,1,4.0,2023-12-01
B081L9PHDB,JACK SMITH Women Long Sleeve Moisture Wicking Sport Golf Polo Shirt Tops,2024-07,1,4.0,2024-07-01
B081L9PHDB,JACK SMITH Women Long Sleeve Moisture Wicking Sport Golf Polo Shirt Tops,2024-10,1,5.0,2024-10-01
B081LM3N2N,"GRAPHICS & MORE WWE Becky Lynch Splatter Background 1"" Pendant with Sterling Silver Plated Chain",2025-05,1,5.0,2025-05-01
B081LSBY6P,NUO RUI 30PCS Unfinished Wood Earring Blanks Circles Pendant Laser Cut Wood Shapes,2024-02,1,5.0,2024-02-01
B081ND5CY1,"Invisible Bifocal Reading Glasses, Photochromic Gray Sunglasses, 0.50/+2.50 Magnification for Men/Women",2023-07,1,3.0,2023-07-01
B081NQ4ZSP,KAGERBENDS Man Black Series 5/6/SE 44/42mm Durable Soft Silicone& Genius Leather Strap for Apple Watch 5/4/3/2/1 The Top Laye Breathing Sport iWatch Band,2023-10,1,5.0,2023-10-01
B081P63QVL,Heat Wave Visual Lazer Face Custom Sunglasses,2024-09,1,5.0,2024-09-01
B081RCSSZT,"Mesinsefra Women's Casual Cargo Shorts,Bermuda Cotton Relaxed Fit Casual Multi-Pocket",2023-02,1,5.0,2023-02-01
B081RCSSZT,"Mesinsefra Women's Casual Cargo Shorts,Bermuda Cotton Relaxed Fit Casual Multi-Pocket",2023-03,1,5.0,2023-03-01
B081RCSSZT,"Mesinsefra Women's Casual Cargo Shorts,Bermuda Cotton Relaxed Fit Casual Multi-Pocket",2024-05,1,5.0,2024-05-01
B081RCSSZT,"Mesinsefra Women's Casual Cargo Shorts,Bermuda Cotton Relaxed Fit Casual Multi-Pocket",2024-07,1,4.0,2024-07-01
B081RCSSZT,"Mesinsefra Women's Casual Cargo Shorts,Bermuda Cotton Relaxed Fit Casual Multi-Pocket",2024-09,1,5.0,2024-09-01
B081RCSSZT,"Mesinsefra Women's Casual Cargo Shorts,Bermuda Cotton Relaxed Fit Casual Multi-Pocket",2025-07,1,5.0,2025-07-01
B081SMMF39,Duppoly Basic Casual Dresses for Women Basic Weddings Teens Bridemaids Christmas Dress Business Business Fitted Short Sleeve V Neck Cross Stretchable Waistband Hips-Wrapped A-line Dress Red 8,2023-01,1,4.0,2023-01-01
B081TLP9CH,Loxdonz Girls Leotard Basic Long Sleeve Ballet Dance Leotard Kids Stretch Gymnastics Bodysuit Top,2023-12,1,1.0,2023-12-01
B081W5DN9S,Ldurian 2 Pairs Feather Earrings Bohemian Fringe Tassel Long Drop Dangle Earrings charm jewelry set Gift box,2023-05,1,5.0,2023-05-01
B081WC3GXN,Royal Robbins Womens Discovery Skort,2024-07,1,2.0,2024-07-01
B081XZV56L,WDIRARA Women's Fashion Plaid High Waist Button Front Grids Carrot Long Pants Multicolor S,2023-02,1,4.0,2023-02-01
B08228GD3J,BUFF Unisex Dryflx Headband,2023-05,1,1.0,2023-05-01
B0823PNSBD,"CANGHPGIN Joggers for Men Slim Fit Workout Sweatpants for Men Tapered Athletic Gym Running Pants with Pockets (Red, M)",2023-11,1,5.0,2023-11-01
B0825RNT1C,adidas Boys' Active Sport Athletic Pullover Hooded Sweatshirt,2021-03,1,4.0,2021-03-01
B0825V12TC,Canvas Tote Bag-Large Lightweight Tote Bag Shoulder Bag (Red stripe),2024-06,1,4.0,2024-06-01
B0825V12TC,Canvas Tote Bag-Large Lightweight Tote Bag Shoulder Bag (Red stripe),2025-03,1,5.0,2025-03-01
B0825Z3TPQ,NEWEI Acrylic Thanksgiving Anime Turkey Chicken Earrings For Women kid Girl Fashion Charm Jewelry Gifts,2024-12,1,5.0,2024-12-01
B08279D3H4,"Infinity Gauntlet for Adult, Iron Man Infinity Glove LED Light Up Halloween Costume Red",2023-01,1,5.0,2023-01-01
B08283KSKQ,Sunsoul Healing Magnetic Designer Copper Bracelet Jewelry for Men and Women. Single and Set of 3/4 Beautiful Designs,2022-12,1,5.0,2022-12-01
B08284BCTG,"Sunsoul Handcrafted Engraved Mesmerizing Pattern Designer Jewelry Bangle Bracelets Set of 12/18 in Gold, Silver & Copper Tones for Women.",2022-12,2,5.0,2022-12-01
B08284BCTG,"Sunsoul Handcrafted Engraved Mesmerizing Pattern Designer Jewelry Bangle Bracelets Set of 12/18 in Gold, Silver & Copper Tones for Women.",2023-01,2,4.5,2023-01-01
B08284BCTG,"Sunsoul Handcrafted Engraved Mesmerizing Pattern Designer Jewelry Bangle Bracelets Set of 12/18 in Gold, Silver & Copper Tones for Women.",2023-02,1,4.0,2023-02-01
B0828CP71D,"Andrew Marc Ladies' Ultra Soft Attached Hood Reversible Jacket (XL, Shine Lavende)",2023-12,1,5.0,2023-12-01
B0828RHSQY,Women Happy Camper Tank Tops Vintage Sunrise Graphic Tees Shirt Summer Sleeveless Loose Blouse Vest Dark Grey,2023-07,1,5.0,2023-07-01
B0829KY56Y,EVALESS Women's T Shirt Color Block Leopard Tops Short Sleeve Casual Round Neck Blouse Tees,2023-04,1,4.0,2023-04-01
B0829RR3HV,Paladins Backpack Large Work Backpack Military Camo Backpack Molle System Waterproof for Men (Green),2023-02,1,5.0,2023-02-01
B0829VFNPD,"Forcool Men's Women's Skiing Socks, Lightweight Stretchy Sleeve Arch Support Snowboard Performance Winter Socks with Seamless Toe, 1 Pair Medium Pink/Red",2023-02,1,4.0,2023-02-01
B082B38L42,"OUGES Women's Long Sleeve V Neck Button Down Midi Skater Dress with Pockets(Light Brown Leopard,XL)",2023-09,1,5.0,2023-09-01
B082HHW3VR,Floerns Women's Long Sleeve Half Zip Mock Neck Top Tee Black-1 L,2023-10,1,5.0,2023-10-01
B082KG22Q7,Latuza Women's Soft Sleep Pajamas Shorts with Drawstring 3X DarkGrayB,2023-04,1,5.0,2023-04-01
B082KJC6KJ,"KOLD FEET Performance Mild Compression Support (15-18mmHg) OTC Cushion Socks (3 pairs) for Men Sport Socks (ASST34, Large)",2023-04,2,4.0,2023-04-01
B082S764N1,Womens Long Sleeve Soft and Comfortable Slim Fit Army Green Camo TShirt Top,2023-05,1,5.0,2023-05-01
B082T4YV8X,Wristology White Leather 20mm Watch Band - Quick Release Easy Change Mens | Womens Strap,2024-04,1,5.0,2024-04-01
B082TRFV71,"EZRUN Mens 7 Inches Lightweight Qiuck Dry Running Shorts Workout Shorts UPF 50+ DWR Hiking Shorts with Zipper Pockets(Navy,XXL)",2023-11,1,2.0,2023-11-01
B082VV63N4,"Reusable Produce Cotton Mesh Bag - SURDOCA Natural Cotton Net String Shopping Tote Bag ,1PC",2024-08,1,5.0,2024-08-01
B082XVB8SQ,"Charis Allure Women's Long Sleeved Button-Down Loose with Pockets Casual Dress with Belt, Beige, M",2023-04,1,4.0,2023-04-01
B082ZFXBSD,"THEE BRON Baby Toddler Boy and Girl Unisex Sandals (White, 18-24 Month, 13.5 cm/5.4 inch)",2023-04,1,1.0,2023-04-01
B082ZYT7MY,LIUMILAC Women Glitter Evening Party Dresses V-Neck V-Back Sequin Skirt Cocktail 26-1 L,2023-03,1,3.0,2023-03-01
B0833QXJQV,Yuren Twist Ring for Women Fashion 925 sterling silver Stack Twisted Ring Cubic Zirconia Diamond Ring Wedding Party Women Jewelry Size 6-10 (Size 8),2025-06,1,5.0,2025-06-01
B0834QDMXL,Again 1231 Women's Winter Thick Fleece Lined Medium Black Warm Stretch Comfortable Leggins Pants,2023-07,2,4.0,2023-07-01
B0834QH88H,Again 1231 Women's Winter Thick Fleece Lined Small Black Warm Stretch Comfortable Leggins Pants,2023-06,1,5.0,2023-06-01
B08357XXTG,"Men Underwear Boxer Brief Pack Regular & Big and Tall (S to 6XL) Men Trunks Ultra Soft Modal Comfort,Lightweight (2XL=48""-50"" Waist, Black,Grey)",2023-02,1,5.0,2023-02-01
B083584XHV,"Men Underwear Boxer Brief Pack Regular & Big and Tall (S to 6XL) Men Trunks Ultra Soft Modal Comfort,Lightweight (5XL=58""-60"" Waist, Black,Grey)",2023-02,1,4.0,2023-02-01
B083BQ9XQP,MOCOTONO Women's Casual Elastic Waist Cropped Linen Pants with Pockets Black Meduim,2023-04,1,4.0,2023-04-01
B083BSN34C,"Yucharmyi Women's Sexy Workout Tank Tops Muscle Mesh Shirts Sleeveless Exercise Gym Sports Hiking Tee Shirts Yoga Tank Tops Activewear Summer Clothes (DarkGreen,M)",2023-05,1,5.0,2023-05-01
B083CS9WRY,"Hugitout Women's 14K Gold Plated Layered Pendant Necklace,Cubic Zirconia Double Chain Choker Necklace,Multilayer Necklace Dainty Personalized Jewelry with Gift Box and Greeting Cards",2023-03,4,3.75,2023-03-01
B083CS9WRY,"Hugitout Women's 14K Gold Plated Layered Pendant Necklace,Cubic Zirconia Double Chain Choker Necklace,Multilayer Necklace Dainty Personalized Jewelry with Gift Box and Greeting Cards",2023-05,1,4.0,2023-05-01
B083CT6ZZ2,"Hugitout Women's 14K Gold Plated Layered Heart Pendant Necklace,Cubic Zirconia Double Chain Choker Necklace,Multilayer Necklace Dainty Personalized Jewelry with Gift Box and Greeting Cards",2023-04,2,3.5,2023-04-01
B083D5LX8L,"YHBAO Buffalo Plaid Heart T-Shirt Women Valentine's Day Leopard Love Heart Printed Shirts Tops (X-Large, Black Love)",2023-09,1,3.0,2023-09-01
B083DJ7MTB,"AUSELILY Women Solid Plain‘s Casual Summer Cap Short Sleeve Loose Slit Party Long Maxi Dress with Belt Violet Plum (M,Purple)",2023-04,2,4.5,2023-04-01
B083DQJXS6,DIDK Women's Round Neck Short Sleeve Cartoon Print Top and Shorts Pajama Set Rainbow Yellow X-Large,2023-09,1,5.0,2023-09-01
B083FG7C6Q,"PRETTYWELL Sleep Bras for Women, Comfort Seamless Wireless Stretchy Sports Bra,3 Pack Yoga Bras, with Removable Pads",2023-04,1,2.0,2023-04-01
B083FG7C6Q,"PRETTYWELL Sleep Bras for Women, Comfort Seamless Wireless Stretchy Sports Bra,3 Pack Yoga Bras, with Removable Pads",2023-07,1,3.0,2023-07-01
B083FLBD37,Women Long Sleeve Mock Turtleneck T Shirt Solid Stretchy Slim Fit Layer Tee Tops,2023-11,1,5.0,2023-11-01
B083GFBHQ9,ABDNDN Adult Breathable Caps Suzuki-gsx-r-Logo Cool Baseball Cap Navy,2024-09,1,1.0,2024-09-01
B083GHQ7F2,Women Rectangle Bracelet Watch with Leater/Stainless Steel Strap Simple Classic Ladies Analog Quartz Wristwatches (Pink),2023-10,1,4.0,2023-10-01
B083GJCW27,"we fleece Compression Plantar Fasciitis Socks for Men Women Ankle Athletic Running Sports Training Socks (03-Color 1(Ankle), Large/X-Large)",2023-08,1,5.0,2023-08-01
B083GZ1DVB,Yo Sox Fun Socks For Men | Colorful & Cool Socks For Men And Women | Comfortable Fun Dress Socks For Men | 3-pack Bundle Printed Dress Socks For Men & Women (Games),2023-04,1,5.0,2023-04-01
B083J6Z86S,amropi Women's 2 Piece Tracksuit Sweatsuits Sets Hoodie Sweatshirt and Jogging Sweatpants Suit,2026-04,1,5.0,2026-04-01
B083K4F2H7,H2H Mens Active Short Sleeve Polo Lightweight T-Shirts of Various Styles,2026-02,1,5.0,2026-02-01
B083LRFJH4,Vcansion Women's Casual Elastic Waist Knee Length Bermuda Shorts Pink,2023-07,1,1.0,2023-07-01
B083R9LZQ2,"TECOOL Replacement Band Compatible with Fitbit Charge 3 Charge 4, Stainless Steel (Non-Magnetic) Replacement Band for Charge 3/3 SE / 4/4 SE, Women Men (Large Size - Grey)",2023-08,1,5.0,2023-08-01
B083S4TQ8T,"HOCAIES Women's High Waisted Blue Denim Shorts Paper Bag Raw Hem Mom Jean Short Pants (US - 16, Dark Blue 01)",2023-07,1,5.0,2023-07-01
B083S9D36T,"Kasamysoul Womens Short Sleeve V Neck Lace Dress Backless Cocktail Dress Casual Daily Dresses (Black, Large)",2023-03,1,1.0,2023-03-01
B083TZV7RV,Lars Amadeus Men's Western Shirts Check Button Down Short Sleeve Casual Plaid Shirt Green S,2024-07,1,1.0,2024-07-01
B083V6S7GX,"Boys Regular-fit Cotton Polo Shirt… (Red, Xtra-Large)",2023-03,1,3.0,2023-03-01
B083V6S7GX,"Boys Regular-fit Cotton Polo Shirt… (Red, Xtra-Large)",2023-05,1,1.0,2023-05-01
B083ZMVGRW,"Infinilla Women's V Neck Floral Rompers Summer Loose Sleeveless Tank Top Jumpsuit with Pockets (Black, XL)",2023-06,1,5.0,2023-06-01
B0841G1HMG,Boscoqo Quick Side Release Buckles 1 inch Wide Single Adjustable Snap Clip Hard Thick Plastic Black for Repairing Nylon Strap Webbing Boat Cover Craft Luggage Straps Pet Collar 2 Pack,2024-06,1,3.0,2024-06-01
B0841G3PF7,"ReliBeauty Sleeveless Flower Girl Dress Pleated Waist, 8/140",2023-05,1,5.0,2023-05-01
B084227ZXW,2 Pairs Rave Ultimate Diffraction Glasses Heart Effect Glasses 3D EDM Rave Sunglasses,2023-06,1,2.0,2023-06-01
B08428WMHQ,"CBC Crown Christmas Tree - Christmas Tree Theme Scarf 13""x 60"". Made In Korea",2019-02,1,5.0,2019-02-01
B08428WMHQ,"CBC Crown Christmas Tree - Christmas Tree Theme Scarf 13""x 60"". Made In Korea",2020-02,1,5.0,2020-02-01
B0842Q7C1Q,Women Sexy Boned Lace up Strap Corsets Bustiers Top Overbust Shaper 3XL Purple,2023-12,1,2.0,2023-12-01
B0845PC1Z5,"Yacht & Smith Wholesale Bulk Kids Gloves Mittens, Striped and Solid Colors Childrens",2018-11,1,5.0,2018-11-01
B0849TXH29,NELEUS Men's Running Shirt 3 Pack Dry Fit Mesh Athletic Workout Shirts with Hoods,2023-01,1,5.0,2023-01-01
B0849TXH29,NELEUS Men's Running Shirt 3 Pack Dry Fit Mesh Athletic Workout Shirts with Hoods,2023-02,1,5.0,2023-02-01
B0849TXH29,NELEUS Men's Running Shirt 3 Pack Dry Fit Mesh Athletic Workout Shirts with Hoods,2023-09,1,5.0,2023-09-01
B0849TXH29,NELEUS Men's Running Shirt 3 Pack Dry Fit Mesh Athletic Workout Shirts with Hoods,2023-12,1,5.0,2023-12-01
B0849TXH29,NELEUS Men's Running Shirt 3 Pack Dry Fit Mesh Athletic Workout Shirts with Hoods,2024-09,1,4.0,2024-09-01
B0849TXH29,NELEUS Men's Running Shirt 3 Pack Dry Fit Mesh Athletic Workout Shirts with Hoods,2025-07,1,5.0,2025-07-01
B084GBPLV3,"Batman Big Boys Velvet Fleece Hooded Plush Bathrobe, Black, 4T",2023-07,1,5.0,2023-07-01
B084LJ5ZJ5,Jerzees Men's 996,2015-12,1,5.0,2015-12-01
B084LJ5ZJ5,Jerzees Men's 996,2016-05,1,5.0,2016-05-01
B084LJ5ZJ5,Jerzees Men's 996,2017-01,1,5.0,2017-01-01
B084LJ5ZJ5,Jerzees Men's 996,2017-06,1,4.0,2017-06-01
B084LJ5ZJ5,Jerzees Men's 996,2018-03,1,5.0,2018-03-01
B084LJ5ZJ5,Jerzees Men's 996,2018-12,1,5.0,2018-12-01
B084LJ5ZJ5,Jerzees Men's 996,2019-04,1,5.0,2019-04-01
B084LJ5ZJ5,Jerzees Men's 996,2020-05,1,4.0,2020-05-01
B084LJ5ZJ5,Jerzees Men's 996,2020-07,2,4.0,2020-07-01
B084LJ5ZJ5,Jerzees Men's 996,2021-03,1,5.0,2021-03-01
B084LJ5ZJ5,Jerzees Men's 996,2022-10,1,5.0,2022-10-01
B084LJ5ZJ5,Jerzees Men's 996,2023-01,1,5.0,2023-01-01
B084LJ5ZJ5,Jerzees Men's 996,2026-01,1,5.0,2026-01-01
B084MK6NM9,"COR Surf Poncho Changing Towel Robe with Hood and Front Pocket, Made of Quick Dry Microfiber (Medium, Cobalt)",2024-01,1,5.0,2024-01-01
B084R78NFS,"Petalia Girls Open Toe Sandals with Glitter Flowers, Silver, Size 11 Little Kid'",2023-09,1,3.0,2023-09-01
B084RJ5FSM,"Rip Curl Global Entry Hybrid Boardwalk Shorts, 20” Outseam (Camo, 38)",2023-08,1,5.0,2023-08-01
B084RR9N7B,"Doerix Halloween Skull Face Mask Bandana, Motorcycle Face Mask for Men Women, Half Face Cover Rave Scarf Neck Gaiter Biker",2023-05,1,5.0,2023-05-01
B084RR9N7B,"Doerix Halloween Skull Face Mask Bandana, Motorcycle Face Mask for Men Women, Half Face Cover Rave Scarf Neck Gaiter Biker",2023-06,1,5.0,2023-06-01
B084RR9N7B,"Doerix Halloween Skull Face Mask Bandana, Motorcycle Face Mask for Men Women, Half Face Cover Rave Scarf Neck Gaiter Biker",2023-07,2,5.0,2023-07-01
B084RR9N7B,"Doerix Halloween Skull Face Mask Bandana, Motorcycle Face Mask for Men Women, Half Face Cover Rave Scarf Neck Gaiter Biker",2023-08,2,5.0,2023-08-01
B084TM7DY8,"WAFT YEARN Women's Nightgowns Cotton Short Sleeve Sleepshirts Sleepwear Pajama Dress Homewear (Gray, XX-Large)",2023-11,1,4.0,2023-11-01
B084WS5QW8,AND1 Black All Courts Basketball Core Short - Medium,2023-07,1,5.0,2023-07-01
B084YSQSJ3,Timberland 40mm Milled Belt,2020-04,1,4.0,2020-04-01
B0853ZWQT8,ARCITON Women's Casual Soft Tunic Shirts V Neck Printed Summer Sleeveless Tank Tops Floral Black S,2023-07,1,5.0,2023-07-01
B08546HWR5,EUYZOU Women's Underbust Shapewear Tank Tops - Seamless Tummy Control Compression Camisole Tops Slimming Tank - White L,2024-11,1,3.0,2024-11-01
B085476YLQ,"Baby Girl Summer Dress Toddler Sleeveless Rainbow Dress Little Girl Striped Pink Tutu One-Piece Dress (Striped, 6-7 Years)",2024-05,1,5.0,2024-05-01
B0854KDQMX,Womens Friends Not Food T Shirt Funny Sarcastic Plant Gardening Novelty Tee (Light Heather Grey) - M,2023-07,1,5.0,2023-07-01
B0857K48FR,Vortex Optics Logo Short Sleeve T-Shirts,2024-07,1,4.0,2024-07-01
B0857K48FR,Vortex Optics Logo Short Sleeve T-Shirts,2026-02,1,5.0,2026-02-01
B0858YTMR2,Women High Waisted Bikini Two Piece Tummy Control V Neck Swimsuit Twist Push Up Swim Crop Top Vintage Bathing Suit Swimwear,2023-07,1,5.0,2023-07-01
B085BM5K5X,"PUMYPOREITY 500 Pcs Disposable Gloves, Clear PE,Powder/Latex-Free Transparent High-Density Food Safe Plastic Gloves, Food Prep, Cooking, BBQ, Clean, Food Handle, Pet Care, MultiUse, One Size Fits Most",2023-06,1,5.0,2023-06-01
B085BZGLPP,Milacolato 2Pairs 925 Sterling Silver Classic Twist Wave Earring Elegant Linear Hoop Earring Drop Dangle Earrings Set for Women,2023-05,1,5.0,2023-05-01
B085C8LWJB,NEWEI Enamel Alloy Rhinestone Easter Hare Rabbit Brooch Pin for Women Girl Scarf Suit Fashion Animal Jewlery Gift,2024-10,1,4.0,2024-10-01
B085DJ5Z5K,"Reebok Men's Lightweight Workout Gym & Running Shorts w/Elastic Drawstring Waistband & Pockets - 9 Inch Inseam - Black/Stark White Mars Training, Large",2024-10,1,5.0,2024-10-01
B085DKGK55,"STYLEWORD Women's Off Shoulder Elegant Maxi Long Dress(Floral26, L)",2024-06,1,5.0,2024-06-01
B085HPG7QK,"ZAFUL Women's Strapless Ribbed Lace Up High Cut Two Piece Bandeau Bikini Set (ZC-Light Pink, S)",2024-03,1,4.0,2024-03-01
B085MKV1T8,Yo Sox Novelty Crew Socks for Men and Women - Fun and Colorful Printed Dress Socks - 3-Pack Bundle (Basic Babe),2023-05,1,4.0,2023-05-01
B085N8R6SN,15.6 Inch Laptop Bag Tinkerbell Laptop Briefcase Shoulder Messenger Bag Case Sleeve,2023-06,1,5.0,2023-06-01
B085RZP5TH,"STYLEWORD Women's V Neck Floral Spaghetti Strap Summer Casual Swing Dress with Pocket(412Floral29,S)",2024-09,1,5.0,2024-09-01
B085T9QS34,"Yanekop Womens Short Sleeve Leopard Printed T Shirts Casual Color Block Striped Tunic Tops(Black,2XL)",2025-02,1,5.0,2025-02-01
B085TJLDXY,"Elimoons 2-Layer Mens Headband, 4 Pack Non Slip Sweatband Running Sports Headband for Men/Women, Hairband Performance Stretch & Moisture Wicking for Workout,Yoga,Gym,Bike, Basketball, Training",2023-07,2,4.0,2023-07-01
B085TL93K4,Womens Blouse Tops Long Sleeve Women Shirt for Women Long Sleeves Stripe Button Loose Fit Cotton Casual Pullover,2024-06,1,3.0,2024-06-01
B085W4MNQ6,Floerns Women's Floral Print Long Sleeve Mock Neck A Line Midi Dress Black XXL,2023-08,1,5.0,2023-08-01
B085Y5TYT3,ZMJ Star-Lord Helmet Latex Mask Halloween Party Deluxe Cosplay Costume Accessory Black,2024-12,1,1.0,2024-12-01
B085YGLB53,"BSP Better Sports Performance 7/8 High-Waisted Women’s Leggings, Workout Leggings for Women",2023-10,1,2.0,2023-10-01
B085ZXY1L4,"Charis Allure Women's Loose Fit T Shirts Casual Short Crew Neck Short Sleeve Tops,Grey,Medium",2023-08,2,4.5,2023-08-01
B08643YCBR,Wonder Woman Comic Book Superhero Oil Slick Wallet,2024-08,1,5.0,2024-08-01
B0865Y3WZS,Greatever Swim Goggles Solid PC Frame Anti-Leak&Anti-Fog for Adult and Kids,2023-07,1,5.0,2023-07-01
B0865Y3WZS,Greatever Swim Goggles Solid PC Frame Anti-Leak&Anti-Fog for Adult and Kids,2023-11,1,1.0,2023-11-01
B0865Y3WZS,Greatever Swim Goggles Solid PC Frame Anti-Leak&Anti-Fog for Adult and Kids,2024-04,1,5.0,2024-04-01
B0866GG9D4,"Glitziest Women's Acrylic Round Earrings Light Resin Minimalist Women and Women Accessories, Neon Green",2023-10,1,5.0,2023-10-01
B086BQH3QJ,July 4th Women's Patriotic American Flag T Shirts Short Sleeve Casual Top Red Star L,2023-09,1,5.0,2023-09-01
B086BY9QJ9,GRACE KARIN Women Strapless Casual Loose Ruched Long Maxi Dress with Pockets Purple,2024-07,1,5.0,2024-07-01
B086GNCD3T,Yiyang State Necklace Pendant Country Map Pendant Charm Jewelry Gift for Women Teens,2021-11,1,5.0,2021-11-01
B086JYC9LH,Prinbara Women Sleeveless Rompers Summer Casual Loose Tank Top Short Jumpsuit Romper with Pockets Wine Red 2PA09-jiuhong-L,2024-06,1,4.0,2024-06-01
B086L46CK8,FITNEXX Women's Bootcut High Waist Yoga Pants Flare Workout Bootleg Pant Ultra Soft Tummy Control Trousers with Pockets Light Gray,2023-12,1,5.0,2023-12-01
B086LKJD4J,Boy's Banded On Bow Ties - Bow Ties with Gift Box + Solid Elegant Bow Ties for Boys with Matching Handkerchief,2019-05,1,5.0,2019-05-01
B086M2MBWN,Nike Purple Dri-Fit Head Tie 3.0 - Tie Headband - Purple/White,2023-02,2,5.0,2023-02-01
B086MS75WS,Toddler Girl Summer Tulle Dress Cotton Casual Halter Neck Sleeveless Tank Dress Outfit Flower Girl Cold Shoulder Beach Sundress Green 2T,2024-12,1,1.0,2024-12-01
B086SHHWRH,LA ACTIVE Baby Girls Tights - Cozy Warm Cotton Cable Knit Winter Tights - Non-Skid Grip - Toddler Infant Newborn Kids,2023-05,1,5.0,2023-05-01
B086SHHWRH,LA ACTIVE Baby Girls Tights - Cozy Warm Cotton Cable Knit Winter Tights - Non-Skid Grip - Toddler Infant Newborn Kids,2024-06,1,1.0,2024-06-01
B086V7VFV9,"ZILIN Women's Faux Suede Elbow Patch T-Shirt Long Sleeve Letter Print Tunic Shirts Tops (A-red, XL)",2023-10,1,5.0,2023-10-01
B086WM5THW,Rainlin 5 Pack Fashion Bandanas Casual Neck Gaiter Wind Proof for Outdoor Camping (Pattern #4),2024-02,1,3.0,2024-02-01
B0871C2SJJ,PolarSpex Kids Sunglasses Polarized - Unbreakable Boys and Girls Sunglasses - Cool Toddler Sunglasses-Pete the Cat,2020-04,2,5.0,2020-04-01
B0871C2SJJ,PolarSpex Kids Sunglasses Polarized - Unbreakable Boys and Girls Sunglasses - Cool Toddler Sunglasses-Pete the Cat,2020-05,1,5.0,2020-05-01
B0871C2SJJ,PolarSpex Kids Sunglasses Polarized - Unbreakable Boys and Girls Sunglasses - Cool Toddler Sunglasses-Pete the Cat,2020-06,1,5.0,2020-06-01
B0871C2SJJ,PolarSpex Kids Sunglasses Polarized - Unbreakable Boys and Girls Sunglasses - Cool Toddler Sunglasses-Pete the Cat,2020-09,1,5.0,2020-09-01
B0871C2SJJ,PolarSpex Kids Sunglasses Polarized - Unbreakable Boys and Girls Sunglasses - Cool Toddler Sunglasses-Pete the Cat,2020-11,1,5.0,2020-11-01
B0871C2SJJ,PolarSpex Kids Sunglasses Polarized - Unbreakable Boys and Girls Sunglasses - Cool Toddler Sunglasses-Pete the Cat,2021-07,1,4.0,2021-07-01
B0871C2SJJ,PolarSpex Kids Sunglasses Polarized - Unbreakable Boys and Girls Sunglasses - Cool Toddler Sunglasses-Pete the Cat,2021-08,1,4.0,2021-08-01
B0871C2SJJ,PolarSpex Kids Sunglasses Polarized - Unbreakable Boys and Girls Sunglasses - Cool Toddler Sunglasses-Pete the Cat,2022-01,1,5.0,2022-01-01
B0871C2SJJ,PolarSpex Kids Sunglasses Polarized - Unbreakable Boys and Girls Sunglasses - Cool Toddler Sunglasses-Pete the Cat,2022-06,1,5.0,2022-06-01
B0871C2SJJ,PolarSpex Kids Sunglasses Polarized - Unbreakable Boys and Girls Sunglasses - Cool Toddler Sunglasses-Pete the Cat,2023-03,2,3.0,2023-03-01
B0871C2SJJ,PolarSpex Kids Sunglasses Polarized - Unbreakable Boys and Girls Sunglasses - Cool Toddler Sunglasses-Pete the Cat,2023-06,2,5.0,2023-06-01
B0871TCC1K,"Eytino Women Drawstring Waist Jogger Sweatpants Casual Camo Printed Loose Crop Pants with Pockets,XX-Large Green 109",2023-11,1,5.0,2023-11-01
B08776SYYT,A4 Boys' Nb5301,2023-11,1,5.0,2023-11-01
B08776SYYT,A4 Boys' Nb5301,2025-08,1,5.0,2025-08-01
B0878PNDLQ,ETATNG Womens Boy Mama Sweatshirt Crewneck Long Sleeve Pullover Loose Casual Mother's Day Tops Shirt,2024-06,1,5.0,2024-06-01
B087BY95T9,"Ldurian Pre-Made Personalized Name Necklace, Custom 18K Gold Plated Nameplate, Jewelry Gift for Women and Girls（with Personalized Gift Card）(Elise)",2023-11,1,1.0,2023-11-01
B087BYN76W,"Ldurian Name Necklace Personalized, Customized Name plate necklace,14K gold Plated Personalized Dainty Name Necklace for women girl, Birthday jewelry Gift for Women",2023-09,1,1.0,2023-09-01
B087BYSXY9,"Ldurian Name Necklace Personalized, Customized Name plate necklace,14K gold Plated Personalized Dainty Name Necklace for women girl, Birthday jewelry Gift for Women",2023-08,1,2.0,2023-08-01
B087G4ZM8S,ONESING 12 Pcs 16G Tragus Jewelry Tragus Helix Earrings Tragus Earrings Studs for Men Cartilage Stud Earrings for Women Labret Jewelry Piercing Barbell Lip Studs Stainless Steel,2023-11,1,3.0,2023-11-01
B087GCTVHT,"Play Tailor Girls Gymnastics Shorts Dance Shorts Cute Sparkle Spandex Leotard Shorts for Dance Swim Cheerleading, Dark Purple Unicorn, 4-5 Years",2024-02,1,5.0,2024-02-01
B087HBVVZ4,NAG.HC Silver AAAAA Cubic Zirconia 316L stainless steel Cuff Earrings Huggie Stud,2023-10,1,5.0,2023-10-01
B087M6R1Z2,"ZAFUL Women's Back Lace-up Swimsuit Flower Print Cheeky Thong Bikini (L, Black-Marble)",2025-09,1,3.0,2025-09-01
B087N71ZGH,"Products Simplified | Multipurpose Premium Safety Goggles (Unisex) ANSI Z87+ CE EN166 Anti-UV| Workplace Safety Goggles, Scratch-Resistant Goggles – Adjustable Strap – Clear Wide Vision Lens",2023-09,1,5.0,2023-09-01
B087P7D7H1,"DZRZVD Women's 3"" High Waist Workout Yoga Running Compression Exercise Shorts Side Pockets 2049-Wine-XL",2023-08,1,1.0,2023-08-01
B087PWGQ14,Zattcas Womens 3/4 Roll Sleeve Notch Neck Floral Blouse Shirts Tunic Tops Floral X-Large,2024-02,1,5.0,2024-02-01
B087PWGQ14,Zattcas Womens 3/4 Roll Sleeve Notch Neck Floral Blouse Shirts Tunic Tops Floral X-Large,2024-03,1,4.0,2024-03-01
B087Q5BCTH,2 Packs Women Long Sleeve Black Mock Turtleneck Pullover Stretch Slim Layer Top,2024-04,1,2.0,2024-04-01
B087TFPF81,AOY Scarf Face Mask Neck Gaiter - Summer Face Bandana/Sun UV Protection Face Cover Fishing Cycling Hiking,2024-09,1,1.0,2024-09-01
B0882WWJJP,"Dragon Fit High Waist Yoga Shorts for Women with 2 Side Pockets Tummy Control Running Home Workout Shorts (Medium, Crystal Purple)",2024-06,1,5.0,2024-06-01
B0882YJ1MD,Echolife 5 Pack UV Protection Face Cover Bandanas with Ear Loops Seamless Neck Gaiters Headbands Headwears for Dust Wind Outdoor Sports Activities (Digital),2023-09,1,5.0,2023-09-01
B0886B2NJ3,Real Essentials 5 Pack: Youth Mesh Moisture Wicking Active Athletic Performance Short-Sleeve T-Shirt Boys & Girls,2023-09,1,5.0,2023-09-01
B0886B2NJ3,Real Essentials 5 Pack: Youth Mesh Moisture Wicking Active Athletic Performance Short-Sleeve T-Shirt Boys & Girls,2023-10,1,4.0,2023-10-01
B0886B2NJ3,Real Essentials 5 Pack: Youth Mesh Moisture Wicking Active Athletic Performance Short-Sleeve T-Shirt Boys & Girls,2024-05,1,4.0,2024-05-01
B0886B2NJ3,Real Essentials 5 Pack: Youth Mesh Moisture Wicking Active Athletic Performance Short-Sleeve T-Shirt Boys & Girls,2024-07,1,3.0,2024-07-01
B0886B2NJ3,Real Essentials 5 Pack: Youth Mesh Moisture Wicking Active Athletic Performance Short-Sleeve T-Shirt Boys & Girls,2025-03,1,2.0,2025-03-01
B0886B2NJ3,Real Essentials 5 Pack: Youth Mesh Moisture Wicking Active Athletic Performance Short-Sleeve T-Shirt Boys & Girls,2025-09,1,4.0,2025-09-01
B0886KMC6M,Fila Big and Tall T Shirts for Men Pack – 2 Pack Mens Graphic T-Shirts,2023-08,1,5.0,2023-08-01
B0887RVWXT,HIGHDAYS 3 Pack Plus Size Capri Leggings with Pockets for Women- High Waist 3X-Large-4X Workout Yoga Pants,2024-08,1,3.0,2024-08-01
B0887RVWXT,HIGHDAYS 3 Pack Plus Size Capri Leggings with Pockets for Women- High Waist 3X-Large-4X Workout Yoga Pants,2025-06,1,5.0,2025-06-01
B0887RVWXT,HIGHDAYS 3 Pack Plus Size Capri Leggings with Pockets for Women- High Waist 3X-Large-4X Workout Yoga Pants,2025-10,1,5.0,2025-10-01
B0887RVWXT,HIGHDAYS 3 Pack Plus Size Capri Leggings with Pockets for Women- High Waist 3X-Large-4X Workout Yoga Pants,2025-12,1,4.0,2025-12-01
B0887RVWXT,HIGHDAYS 3 Pack Plus Size Capri Leggings with Pockets for Women- High Waist 3X-Large-4X Workout Yoga Pants,2026-01,1,4.0,2026-01-01
B088BT8J6T,Bandana Face Mask Neck Gaiter - Summer Face Scarf/Sun UV Protection Face Cover Fishing Cycling Hiking,2023-09,1,4.0,2023-09-01
B088CHK91B,JOYPEA Cooking Apron Waterproof Adjustable 2 Pack Kitchen Aprons for Men Women,2024-08,1,3.0,2024-08-01
B088CHK91B,JOYPEA Cooking Apron Waterproof Adjustable 2 Pack Kitchen Aprons for Men Women,2025-01,1,5.0,2025-01-01
B088FZBQL7,Lex & Lu Pair of Titanium Captive Bead Ring CBR Hoop Earrings 12-10 Gauge,2022-08,1,5.0,2022-08-01
B088H3DB5B,"kese Chakra Bracelet, Multilayer Turquoise Bracelet Women Crystal Bracelet Natural Stone Bangle for Girls",2024-01,1,5.0,2024-01-01
B088K6Y2WG,GUOER Hat Bouffant Cap One Size Multi Color,2019-10,1,4.0,2019-10-01
B088K6Y2WG,GUOER Hat Bouffant Cap One Size Multi Color,2020-03,1,5.0,2020-03-01
B088K6Y2WG,GUOER Hat Bouffant Cap One Size Multi Color,2020-06,1,5.0,2020-06-01
B088K6Y2WG,GUOER Hat Bouffant Cap One Size Multi Color,2021-02,1,3.0,2021-02-01
B088K6Y2WG,GUOER Hat Bouffant Cap One Size Multi Color,2021-04,1,4.0,2021-04-01
B088K6Y2WG,GUOER Hat Bouffant Cap One Size Multi Color,2021-09,1,5.0,2021-09-01
B088K6Y2WG,GUOER Hat Bouffant Cap One Size Multi Color,2022-03,1,5.0,2022-03-01
B088K6Y2WG,GUOER Hat Bouffant Cap One Size Multi Color,2022-07,1,5.0,2022-07-01
B088K6Y2WG,GUOER Hat Bouffant Cap One Size Multi Color,2023-05,1,5.0,2023-05-01
B088K6Y2WG,GUOER Hat Bouffant Cap One Size Multi Color,2023-07,2,5.0,2023-07-01
B088K6Y2WG,GUOER Hat Bouffant Cap One Size Multi Color,2023-08,1,5.0,2023-08-01
B088K6Y2WG,GUOER Hat Bouffant Cap One Size Multi Color,2023-09,2,4.5,2023-09-01
B088K6Y2WG,GUOER Hat Bouffant Cap One Size Multi Color,2023-10,2,5.0,2023-10-01
B088K6Y2WG,GUOER Hat Bouffant Cap One Size Multi Color,2024-02,3,5.0,2024-02-01
B088K6Y2WG,GUOER Hat Bouffant Cap One Size Multi Color,2024-05,1,3.0,2024-05-01
B088K6Y2WG,GUOER Hat Bouffant Cap One Size Multi Color,2026-02,1,3.0,2026-02-01
B088LX7PDV,"[Made in KOREA] Doublju Unisex Washable Cotton Mask 3-PCS, Multicolor",2023-08,1,5.0,2023-08-01
B088NVTT1G,Girl Cotton Outfits Summer Short Sets Casual Pink Unicorn Short Sleeve Tee Shirt Black White Check Short Set 2pc 2T,2023-09,1,5.0,2023-09-01
B088Q8MMYF,"JERLA Women's Men's Small Square 100% Real Mulberry Silk satin Scarfs Hair head face scarf 21"" x 21""",2025-09,1,1.0,2025-09-01
B088Q8MMYF,"JERLA Women's Men's Small Square 100% Real Mulberry Silk satin Scarfs Hair head face scarf 21"" x 21""",2026-01,1,5.0,2026-01-01
B088TG25FF,Women's Bodysuit Scoop Neck Basic Short Sleeve T Shirt Bodysuits Jumpsuit Leotard Tops for Women(DarkGreen-L),2023-09,1,3.0,2023-09-01
B088W15FSJ,"NEW 3-Ply Cotton Face Mask - Washable, Reusable, Breathable 100% Cotton Fabric - Stretchy Ear Loops, Stylish USA Flag Design - Help Filter & Block Dust & Pollen - (USA Flag Design) 10pcs",2024-01,1,4.0,2024-01-01
B088W15FSJ,"NEW 3-Ply Cotton Face Mask - Washable, Reusable, Breathable 100% Cotton Fabric - Stretchy Ear Loops, Stylish USA Flag Design - Help Filter & Block Dust & Pollen - (USA Flag Design) 10pcs",2024-02,1,5.0,2024-02-01
B088WB81GF,Rakumi Dangle Earrings14K Gilt White Baroque Pearl Dangle Earrings for Women,2023-09,1,3.0,2023-09-01
B088WB81GF,Rakumi Dangle Earrings14K Gilt White Baroque Pearl Dangle Earrings for Women,2024-08,1,5.0,2024-08-01
B0892H48Q7,Ekaliy Polo Shirts for Men - Class Golf Sport T Shirt with Pockets Gray S,2024-03,1,5.0,2024-03-01
B0892ZTH3Q,"Toddler Baby Girl Summer Outfits 2pcs Ribbed Ruffle Sling Tube Top + Bowknot Flared Mini Skirts Set 2-7T (Pink, 6-7 Years)",2023-12,1,3.0,2023-12-01
B08945DD7K,Contraband Sports 13019 Sport Face Cover/Sport Mask - Nylon/Spandex Washable & Breathable - 6 Colors - (SOLD AS A SET),2024-02,1,5.0,2024-02-01
B08945DD7K,Contraband Sports 13019 Sport Face Cover/Sport Mask - Nylon/Spandex Washable & Breathable - 6 Colors - (SOLD AS A SET),2024-04,1,4.0,2024-04-01
B0894MFZNP,Tops Gray Green,2024-04,1,5.0,2024-04-01
B0895NZGLW,"icolor Sun Cap Fishing Hats, Outdoor UPF 50+ Quick Dry Wide Brim UV Sun Protection Cap with Neck Flap for Men Women Lightgrey",2023-10,1,5.0,2023-10-01
B0897WZB96,"Heart Necklace S925 Sterling Silver Rose Pendant Necklace for Women Valentines/Birthday Jewelry Gift for Girl Mom Wife,Love Forever Necklace",2023-08,1,5.0,2023-08-01
B089993MVW,Mini Masquerade Mask Party Decoration - Yiseng 10pcs Set Supper Small Masks Mardi Gras Halloween Party Decor Novelty Gifts,2021-11,1,5.0,2021-11-01
B089993MVW,Mini Masquerade Mask Party Decoration - Yiseng 10pcs Set Supper Small Masks Mardi Gras Halloween Party Decor Novelty Gifts,2022-12,1,5.0,2022-12-01
B089D14G2F,Harssidanzar Mens Lambskin Fingerless Half Finger Leather Driving Gloves Unlined GM032,2024-01,1,5.0,2024-01-01
B089K6M23X,MSBASIC Women's Deep V Neck Short Sleeve Unique Cross Wrap Casual Flared Midi Dress,2025-01,1,4.0,2025-01-01
B089LYSN2B,Cycling glasses Polarized Outdoor Sports Sunglasses With UV400 4 Interchangeable Lenses.,2024-04,1,4.0,2024-04-01
B089LZQX57,"AK Leather Band Compatible with Fitbit Charge 4 Bands & Fitbit Charge 3 Bands, Adjustable Top Grain Leather Wristband Replacement for Fitbit Charge 4 / Charge 3 / Charge 3 SE Smart Watch（Floral Gray）",2023-11,1,5.0,2023-11-01
B089NJY4WQ,Gemijack Womens Oversized Tie Dye Hoodie Long Sleeve Lightweight Pullover Sweatshirts Yellow,2023-09,1,5.0,2023-09-01
B089NZRP7C,Womens Plus Size Tunic Tops with Pocket Color Block Short Sleeve Casual Long Shirts Blouses,2023-08,1,5.0,2023-08-01
B089PW2H7P,"Flag Socks Men, Ristake Groomsmen Novelty Luxury Crew Cotton Moisture Wicking Socks Perfect for Business & Wedding & Casual Use, Medium, 1 Pair",2023-10,1,3.0,2023-10-01
B089Q57FB3,COOFANDY Men's 2 Pieces Cotton Linen Set,2024-07,1,5.0,2024-07-01
B089SSZX4P,Round Green Amethyst Miligrain Earring With CZ In Yellow Gold Plated in Brass & Chain For Women & Girls,2023-12,1,2.0,2023-12-01
B089STN9TB,ZISTA Round Peridot Drop Pendant with CZ in Rhodiumed 925 Silver & Silver Chain for Women & Girls,2023-12,1,5.0,2023-12-01
B089T1WHDR,Century Star Women Bikini,2023-11,1,5.0,2023-11-01
B089VP5MC5,N-A Men's Joggers Shorts Workout Gym Running Training Pants with Pockets XL Dark Grey,2023-08,1,5.0,2023-08-01
B089W4J2FB,LIQQY Women's Plus Size Bra Comfort Contour T-Shirt Push Up Underiwre Bra 34C-46DD,2023-09,1,5.0,2023-09-01
B089W4J2FB,LIQQY Women's Plus Size Bra Comfort Contour T-Shirt Push Up Underiwre Bra 34C-46DD,2023-10,1,2.0,2023-10-01
B089W4J2FB,LIQQY Women's Plus Size Bra Comfort Contour T-Shirt Push Up Underiwre Bra 34C-46DD,2024-04,1,5.0,2024-04-01
B089YDPPZG,"Evercute Boys Boxer Briefs Cotton Underwear Trunk Shorts Undies Toddler Little Kids(Spacemen/Trucks/Robots 9pk,5-6X)",2023-11,1,4.0,2023-11-01
B089ZSGTRK,"Ice Silk Cooling Cloth Neck Gaiter Bandana Outdoor Headwear DIY Fabric Cloth 1Mx1.5M (Light Gray, Medium)",2023-11,1,5.0,2023-11-01
B089ZYD9XR,Richsteel Moon Cat/Cross/Angel Wing/Forever in My Heart/Bar/Hourglass Urn Necklace for Women Men Stainless Steel/18K Gold Plated Cremation Jewelry for Human Ashes Waterproof (with Gift Box),2023-01,1,5.0,2023-01-01
B089ZYD9XR,Richsteel Moon Cat/Cross/Angel Wing/Forever in My Heart/Bar/Hourglass Urn Necklace for Women Men Stainless Steel/18K Gold Plated Cremation Jewelry for Human Ashes Waterproof (with Gift Box),2024-11,1,5.0,2024-11-01
B089ZYD9XR,Richsteel Moon Cat/Cross/Angel Wing/Forever in My Heart/Bar/Hourglass Urn Necklace for Women Men Stainless Steel/18K Gold Plated Cremation Jewelry for Human Ashes Waterproof (with Gift Box),2025-07,1,4.0,2025-07-01
B08B1BJD5F,"Plusfeel Women Strapless Wire Free Tube Top Bra, Purple, XX-Large",2023-12,1,4.0,2023-12-01
B08B4TPKZW,Janasya Indian Women's Grey Poly Silk Kurta with Palazzo and Dupatta,2025-07,1,5.0,2025-07-01
B08B8SRMPV,"speerise Women Classic Long Sleeve Leotard With Scoop Neck, Team Basic Ballet Dance Unitard Bodysuit Adult, One Piece Costume",2022-03,1,3.0,2022-03-01
B08BC3VPJ9,"OUGES Women's Striped Long Sleeve Crew Neck Loose Knitted Pullover Sweater Tops(Color01,L)",2024-02,1,1.0,2024-02-01
B08BCJ7B2H,R.Vivimos Women's Summer Short Sleeve Cotton V Neck Buttons Ruffled Swing Mini Dress,2024-08,1,1.0,2024-08-01
B08BCQFDNW,"2 Pack Portable Reusable Grocery Bags Foldable Washable Reusable, Reusable Shopping Bags Totes for groceries",2024-03,1,4.0,2024-03-01
B08BDR555K,THE NORTH FACE Salty Bae Beanie - Women's,2026-01,2,3.5,2026-01-01
B08BFD2929,BETSION Hand Made Small Vintage Round Eyeglass Frames Full Rim Acetate Glasses Rx able B002,2025-06,1,5.0,2025-06-01
B08BFL5LQD,1950's Women's Lace Splice A Line Swing Casual Cocktail Party Dresses Black 2XL,2023-11,1,5.0,2023-11-01
B08BFQ7ZH8,QBSM Women's Shawl Wrap Poncho Ruana Capes Open Front Cardigan Blanket Wraps for Fall and Winter,2023-09,1,5.0,2023-09-01
B08BFQ7ZH8,QBSM Women's Shawl Wrap Poncho Ruana Capes Open Front Cardigan Blanket Wraps for Fall and Winter,2023-10,2,4.0,2023-10-01
B08BFQ7ZH8,QBSM Women's Shawl Wrap Poncho Ruana Capes Open Front Cardigan Blanket Wraps for Fall and Winter,2023-11,1,5.0,2023-11-01
B08BFQ7ZH8,QBSM Women's Shawl Wrap Poncho Ruana Capes Open Front Cardigan Blanket Wraps for Fall and Winter,2023-12,1,3.0,2023-12-01
B08BFQ7ZH8,QBSM Women's Shawl Wrap Poncho Ruana Capes Open Front Cardigan Blanket Wraps for Fall and Winter,2025-12,1,5.0,2025-12-01
B08BFVMFWQ,A for Awesome Boys Short Sleeve Graphic Tee Medium Royal,2023-09,1,5.0,2023-09-01
B08BG12WHY,Womens 2 Pieces Sports Outfit Short Sleeve Oversized Tops Bodycon Short Pants Set Casual Tracksuit with Belt Pea Geen M,2023-09,1,4.0,2023-09-01
B08BG794KF,Jastore 5 Pairs/3 Pairs Unisex Baby Girl Boy Lace Stocking Knit Knee High Cotton Socks,2021-10,1,1.0,2021-10-01
B08BG794KF,Jastore 5 Pairs/3 Pairs Unisex Baby Girl Boy Lace Stocking Knit Knee High Cotton Socks,2022-01,1,3.0,2022-01-01
B08BG794KF,Jastore 5 Pairs/3 Pairs Unisex Baby Girl Boy Lace Stocking Knit Knee High Cotton Socks,2022-11,2,3.5,2022-11-01
B08BG794KF,Jastore 5 Pairs/3 Pairs Unisex Baby Girl Boy Lace Stocking Knit Knee High Cotton Socks,2023-01,1,5.0,2023-01-01
B08BG794KF,Jastore 5 Pairs/3 Pairs Unisex Baby Girl Boy Lace Stocking Knit Knee High Cotton Socks,2023-11,1,5.0,2023-11-01
B08BG794KF,Jastore 5 Pairs/3 Pairs Unisex Baby Girl Boy Lace Stocking Knit Knee High Cotton Socks,2025-02,1,5.0,2025-02-01
B08BHNBQJ1,"URTEOM Computer Business Backpacks for Women Men College School Student Gift, Galaxy Dream Wolf Bookbag Casual Hiking Daypack, Ideal for Work, Travel, School, College, School",2024-09,1,2.0,2024-09-01
B08BHY59MQ,Washable Reusable Kid Dust Cover Scarf Bandana with Filter Pocket (Light Green),2023-09,1,5.0,2023-09-01
B08BJQW27W,Black Spider Earrings Tiny Spider Stud Earrings for Women Men Funny Animal Punk Unisex Earrings Jewelry,2025-10,1,1.0,2025-10-01
B08BLHC173,Romanstii Women's Casual Fleece Color Block Sweatshirt Long Sleeve Lightweight 1/4 Button Pullover Tunic Tops with Pockets,2023-10,1,5.0,2023-10-01
B08BNB9W6C,"SANQIANG Women's 100% Cotton Short Sleeves Nightgown Round Neck Cute Yellow Sleepshirt for Girl (Light Green Orange, US size M (Tag reads XL))",2024-05,1,1.0,2024-05-01
B08BRFNK6Q,"Alizeal Mens Classic Paisley Bow Tie, Hanky and Cufflinks Set",2021-05,1,5.0,2021-05-01
B08BRFNK6Q,"Alizeal Mens Classic Paisley Bow Tie, Hanky and Cufflinks Set",2022-06,1,5.0,2022-06-01
B08BRFNK6Q,"Alizeal Mens Classic Paisley Bow Tie, Hanky and Cufflinks Set",2024-06,2,5.0,2024-06-01
B08BRFNK6Q,"Alizeal Mens Classic Paisley Bow Tie, Hanky and Cufflinks Set",2024-08,1,5.0,2024-08-01
B08BRFNK6Q,"Alizeal Mens Classic Paisley Bow Tie, Hanky and Cufflinks Set",2026-03,1,5.0,2026-03-01
B08BRXK1JL,GUBERRY Womens Sleeveless Midi Floral A Line Wrap Dress Summer V Neck Sundress,2024-06,1,3.0,2024-06-01
B08BYD9LRY,VOBOOM Men Breathable Mesh Summer Hat Newsboy Beret Ivy Cap Cabbie Flat Cap,2024-08,1,5.0,2024-08-01
B08BYD9LRY,VOBOOM Men Breathable Mesh Summer Hat Newsboy Beret Ivy Cap Cabbie Flat Cap,2024-09,1,5.0,2024-09-01
B08BYD9LRY,VOBOOM Men Breathable Mesh Summer Hat Newsboy Beret Ivy Cap Cabbie Flat Cap,2025-07,1,5.0,2025-07-01
B08BYG9TF5,"Vivitulip Women's Short Sleeve T Shirts Summer Crew Neck Tops Casual Loose Tees with Pocket (Grey,XX-Large)",2024-02,1,3.0,2024-02-01
B08C4YCLTW,"RTBOFY imless Mirrored Lens One Piece Sunglasses UV400, No Color, Size No Size…",2024-03,1,5.0,2024-03-01
B08C7DZS13,Tie Dye Midi Dress - Casual Loose Short Sleeve Split Long Dress with Pockets Small Purple,2024-05,1,1.0,2024-05-01
B08C7HLCR8,COOLINKO Mulberry Cotton Polyester Spandex Face Covering Mask - Breathable Washable Reusable Fashion Mouth Muffle Guard Head Accessory (Gray),2023-10,1,2.0,2023-10-01
B08CBBP5QX,Veseacky Women Bath Wrap Towel for Shower with Pocket Adjustable Robe & Facial Headband S-3XL,2023-11,1,4.0,2023-11-01
B08CBBP5QX,Veseacky Women Bath Wrap Towel for Shower with Pocket Adjustable Robe & Facial Headband S-3XL,2025-05,1,3.0,2025-05-01
B08CCZK3FS,Diamond Star Tube Socks Men 6 Pairs Premium Cushion Cotton Over The Calf Athletic Knee High Socks For Men,2024-12,1,1.0,2024-12-01
B08CDMYWXF,"Mvefward Women High Waist Spandex Yoga Biker Shorts for Women Tummy Control Non See Through Workout Shorts (Black, XX-Large)",2023-10,1,5.0,2023-10-01
B08CDS41TV,"BUREI Zodiac Necklace for Women, 14K Gold Plated Scorpio Virgo Aquarius Leo Libra Pisces Aries Gemini Cancer Sagittarius Capricorn Taurus Necklace, Old English Taurus Gifts",2025-05,1,5.0,2025-05-01
B08CKKQ72R,Men Women Boys Dragon Hoodie Dragon Jacket Dragon Hoodies Dragon Hoodie Men Dragon Sweatshirt Dragon Sweatshirt Kids Dragon Hoodie for Boys Pullover Dragon Hoodie L,2025-02,1,1.0,2025-02-01
B08CQX51CC,"Alexander Del Rossa Long Hooded Fleece Blanket Robe, Poncho with Hood 3X-4X Burgundy (A0133BRG4X)",2025-02,1,3.0,2025-02-01
B08CR1D47K,NIMIN Women's Summer Casual Pants Drawstring Elastic Waist Pants Soft Loose Fit Solid Pants Beach Trousers with Pockets Khaki Medium,2023-10,1,5.0,2023-10-01
B08CR4NGMK,LYCKYY Women's Tie Dye Shirt Rainbow Graphic Casual Summer Good Vibes Tank Tops,2023-09,1,5.0,2023-09-01
B08CRS24RB,LouKeith Yoga Leggings for Women with Pockets Workout Compression Athletic Running High Waist Tummy Control Yoga Pants Blue XL,2023-10,1,5.0,2023-10-01
B08CSD6SSM,Meilidress Womens Casual Stretch Drawstring Jogger Pants High Waisted Workout Lounge Capri Pants with Pockets,2024-02,1,5.0,2024-02-01
B08CTZZQ37,MTSLYH Baby Girls Little Miss Sassy Pants Ruffled Romper+Sunflower Pant+Headband Outfit,2023-11,1,5.0,2023-11-01
B08CVQ8Q16,"Cooling Neck Gaiter Black, Hissox Summer Ice Silk Face Mask UV Dust Proof Scarf Head Cover Wrap for Men Women Cycling Motorcycling Walking Fishing Bandana Balaclava Sweat Headband 1 Pcs Black",2024-04,1,5.0,2024-04-01
B08CVR73HF,"Neck Gaiter Mask Summer, Hissox Ear Loops Ice Silk Scarf Gaiters Adults Breathable Sun Protection Dust Proof Headband Fishing Mask Versatile Headwrap for Men Women 1 Pcs Heather Grey",2023-11,1,5.0,2023-11-01
B08CVV15BD,CELESTIAL SILK Face Mask Reusable 100% Mulberry Silk Face Covering Men & Women,2024-11,1,5.0,2024-11-01
B08CW59P9V,Japanese Halloween Mask Resin Mask Half Face Skull Scary Mask Cosplay Decorative,2024-12,1,5.0,2024-12-01
B08CW59P9V,Japanese Halloween Mask Resin Mask Half Face Skull Scary Mask Cosplay Decorative,2025-02,1,5.0,2025-02-01
B08CW59P9V,Japanese Halloween Mask Resin Mask Half Face Skull Scary Mask Cosplay Decorative,2025-11,1,3.0,2025-11-01
B08CWMNHTM,"Koloa Surf Triangulated Palm T-Shirts, Lightweight Version of Our Classic Tee",2026-02,1,2.0,2026-02-01
B08CWNRWB3,LOS OJOS Yoga Pants for Women – High Waist Tummy Control Workout Leggings with Pockets Heathered Grey,2024-05,1,5.0,2024-05-01
B08CX4VXV7,"Gloria Vanderbilt Women's Amanda Basic Jean Short, Coral Pink, 14",2023-10,1,5.0,2023-10-01
B08CX4VXV7,"Gloria Vanderbilt Women's Amanda Basic Jean Short, Coral Pink, 14",2024-06,1,5.0,2024-06-01
B08CX4VXV7,"Gloria Vanderbilt Women's Amanda Basic Jean Short, Coral Pink, 14",2024-09,1,5.0,2024-09-01
B08CX4VXV7,"Gloria Vanderbilt Women's Amanda Basic Jean Short, Coral Pink, 14",2024-11,2,5.0,2024-11-01
B08CZCSL4X,"ATHVOTAR High Waisted Leggings for Women, Soft Tummy Control Leggings for Workout Yoga Running 2 Pack Black/Black L",2024-01,1,4.0,2024-01-01
B08CZMF5L2,Keyli Women Handbags Faux Leather Hobo Shoulder Bag Fashion Tote Satchel Bags 2pcs Purse Set,2024-08,1,3.0,2024-08-01
B08CZPN2Z6,Uoiuxc Women's Hooded Winter Coat Warm Fleeced Lined Parka Long Jackets,2025-11,1,1.0,2025-11-01
B08CZPN2Z6,Uoiuxc Women's Hooded Winter Coat Warm Fleeced Lined Parka Long Jackets,2026-03,1,4.0,2026-03-01
B08CZQ75DV,QOQ Women's Seamless Leggings High Waist Gym Running Vital Yoga Pants Butt Lift Workout Tights Tummy Control,2024-01,1,1.0,2024-01-01
B08CZQ75DV,QOQ Women's Seamless Leggings High Waist Gym Running Vital Yoga Pants Butt Lift Workout Tights Tummy Control,2024-02,1,1.0,2024-02-01
B08CZQ75DV,QOQ Women's Seamless Leggings High Waist Gym Running Vital Yoga Pants Butt Lift Workout Tights Tummy Control,2024-04,1,5.0,2024-04-01
B08CZQ75DV,QOQ Women's Seamless Leggings High Waist Gym Running Vital Yoga Pants Butt Lift Workout Tights Tummy Control,2025-03,1,2.0,2025-03-01
B08D2Z9XM8,"Sonoma Lavender Spa Booties, Microwavable Heated Slippers, Luxury Herbal Booties, Herbal Aromatherapy Foot Warmer",2017-03,1,5.0,2017-03-01
B08D65V1V1,Marvel Avengers Team Blend Boxes Adult Men's Graphic T-Shirt,2024-08,1,5.0,2024-08-01
B08D65V1V1,Marvel Avengers Team Blend Boxes Adult Men's Graphic T-Shirt,2025-08,1,5.0,2025-08-01
B08D65V1V1,Marvel Avengers Team Blend Boxes Adult Men's Graphic T-Shirt,2026-01,1,5.0,2026-01-01
B08D79HV4F,SALSPOR Biker Shorts for Women High Waist with Pockets Mesh Long Pack Yoga Shorts Tummy Control,2024-07,1,5.0,2024-07-01
B08D88TTPN,MACHLAB Men's Thermal Fleece Jogger Pants Sherpa Lined Sweatpants Winter Warm Thick Track Pants,2024-02,1,5.0,2024-02-01
B08D88TTPN,MACHLAB Men's Thermal Fleece Jogger Pants Sherpa Lined Sweatpants Winter Warm Thick Track Pants,2026-01,1,3.0,2026-01-01
B08D9L46P1,"JP Karate Gi with Belt - Polyester Cotton Blend, Light Weight, Judo Taekwondo Suit Uniform Kit for Kids, Men & Women- Refer Size Chart White",2024-09,1,1.0,2024-09-01
B08DCS3YRY,Yobecho Womens Loose Long Sleeve Round Neck Tie Dye Oversized Sweater Pullover Sweatshirts Tunic Tops Green,2024-04,1,1.0,2024-04-01
B08DHHYWLX,Loudmouth Golf Pink Leopard StretchTech Men's Short,2024-06,1,5.0,2024-06-01
B08DN3JR8M,"Eddie Bauer Kids' Jacket – Ultralight Weather Resistant Insulated Quilted Puffer Coat for Boys and Girls (3-16), Size 14, Grey",2024-02,1,5.0,2024-02-01
B08DNCDNT4,festooning Boys Moccasin Slippers Slip-On Memory Foam House Shoes Indoor Outdoor Slipper for Kids Beige 4 M US,2023-12,1,5.0,2023-12-01
B08DNNMNGF,AIMPACT Mens Running Athletic Shorts Sports 3 inch Mesh Booty Short Shorts for Men Sexy(Black L(XXXL)),2024-07,1,4.0,2024-07-01
B08DNY4JFS,"9 Pieces Kids Wave Durag Caps Wide Strap Headwraps Long Tail Turban Beanies for Boys Girls Favors, 9 Colors Multicoloured",2025-11,1,5.0,2025-11-01
B08DQNB9J8,"Marycrafts Women's Pull On Stretchy Straight Leg Yoga Dress Pants (8, Black)",2024-07,1,5.0,2024-07-01
B08DR2FMHT,HILEELANG Kids Boy Girl Pants Jogger Drawstring 2-Pack Chino Cargo Pant Cotton Casual Fleece Sweatpants Pants,2024-02,2,5.0,2024-02-01
B08DR2FMHT,HILEELANG Kids Boy Girl Pants Jogger Drawstring 2-Pack Chino Cargo Pant Cotton Casual Fleece Sweatpants Pants,2025-01,1,5.0,2025-01-01
B08DRG76NQ,Unisex Washable Cloth Face Madks Reusable Breathable 2 Layer Adjustable Earloops for Outdoor Activities Purple,2023-09,1,5.0,2023-09-01
B08DRHP41Z,fitglam Women's Comfy Harem Pants High Waisted Tummy Control Lounge Joggers with Pockets Black,2023-11,1,5.0,2023-11-01
B08DRRNHGB,Inosuke Hashibira Mask DS Helmet Boar Cosplay Costume Accessories Full Head Anime Prop Animal Plush,2025-10,1,5.0,2025-10-01
B08DRY5MVM,Ridge Women's Heated Hoodie - 10 hrs of Heat | with Battery & Charger | Machine Washable,2025-05,1,1.0,2025-05-01
B08DTZWDR4,YEASHEER Neck Gaiter Tube Scarf Face Cover Balaclava/Bandanas for Womens Mens Teens,2024-05,1,5.0,2024-05-01
B08DVFGYFT,Maketina Women Short Sleeve Pocket Casual Long Dress Side Split Loose Beach Maxi Dress Tie Dye-7 XXL,2024-02,1,3.0,2024-02-01
B08F185Q57,GloFX Wormhole Kaleidoscope Goggles - Festival Rave Costume Cosplay Prism EDM 3D Welding Gothic Goggles,2020-11,1,5.0,2020-11-01
B08F1T53FF,"AordKing 5 PACK Scrunchie Watch Band with Versa/ Versa 2 / Versa Lite, 23mm Compatible Cute Elastic Wristbands Strap Replacement for Women Girls",2024-04,1,4.0,2024-04-01
B08F1V3KB9,Oalka Women's Joggers High Waist Yoga Pockets Sweatpants Sport Workout Pants,2023-10,2,3.5,2023-10-01
B08F1V3KB9,Oalka Women's Joggers High Waist Yoga Pockets Sweatpants Sport Workout Pants,2023-11,1,5.0,2023-11-01
B08F1V3KB9,Oalka Women's Joggers High Waist Yoga Pockets Sweatpants Sport Workout Pants,2024-02,1,5.0,2024-02-01
B08F1V3KB9,Oalka Women's Joggers High Waist Yoga Pockets Sweatpants Sport Workout Pants,2024-03,1,5.0,2024-03-01
B08F1V3KB9,Oalka Women's Joggers High Waist Yoga Pockets Sweatpants Sport Workout Pants,2024-06,1,5.0,2024-06-01
B08F1V3KB9,Oalka Women's Joggers High Waist Yoga Pockets Sweatpants Sport Workout Pants,2024-12,2,5.0,2024-12-01
B08F1V3KB9,Oalka Women's Joggers High Waist Yoga Pockets Sweatpants Sport Workout Pants,2025-02,1,5.0,2025-02-01
B08F1V3KB9,Oalka Women's Joggers High Waist Yoga Pockets Sweatpants Sport Workout Pants,2025-03,1,5.0,2025-03-01
B08F1V3KB9,Oalka Women's Joggers High Waist Yoga Pockets Sweatpants Sport Workout Pants,2025-06,1,5.0,2025-06-01
B08F1V3KB9,Oalka Women's Joggers High Waist Yoga Pockets Sweatpants Sport Workout Pants,2025-10,1,5.0,2025-10-01
B08F1V3KB9,Oalka Women's Joggers High Waist Yoga Pockets Sweatpants Sport Workout Pants,2025-11,1,5.0,2025-11-01
B08F1V3KB9,Oalka Women's Joggers High Waist Yoga Pockets Sweatpants Sport Workout Pants,2026-02,2,5.0,2026-02-01
B08F1V3KB9,Oalka Women's Joggers High Waist Yoga Pockets Sweatpants Sport Workout Pants,2026-03,1,5.0,2026-03-01
B08F1ZBVDX,Sunflower Face Mask With Adjustable Earloop For Men And Women,2023-11,1,2.0,2023-11-01
B08F2CCS3M,"6 Pack Neck Gaiter Sun Protection Face Cover, Reusable Half Mask Scarf Cooling Neck Gaiter Fishing Balaclava for Men Women",2024-03,1,5.0,2024-03-01
B08F2N2WPC,Cuihur Women's Casual Summer Round Neck Short Sleeve Tunic Dress Plain Simple Swing Loose Fit T-Shirt Dress SkyBlue M,2024-06,1,5.0,2024-06-01
B08F379ZPS,"Duyang Women's Winter Warm Sherpa Lined Sweatpants Active Running Jogger Pants (S2 Black, L)",2024-01,1,1.0,2024-01-01
B08F4FY6BG,Boho Beaded Choker Necklace with Smiley Beaded for Women and Girls - Handmade Colorful Beaded Choker Necklace Summer Beach Party Jewelry,2024-08,1,2.0,2024-08-01
B08F54266S,Rocorose Women's Shorts Tummy Control High Waist Butt Lifting Workout Biker Yoga Shorts with Side Pockets,2024-07,1,4.0,2024-07-01
B08F5LBXD1,"JoyRing Tie Back Working Caps with 4 Button and Sweatband,Adjustable Bouffant Hats for Women Men,One Size Fits All(4 Pack)",2024-02,1,5.0,2024-02-01
B08F7XVHQJ,Euroscarves Cotton Balaclava Face Cover Deutschland Germany (Scotland),2023-10,1,5.0,2023-10-01
B08F9PHBYD,"12pcs Unisex Adult Cotton Face Covering, Solid Color Double Layer Earloop Soft Face Scarf, Washable Sand Exhaust Sunscreen Face Protection for Men and Women In America (Orange)",2024-06,1,5.0,2024-06-01
B08F9ZJ7JJ,Florsheim Kids Boy's Curb Elastic Lace Jr. (Toddler/Little Kid/Big Kid),2021-11,1,4.0,2021-11-01
B08FC215WP,"Batetel Comfortable Short Sleeves, Micro - Elastic Durable Fashion Trend T-Shirt Medium",2024-11,1,5.0,2024-11-01
B08FCGKF3G,Ocean Blues Women's High Waisted Yoga Leggings with Side Pockets Tummy Control Stretch Leggings,2023-11,2,4.5,2023-11-01
B08FCGKF3G,Ocean Blues Women's High Waisted Yoga Leggings with Side Pockets Tummy Control Stretch Leggings,2025-09,1,3.0,2025-09-01
B08FMQYY3L,"Elastic Band Compatible for Apple Watch, Scrunchie Stretch Wristbands Replacement Bracelet Loop Sport Strap for iWatch Series 1 2 3 4 5, Men Women Girls, Grey, 38/40mm, S",2024-01,1,3.0,2024-01-01
B08FRCZGCC,"La-dy Cloth And The Face Tr-amp Face Cover Washable Face Mouth Outdoor Comfy Cloth Face Cover,Black,Medium",2024-05,1,5.0,2024-05-01
B08FRMQMCN,"Read Optics 3.0 Reading Glasses Blue, Non Prescription Specs, Stylish Fashion Eyeglasses for Women Men, 2 Pairs from",2024-07,1,5.0,2024-07-01
B08FSPNBGV,MYMORE Women's Tie Dye Fuzzy Color Block Sherpa Hoodie,2023-12,1,5.0,2023-12-01
B08FYNZY16,"TOPGOMES Baby Bibs, Comfortable Soft Adjustable Fit Waterproof Bibs with BPA Free Silicone, Set of 2 Colors (Sage/Ether)",2023-12,1,4.0,2023-12-01
B08FZ5RFSV,4 Pieces Stain Silk Sleeping Cap Bonnet Turban Elastic Wide Band Sleep Cap Knotted Hair Bonnet Night Hair Cover for Women,2023-12,1,2.0,2023-12-01
B08G14DNB5,Misassy Women's Oversized Cowl Turtleneck Long Batwing Sleeve Loose Knit Sweater Pullover Jumper Tops,2024-08,1,4.0,2024-08-01
B08G1HQXTM,Contrast Long Sleeve Pullover Blend Fleece Hoodie Active Sweatshirt with Pocket for Men & Women Grey XL,2024-01,1,5.0,2024-01-01
B08G1HRKHV,"3PCS Reusable Protective Fashion Butterfly Face Mask with 6PCS Filter, Unisex Washable Cloth 3D Printing Face Mask with Nose Wire for Adults Dust Outdoor (Butterfly)",2023-10,1,3.0,2023-10-01
B08G3PXW15,"WinCraft Anaheim Ducks Throwback Officially Licensed Lanyard 1""",2025-02,1,5.0,2025-02-01
B08G4D81WY,Ohvera Women's Casual Loose Pants Trousers with Drawstring Pockets Black Large,2023-10,1,2.0,2023-10-01
B08G4GSZ5S,Myiaur Night Driving Glasses for women Anti Glare Polarized - HD Night Vision Glasses for Driving Rainy (Yellow Tortoise Frame/Yellow Lens),2023-10,1,4.0,2023-10-01
B08G4H8JLZ,Sweatshirts for Women Crewneck Fashion Womans Tops Fall Long Sleeve Shirts Cute L,2023-12,1,5.0,2023-12-01
B08G8MZFB9,WFEANG Fashion Cat Eye Blue Light Glasses for Women Anti-eyestrain Gaming Glasses with Diamond Cut Geometric Large Frame,2023-11,1,5.0,2023-11-01
B08G9MQWN9,"Kids Reusable Face_Mask with Lanyard, Dinosaur Holloween Christmas Pattern Washable Cotton Face Bandanas for Children",2023-11,1,1.0,2023-11-01
B08GC9RS4T,Bepei Womens Long Sleeve 1/4 Zip Pullover Sweatshirt Color Block Top with Pocket Black Brown,2023-12,1,5.0,2023-12-01
B08GCWFKJ6,Kari Traa Smekker Long Sleeve Women's Baselayer Top - 100% Merino Wool Fitted Knit Thermal Shirt,2025-12,1,5.0,2025-12-01
B08GCYQRW8,MOQIVGI Womens Raglan Sleeve Workout Gym Yoga Running Shirts Fashion Casual Ruched Tops,2025-06,1,5.0,2025-06-01
B08GJ4BZL8,"toesox Bellarina Half Toe Multi Pack - Grip Non-Slip Toe Socks for Pilates, Barre, Yoga, Ballet",2025-10,1,5.0,2025-10-01
B08GK3Z2XQ,"TICONN Neck Gaiter (2 Pack), Face Cover Scarf, Summer Cool Breathable Lightweight, Ideal for Fishing Hiking Running Cycling (Heather Purple, 2)",2024-02,1,2.0,2024-02-01
B08GKKVMG9,slimour Modest Skirts with Leggings Capri with Skirt Attached for Women Golf Skirted Leggings Active Skirts with Leggings,2024-05,1,3.0,2024-05-01
B08GKKVMG9,slimour Modest Skirts with Leggings Capri with Skirt Attached for Women Golf Skirted Leggings Active Skirts with Leggings,2024-08,1,2.0,2024-08-01
B08GKKVMG9,slimour Modest Skirts with Leggings Capri with Skirt Attached for Women Golf Skirted Leggings Active Skirts with Leggings,2024-09,1,5.0,2024-09-01
B08GKKVMG9,slimour Modest Skirts with Leggings Capri with Skirt Attached for Women Golf Skirted Leggings Active Skirts with Leggings,2025-06,1,5.0,2025-06-01
B08GKKVMG9,slimour Modest Skirts with Leggings Capri with Skirt Attached for Women Golf Skirted Leggings Active Skirts with Leggings,2025-08,1,4.0,2025-08-01
B08GKQ76XR,"Cheshire Cat Face C-over Reusable Mouth C-over Cloth Face Shield Anti Dust Windproof, Breathable Unisex Cotton Face C-over for Home Office Work Outdoors Face Protection- We are mad here",2024-03,1,5.0,2024-03-01
B08GKSB43Z,"ZAFUL Women's Long Sleeve Crew Neck Tie Dye Graphic Crop Top Pullover Sweatshirt (A-Black, L)",2023-12,1,2.0,2023-12-01
B08GLM12YZ,Twotwowin Women’s V Neck T Shirts Waffle Knit Casual Long Sleeve Cotton Tops Blouse,2024-07,1,1.0,2024-07-01
B08GP2Y2P6,"SSLR Mens Floral Printed Casual Pants Regular Fit Hawaiian Pants for Men (32W x 32L, Green)",2024-11,1,5.0,2024-11-01
B08GPZL157,HOMELEX Head Wraps Turbans Stretch Jersey Knit Headwraps Wrap Turban Scarf Tie for Women,2023-01,1,5.0,2023-01-01
B08GPZL157,HOMELEX Head Wraps Turbans Stretch Jersey Knit Headwraps Wrap Turban Scarf Tie for Women,2023-08,1,5.0,2023-08-01
B08GPZL157,HOMELEX Head Wraps Turbans Stretch Jersey Knit Headwraps Wrap Turban Scarf Tie for Women,2023-11,1,4.0,2023-11-01
B08GPZL157,HOMELEX Head Wraps Turbans Stretch Jersey Knit Headwraps Wrap Turban Scarf Tie for Women,2024-04,2,5.0,2024-04-01
B08GPZL157,HOMELEX Head Wraps Turbans Stretch Jersey Knit Headwraps Wrap Turban Scarf Tie for Women,2024-09,1,5.0,2024-09-01
B08GPZL157,HOMELEX Head Wraps Turbans Stretch Jersey Knit Headwraps Wrap Turban Scarf Tie for Women,2024-12,1,5.0,2024-12-01
B08GSN3MP7,"Cngstar Candy Jelly Color Gummy Bear Drop Earrings Creative Dangle Earrings for Women Girls,Pink#",2024-05,1,3.0,2024-05-01
B08GWYLQKS,"Birthday 2020 The One Where Im Quarantined Tv Show Shirt Social Distancing Graphic Tees Tops Blouse (Green, S)",2024-02,1,5.0,2024-02-01
B08GX31LN8,sisiyer Women's Tie Dye Long Sleeve Color Block Pullover Sweatshirt Gray XL,2024-01,1,5.0,2024-01-01
B08H1Q974Z,YGOODM Womens High Waist Print Yoga Pants Plus Size with Hidden Waistband Pocket Non-See-Through Workout Capri Leggings,2023-12,1,3.0,2023-12-01
B08H41PP8B,"Teenage Mutant Ninja Turtles TMNT Socks (L-XL, Teenage Mutant Ninja Turtles - Krang)",2023-12,1,4.0,2023-12-01
B08H54RG1C,500pcs Black Button Plastic Buckle Fit Flat Shoes Charm for Factory DIY Adapts,2024-06,1,5.0,2024-06-01
B08HCNNFF8,IOJBKI womens Slim,2024-02,1,1.0,2024-02-01
B08HCTM4XD,"Biucly Women's Fashion Long Sleeve Casual Sweatshirt Christmas Reindeer Print Gradient Top Color Block Crewneck Pullover Blouses Shirt Tops,US 16-18(XL),Green",2024-02,1,4.0,2024-02-01
B08HGT9R7M,"Amelery Mother in Law Gifts from Daughter in Law,Mother in Law Gifts from Son in Low,Sterling Silver Circle Necklace for Women Wedding Jewelry",2023-10,1,5.0,2023-10-01
B08HH2KRYJ,Fanfly Cactus Shirt Sunflower Cute Graphic T-Shirt Women Short Sleeve Flower Print Summer Casual Blouse Tee,2024-09,1,5.0,2024-09-01
B08HM3Y85H,"QBA Adjustable Working Cap with Button, Cotton Working Hat Sweatband, Elastic Bandage Tie Back Hats for Women & Men, One Size",2023-10,3,5.0,2023-10-01
B08HM3Y85H,"QBA Adjustable Working Cap with Button, Cotton Working Hat Sweatband, Elastic Bandage Tie Back Hats for Women & Men, One Size",2023-11,2,5.0,2023-11-01
B08HM3Y85H,"QBA Adjustable Working Cap with Button, Cotton Working Hat Sweatband, Elastic Bandage Tie Back Hats for Women & Men, One Size",2023-12,2,5.0,2023-12-01
B08HM3Y85H,"QBA Adjustable Working Cap with Button, Cotton Working Hat Sweatband, Elastic Bandage Tie Back Hats for Women & Men, One Size",2024-01,1,5.0,2024-01-01
B08HM3Y85H,"QBA Adjustable Working Cap with Button, Cotton Working Hat Sweatband, Elastic Bandage Tie Back Hats for Women & Men, One Size",2024-02,1,5.0,2024-02-01
B08HM3Y85H,"QBA Adjustable Working Cap with Button, Cotton Working Hat Sweatband, Elastic Bandage Tie Back Hats for Women & Men, One Size",2024-10,1,1.0,2024-10-01
B08HM3Y85H,"QBA Adjustable Working Cap with Button, Cotton Working Hat Sweatband, Elastic Bandage Tie Back Hats for Women & Men, One Size",2025-08,1,5.0,2025-08-01
B08HN8SG1V,"Topee Womens Nightgowns Cotton,Sleepwear for Women Long Sleeve V neck Loose Comfy Nightdress Loungewear (Black, M)",2024-05,1,5.0,2024-05-01
B08HSZKKCH,"Leather Bands Compatible with Fitbit Charge 4 Bands for Women Men, Classic Replacement Genuine Leather Bands Metal Connectors for Fitbit Charge 3 (Black)",2024-09,1,4.0,2024-09-01
B08HW18S5P,"Con.Struct x Best Friends Face Mask, Bandana Face Mask Washable Unisex Cotton Cloth Face Mask & Bandana (Blue Scattered Paws)",2025-04,1,5.0,2025-04-01
B08HYZJS8N,VEICOSTT Ribbon Scarf for Women Long Skinny Satin Belt Sash Necktie Neck Scarf Polka Scarf ZWJ05,2024-07,1,4.0,2024-07-01
B08HZ19SQR,20 Pairs Mens Crew Socks Pack Ankle Mulitpack Casual Cotton Sox White Black M,2024-01,1,5.0,2024-01-01
B08HZ4CY4W,Eduavar Hoodies for Women Teen Girls Cute Graphic Printed Long Sleeve Drawstring Pullover Sweatshirt Casual Hoodie Tops,2025-02,1,3.0,2025-02-01
B08J26DVFL,Acupress Hematite Magnetic Stone Nacklace Therapy Healing Jewelry in Multi Styles,2020-09,1,4.0,2020-09-01
B08J26DVFL,Acupress Hematite Magnetic Stone Nacklace Therapy Healing Jewelry in Multi Styles,2020-10,1,1.0,2020-10-01
B08J29KDBR,"Sockmate Kid's 3D Crew Cotton Socks-Baby Shark, Penguin, Alligator, Fox Animal Sock Packs for Toddler, Girls, Boys/Ages 1-11",2023-11,1,5.0,2023-11-01
B08J7JFYX8,Kidsform Women's Long Sleeve Hoodie Loose Casual Pockets Pullover Winter Tunic Sweatshirt Dress,2025-04,1,1.0,2025-04-01
B08J7YKZB5,LED Light Up Mandalorian Helmet Colorful Glowing Latex Full Mask Deluxe Helmet Cosplay Props Adult Silver,2024-09,1,2.0,2024-09-01
B08JBS1J6P,WINTERSUNNY Dead The Nightmare Before Christmas Adjustable Waterproof Bib Jack and Sally Nightmare Before Christmas Apron Unisex Custom Cooking and Polyester Bib BBQ Aprons,2024-02,1,5.0,2024-02-01
B08JC8WKDP,"Hicomlor Compression-Socks for Women&Men Circulation,20-30mmHg Support for Atheltic Running Nursing Flight Travel Pregnancy 2Pairs",2024-03,1,4.0,2024-03-01
B08JCDQRLQ,"Milacolato 18K Gold Plated 925 Sterling Silver Hypoallergenic Dangle Hoop Earrings for Women Small Cute CZ Huggie Butterfly Earrings, Silver",2024-02,1,4.0,2024-02-01
B08JCQJ85D,"NAVINS 2 Pack Boy's Long Sleeve Humor Simple Graphic Tee Shirt Casual Pullover Tops for 4-14T Kids (Black HX+Navy SD, 10Y, 01)",2024-02,1,4.0,2024-02-01
B08JCT8L55,Boys Dress Shoes School Uniform Kids lace-up Classic Oxford Chukka Boots Toddler Hook-and-Loop Comfortable Loafer Black US 1,2024-06,1,5.0,2024-06-01
B08JFZVZ8G,"Hicomlor Compression-Socks for Women&Men Circulation,20-30mmHg Support for Atheltic Running Nursing Flight Travel Pregnancy 2Pairs",2024-02,1,1.0,2024-02-01
B08JFZVZ8G,"Hicomlor Compression-Socks for Women&Men Circulation,20-30mmHg Support for Atheltic Running Nursing Flight Travel Pregnancy 2Pairs",2024-03,1,4.0,2024-03-01
B08JGDRVHL,"Leadtex Women's 1920s Fringed Flapper Dresses Costume Dress with Feather Headband,Beaded Necklace Black 8-10",2025-10,1,5.0,2025-10-01
B08JGDRVHL,"Leadtex Women's 1920s Fringed Flapper Dresses Costume Dress with Feather Headband,Beaded Necklace Black 8-10",2025-11,1,5.0,2025-11-01
B08JGDRVHL,"Leadtex Women's 1920s Fringed Flapper Dresses Costume Dress with Feather Headband,Beaded Necklace Black 8-10",2025-12,1,5.0,2025-12-01
B08JGDRVHL,"Leadtex Women's 1920s Fringed Flapper Dresses Costume Dress with Feather Headband,Beaded Necklace Black 8-10",2026-04,1,2.0,2026-04-01
B08JGNS1NK,NewPlush Unisex Children Unicorn Pyjamas Halloween Kids Onesie Costume,2023-07,1,5.0,2023-07-01
B08JH3LYMN,Abbraccia Men's Belt Buckleless PU Leather Adjustable Replacement Strap,2024-10,1,4.0,2024-10-01
B08JPJ9RLC,OGEENIER Women's Fleece Lined Leggings Thermal Winter Leggings with Pockets High Waist Tummy Control Warm Yoga Pants,2024-08,1,5.0,2024-08-01
B08JQ4N5PK,Magnetic Couple Bracelets Mutual Attraction Bracelets Rope Braided Matching Bracelets for Lovers Boyfriend Girlfriend Distance Bracelet Mothers Day Valentine's Day Gifts,2023-12,1,5.0,2023-12-01
B08JRWY1SM,Nike Women's Basketball Shoes,2024-04,1,4.0,2024-04-01
B08JSHZK9J,No Show Liner Socks for Women Copper Infused Non-slip Moisture Absorption 3 or 6 Pack,2022-08,1,5.0,2022-08-01
B08JTPQNYQ,"AVOD Nylon Watch Bands Compatible with Fitbit Charge 4/Charge 3/SE, Soft Replacement Wristband Breathable Sport Strap with Band for Women Men",2024-03,1,5.0,2024-03-01
B08JTPQNYQ,"AVOD Nylon Watch Bands Compatible with Fitbit Charge 4/Charge 3/SE, Soft Replacement Wristband Breathable Sport Strap with Band for Women Men",2024-04,2,4.5,2024-04-01
B08JTPQNYQ,"AVOD Nylon Watch Bands Compatible with Fitbit Charge 4/Charge 3/SE, Soft Replacement Wristband Breathable Sport Strap with Band for Women Men",2024-05,2,5.0,2024-05-01
B08JTPQNYQ,"AVOD Nylon Watch Bands Compatible with Fitbit Charge 4/Charge 3/SE, Soft Replacement Wristband Breathable Sport Strap with Band for Women Men",2024-09,1,5.0,2024-09-01
B08JTPQNYQ,"AVOD Nylon Watch Bands Compatible with Fitbit Charge 4/Charge 3/SE, Soft Replacement Wristband Breathable Sport Strap with Band for Women Men",2025-09,1,5.0,2025-09-01
B08JTPQNYQ,"AVOD Nylon Watch Bands Compatible with Fitbit Charge 4/Charge 3/SE, Soft Replacement Wristband Breathable Sport Strap with Band for Women Men",2025-10,1,4.0,2025-10-01
B08JTPQNYQ,"AVOD Nylon Watch Bands Compatible with Fitbit Charge 4/Charge 3/SE, Soft Replacement Wristband Breathable Sport Strap with Band for Women Men",2026-03,1,5.0,2026-03-01
B08JV19KKJ,Paisley Fabric Face Mask Cover Cloth Cute Adjustable Facemask Reusable Washable Red Pink Black Grey Fancy Adult for Women Fashion Fashionable Comfortable Lightweight Cotton Mouth Washable Fancy Pretty,2024-06,1,5.0,2024-06-01
B08K2MG1DT,ONTTNO Men's Casual Jogger Sweatpants Basic Jogger Pant Elastic Waist,2024-09,2,1.0,2024-09-01
B08K3KZX3T,"RGK 2-Pack + Teacher Voucher Breathable-Reusable Adult Safety Covering | Two Layer + 2 Insertable PM2.5 Filters for Extra Protection | Adjustable, Washable | Men, Women, & Teens (Dark Red Camo)",2024-01,1,4.0,2024-01-01
B08K4LPW8S,PAGE ONE Womens Knit Beanie Hat Warm Chunky Soft Cable Fuzzy Lined Skully Beanie Skull Cap 2 Packs,2024-01,1,1.0,2024-01-01
B08K7GGV8D,20 Pairs Christmas Faux Leather Drop Earrings Teardrop Dangle Earrings Christmas Tree Snowman Plaid Dangle Earrings for Women Girls Party Favor,2024-03,1,5.0,2024-03-01
B08K8CV3GT,"luxilooks Womens Long Sleeve V Neck Casual Soft Night Dress Nightgown Loungewear (Grey with Navy Blue,XX-Large)",2025-02,1,5.0,2025-02-01
B08K8CZSVF,"luxilooks Womens Plus Size Long Nightgowns V-Neck Long Sleeves Night Dress Nightgown Loungewear(Light Grey,XX-Large)",2025-08,1,4.0,2025-08-01
B08K8GS11S,"MAXTOP Women's Indoor Slippers,Comfort and Arch Support Non-Slip Home Shoes with Memory Foam,Size 5 6 Green for Women Mom",2024-01,1,4.0,2024-01-01
B08K8MM19T,LOLLO VITA Womens 3/4 Stripe Sleeve Nightgowns & Sleepshirts Knee Length Pajamas for Sleeping Soft Slim Sleepwear,2024-02,1,1.0,2024-02-01
B08K9314SL,"Cngstar Drop Earring Diamond Colored Gemstone Dangle Chandelier Earrings for Women,Black",2025-05,1,5.0,2025-05-01
B08KC1BSDF,Heat Wave Visual XL Vise Z87 Sunglasses,2024-09,1,5.0,2024-09-01
B08KDKY2RB,Lars Amadeus Men's Tees Summer Regular Fit Color Block Striped Short Sleeve Golf Polo Shirts XX-Large White Green Gray,2024-05,1,4.0,2024-05-01
B08KDXXV2P,AGFAN Women Long Nightgown Short Sleeve Sleepwear Soft Loungewear Nightshirt Sleep Dress with Pockets Green M,2024-06,1,5.0,2024-06-01
B08KG6GL27,"1st Birthday Crown Hat for Baby - First Birthday Party Decor for Baby Show,Birthday Crown Cap for Baby (PINK)",2024-04,1,5.0,2024-04-01
B08KG77DGW,"Dragon Fit Joggers for Women Active Tapered Lounge Pants with Pockets Drawstring Workout Pants for Yoga, Running,Fitness (Medium, Black&Grey Camo(Fleece Lined))",2025-04,1,5.0,2025-04-01
B08KQB5J14,AROGONE Womens Striped Halter Push Up Padded Twist Bandeau Bikini Set Swimsuit 2 Piece Bathing Suit Medium Yellow,2024-07,1,3.0,2024-07-01
B08KSTZWSK,"GETNOIVAS Vintage Tiaras and Crowns for Women, Wedding Tiara for Bride, Birthday Costume Pageant Prom Hair Accessories for Women",2024-08,1,2.0,2024-08-01
B08KWG355G,ADOME Women's Shorts Pajama Set Short Sleeve Sleepwear Womens Nightwear Soft Pj Lounge Sets Misty Rose XX-Large,2024-02,1,4.0,2024-02-01
B08KWLNQVS,"TICONN Neck Gaiter (2 Pack), Outdoor Breathable Face Cover, Ideal for Hiking Running Cycling Motorcycle Ski Snowboard (Patriotic Gray, 2)",2024-02,1,5.0,2024-02-01
B08KXH42H9,BALEAF Women's Turtleneck Thermal Shirts Underwear Slim Fit Long Sleeve Stretchy Tops Winter Base Layer Green Size XXL,2024-01,1,4.0,2024-01-01
B08KXWKJ3Y,YIKUSO Women Casual Long Sleeve Dresses Empire Waist Loose Dress with Pockets Lavender,2023-12,1,4.0,2023-12-01
B08KXX6TL4,WILLOWBIRD Wavy Sterling Silver Open Hoop Earrings for Women,2024-09,1,5.0,2024-09-01
B08KY13Z25,"Youther Compatible with Apple Watch Band 44mm, 42mm, 41mm, 40mm, 38mm, Nylon iWatch Bands with Replacement Strap Durable Adapters for Apple Watch Series 7/6/5/4/3/2/1/SE",2024-06,1,3.0,2024-06-01
B08KY2544Y,"Yoga Pants for Women,High Waist Yoga Pants with Pockets, Tummy Control Workout Running Pants 4 Way Stretch Yoga Leggings(Black, XXL)",2024-08,1,5.0,2024-08-01
B08KZSFCZK,fitglam Women's Comfy Harem Pants High Waisted Tummy Control Lounge Joggers with Pockets Heather Gray,2024-03,1,5.0,2024-03-01
B08L12PKHW,3 Pairs Winter Leather Gloves for Women Fleece Lined Warm Gloves Touchscreen Gloves,2025-06,1,1.0,2025-06-01
B08L16CLV4,Jack Cactus Beanie Travis Scott Embroidery Knitted Beanie Hat White Skull Beanie Warm Winter Unisex Ski Hip Hop Hat,2024-01,1,5.0,2024-01-01
B08L29ZBM3,"Zmart Funny Socks Silly Socks Crazy Socks for Women, Gifts for Teachers Book Lovers",2022-01,1,5.0,2022-01-01
B08L29ZBM3,"Zmart Funny Socks Silly Socks Crazy Socks for Women, Gifts for Teachers Book Lovers",2024-02,1,5.0,2024-02-01
B08L3PCG51,"Women's Notch Lapel Long Sleeve a Line Pea Coat with Self Tie Belt (X-Large, Red-1)",2023-12,1,5.0,2023-12-01
B08L4T1JBQ,Esobo Women's Fleece Long Sweatshirt Dress Off Shoulder Pullover Casual Long Sleeve Bodycon Mini Sweater Dress,2024-03,1,1.0,2024-03-01
B08L553FCR,Womens Long Sleeve Polo Shirt Button Down Collared Top Ribbed Knit Pullover Tees Grey,2024-01,1,1.0,2024-01-01
B08L5F4CVQ,Rose Quartz Pendant Necklace Pink Crystal Teardrop Chain Natural Gemstone Healing Chakra Opal Stone Jewelry for Women Girls (Rose Gold C),2023-12,1,5.0,2023-12-01
B08L5JXQNY,Gioberti Boys Track Jogger Athletic Pants - with Zip Bottom,2024-05,1,5.0,2024-05-01
B08L5JXQNY,Gioberti Boys Track Jogger Athletic Pants - with Zip Bottom,2025-04,1,5.0,2025-04-01
B08L5JXQNY,Gioberti Boys Track Jogger Athletic Pants - with Zip Bottom,2025-12,1,5.0,2025-12-01
B08L6B2KH2,"Curve Muse Women's Plus Size Full Coverage Underwire Front Close Bras-2PK-BLACK,MAUVE-40B",2024-07,1,1.0,2024-07-01
B08L75WM9C,Revant Replacement Lenses for Oakley Batwolf,2019-08,1,1.0,2019-08-01
B08L9V853Q,ANOKA Beth Dutton Coat Poncho Jacket Dark Blue 5XL,2024-01,1,1.0,2024-01-01
B08LB9LK75,Eurivicy Women's Wrap V Neck Sweater Long Sleeve Drawstring Knot Front Ribbed Knitted Jumper Tops Khaki,2024-10,1,2.0,2024-10-01
B08LD7WWQ1,"Ski Snow Gloves Winter Warm Men Women Waterproof Cold Weather Insulated Thermal Mittens Fleece Touchscreen Breathable Windproof for Outdoor Sports (gray, L)",2024-03,1,2.0,2024-03-01
B08LLDCJ5Y,"SUSSURRO Unisex Half Finger Gloves, Warm Winter Stretchy Knit Fingerless Gloves for Man and Women (Purple)",2024-06,1,4.0,2024-06-01
B08LNL2ZTM,Gollss Long Sleeve Shirts for Women Comfy Blouses Tunic Tops for Leggings,2024-01,2,5.0,2024-01-01
B08LV2F1KN,"Satin Sleeping Cap for Curly Hair Women, Floral Hair Cover Bonnet Stay All Night",2022-02,1,5.0,2022-02-01
B08LV2F1KN,"Satin Sleeping Cap for Curly Hair Women, Floral Hair Cover Bonnet Stay All Night",2023-04,2,4.0,2023-04-01
B08LV2F1KN,"Satin Sleeping Cap for Curly Hair Women, Floral Hair Cover Bonnet Stay All Night",2023-05,1,5.0,2023-05-01
B08LV2F1KN,"Satin Sleeping Cap for Curly Hair Women, Floral Hair Cover Bonnet Stay All Night",2024-02,1,2.0,2024-02-01
B08LV2F1KN,"Satin Sleeping Cap for Curly Hair Women, Floral Hair Cover Bonnet Stay All Night",2025-03,1,4.0,2025-03-01
B08LVK6TCN,Women Long Sleeve Golf Polo Shirts UPF 50+ Sun Protection Ladies Golf Tops for Tennis Bussiness,2024-09,1,5.0,2024-09-01
B08LVK6TCN,Women Long Sleeve Golf Polo Shirts UPF 50+ Sun Protection Ladies Golf Tops for Tennis Bussiness,2025-11,1,5.0,2025-11-01
B08LVN1F9J,SheIn Women's High Elastic Waist Flare Wide Leg Pants Split Hem Casual Trousers Black Medium,2025-03,1,1.0,2025-03-01
B08LW3HXGF,BEYA Pretied Head Wraps for Women – Scarfs for Women Hair Wrap – Premium Fabric – Lightweight and Breathable – Ultra-Modern Design and Colors - Universal Size,2025-07,1,3.0,2025-07-01
B08LW53BSW,Dr. Seuss Thing 1 & Thing 2 Costume Glitter Headband,2023-12,1,5.0,2023-12-01
B08M34XPWM,SWOMOG Tie-dye Nightgown for Women Button Down Night Shirt 3/4 Sleeve Pajama Top,2024-03,1,4.0,2024-03-01
B08M3HJ1DH,Cinsionze Dowsing Amulet Necklace Emerald Green Agate Stone Jade Chalcedony Carnelian Gemstone Cubic Zirconia Setting Rotating Windmill Pendant Necklace for Teen Boys Girls Men Women,2024-05,2,3.5,2024-05-01
B08M5TMZ1S,Men's Bicycle Jersey Set Thermal Full Sleeve Bicycle Shirt 3D Gel Padded Bike Pants Winter Cycle Clothes Kit,2024-05,1,4.0,2024-05-01
B08M67SLQ9,Mouth C-over Anti Dust Nose Mouth Face C-over,2023-12,1,5.0,2023-12-01
B08M9ZL9YV,AVORA 10K/14K Yellow Gold Simulated Diamond CZ Evil Eye Jewelry,2024-06,1,5.0,2024-06-01
B08MMGM2B8,adidas Men's Essentials Fleece Tapered Elastic Cuff 3-Stripes Pants,2024-11,1,5.0,2024-11-01
B08MQ4RS7F,TINSTREE Women V Neck Spaghetti Strap Tank Tops Loose Casual Sexy Sleeveless Vest Summer Soft Shirts Blouses White,2024-05,1,4.0,2024-05-01
B08MVF4XMB,"Josmo Boys’ Toy Story Sandals – Active Strap-On Buzz and Woody Sandals (Toddler/Little Kid), Size 8 Toddler, Toy Story",2024-07,1,1.0,2024-07-01
B08MW7VH6K,Fabuxry Women's Neck Warmer Thick Ribbed Knit Acrylic Wool Winter Loop Scarf (Grey),2024-03,1,5.0,2024-03-01
B08MX85R2J,shengfan Women's Two Piece Outfits Tracksuit Jogger Outfit Sweatshirt and Sweatpants Sports Sets,2024-02,2,4.0,2024-02-01
B08MX85R2J,shengfan Women's Two Piece Outfits Tracksuit Jogger Outfit Sweatshirt and Sweatpants Sports Sets,2024-05,1,4.0,2024-05-01
B08MXDW32T,"MARKFACE Funny Reusable Face Cover, Facial Balaclavas Fashion Design Scarfs With 2 Filters for Women and Men (Cat 5)",2024-04,1,5.0,2024-04-01
B08MZ6JMJN,"TICONN Neck Gaiter (2 Pack), Outdoor Breathable Face Cover, Ideal for Hiking Running Cycling Motorcycle Ski Snowboard (Vermilion Red, 2)",2024-01,1,4.0,2024-01-01
B08N67KMYK,Brinley Co. Womens Criss Cross Stacked Wood Heel Faux Leather Booties,2022-01,1,5.0,2022-01-01
B08N67KMYK,Brinley Co. Womens Criss Cross Stacked Wood Heel Faux Leather Booties,2022-03,1,4.0,2022-03-01
B08NDNHYJB,2Pcs Surgical Steel 20g 9/32 7mm Horseshoe Barbell Earrings Piercing Jewelry Septum Nose Lip Rook Cartilage 3mm Ball M10893,2022-06,1,5.0,2022-06-01
B08NG1SSS3,Baby Alien Earrings Baby Alien Jewelry For Woman Baby Alien Fans Gift (ER-YO-D),2024-05,1,5.0,2024-05-01
B08NJPBLPR,LYKSAW Queen.M Womens Fleece Jumpsuit Onesie Pajama Hooded Sleepwear Playsuit Tracksuits Loungewear Grey,2024-02,1,2.0,2024-02-01
B08NTFYXGB,"Love Heart Graphic Shirt Women Valentine Day Novelty Short Sleeve O Neck Casual Tops (White, S)",2024-02,1,5.0,2024-02-01
B08NXQZYCG,"XDS 50pcs Disposable Face Mask, 3 Layer Breathable Face Safety Mask Protective Mouth Cover Personal Protection (50)",2024-02,1,5.0,2024-02-01
B08NY3MBJY,Knitee Women's Vintage Business V-Neck Tie Sleeveless Bodycon Work Pencil Dress Burgundy XX-Large,2024-04,1,3.0,2024-04-01
B08NY74WML,Knitee Women's Vintage Business V-Neck Tie Sleeveless Bodycon Work Pencil Dress Navy Blue X-Large,2024-07,1,5.0,2024-07-01
B08NYN2TV2,AMEXI Rectangle Polarized Sunglasses for Women Men Classic Vintage Retro Frame UV Protection,2024-04,1,4.0,2024-04-01
B08NYN2TV2,AMEXI Rectangle Polarized Sunglasses for Women Men Classic Vintage Retro Frame UV Protection,2024-10,1,3.0,2024-10-01
B08P3MDP7T,"Cirbic English Talking Watch with Large Numbers and Expandable Strap, self-Setting for Visually impaired, Blind or Elder People (American Accent)",2025-01,1,5.0,2025-01-01
B08P3X2BZ6,Zenergy Gems Charged Premium Natural Crystal 8mm Bead Bracelet + Moroccan Selenite Charging Crystal [Included],2021-04,1,5.0,2021-04-01
B08P3X2BZ6,Zenergy Gems Charged Premium Natural Crystal 8mm Bead Bracelet + Moroccan Selenite Charging Crystal [Included],2021-10,2,3.5,2021-10-01
B08P3X2BZ6,Zenergy Gems Charged Premium Natural Crystal 8mm Bead Bracelet + Moroccan Selenite Charging Crystal [Included],2021-12,1,5.0,2021-12-01
B08P3X2BZ6,Zenergy Gems Charged Premium Natural Crystal 8mm Bead Bracelet + Moroccan Selenite Charging Crystal [Included],2022-04,1,5.0,2022-04-01
B08P3X2BZ6,Zenergy Gems Charged Premium Natural Crystal 8mm Bead Bracelet + Moroccan Selenite Charging Crystal [Included],2023-08,1,5.0,2023-08-01
B08P3X2BZ6,Zenergy Gems Charged Premium Natural Crystal 8mm Bead Bracelet + Moroccan Selenite Charging Crystal [Included],2024-08,1,5.0,2024-08-01
B08P46Y8PR,Womens Waffle Knit Short Sleeve Tops Plus Size Crewneck Casual Basic Tunic T-Shirt White,2024-10,1,1.0,2024-10-01
B08P4LKLR6,Mirawise Girl Athletic Soccer Play Shorts Active Sports Running Bike Basketball Shorts 4-13Y,2025-07,1,5.0,2025-07-01
B08P4XKJ2X,KIMROF Women Cat Mama T Shirts Cute Funny Cat Short Sleeve Mothers Day Graphic Tees,2024-03,1,5.0,2024-03-01
B08P5BMFYW,R.Vivimos Women's Summer Cotton Puff Sleeves Empire Waist Casual Polka Dots Mini Dress with Pockets,2024-09,1,5.0,2024-09-01
B08P736RKV,"MEROKEETY Women's Comfy Wide Leg Yoga Pants Drawstring Waist Palazzo Lounge Sweatpants, Black, M",2024-05,1,5.0,2024-05-01
B08PCH1RK9,"Time and Tru Womens Knit Scoop Neck Tiered A-Line Dress (Magenta, Small (4-6))",2024-08,1,5.0,2024-08-01
B08PCL9CZF,NELEUS Women's Lightweight Running Shorts Workout Athletic Short for Yoga with Pocket,2024-04,1,5.0,2024-04-01
B08PCL9CZF,NELEUS Women's Lightweight Running Shorts Workout Athletic Short for Yoga with Pocket,2025-05,1,3.0,2025-05-01
B08PCVXNLQ,NIMIN Women's Stretch Capri Pants Elastic High Waist Cropped Casual Pants Lounge Jogger Sweatpants with Pockets Light Grey Medium,2025-01,1,4.0,2025-01-01
B08PDGQZ25,2 Pieces Satin Lined Sleep Cap for Men Adjustable Silk Lined Slouchy Beanies Hair Cover Bonnets Sleeping Caps for Night Sleeping,2024-12,1,5.0,2024-12-01
B08PFR31LY,HIOINIEIY Women's Nightgown Flowy V Neck Sleepwear Soft Pajama Dress Sleeveless Nightdress Short Chemise Purple 1X,2024-02,1,5.0,2024-02-01
B08PXVMJM1,Amscan 2 Pack Antler Headband | Christmas Accessory for Parties and Costumes,2019-01,1,5.0,2019-01-01
B08PXVMJM1,Amscan 2 Pack Antler Headband | Christmas Accessory for Parties and Costumes,2026-02,1,5.0,2026-02-01
B08PY4WN5P,"MeetHoo Mens Compression Pants, Quick Dry Running Leggings Thermal Base Layer Tights for Gym Athletic",2024-04,1,4.0,2024-04-01
B08PYQ64RW,"Ebrolkit Women's Ruffles Flounce Cute Bikini Two Piece Swimsuit Bathing Suits (Leopard Print, Small)…",2024-08,1,5.0,2024-08-01
B08Q7NF82T,12 Pcs Mardi Gras Fabric Carnival Theme Fabric 20x20 Inch for Traditional Carnival Celebration Bundles with Carnival Pattern for DIY Crafting Sewing. (12PCS),2024-05,1,3.0,2024-05-01
B08Q7NV5J7,SySea Womens Summer Short Sleeve T Shirts Slit V Neck Tunic Tops Casual Loose Cotton Tee,2024-03,1,5.0,2024-03-01
B08Q7NV5J7,SySea Womens Summer Short Sleeve T Shirts Slit V Neck Tunic Tops Casual Loose Cotton Tee,2024-06,1,5.0,2024-06-01
B08Q7NV5J7,SySea Womens Summer Short Sleeve T Shirts Slit V Neck Tunic Tops Casual Loose Cotton Tee,2024-07,1,4.0,2024-07-01
B08Q7NV5J7,SySea Womens Summer Short Sleeve T Shirts Slit V Neck Tunic Tops Casual Loose Cotton Tee,2024-11,1,5.0,2024-11-01
B08Q7NV5J7,SySea Womens Summer Short Sleeve T Shirts Slit V Neck Tunic Tops Casual Loose Cotton Tee,2025-10,1,2.0,2025-10-01
B08Q81K1KK,"Firm Grip 3-Pairs Synthetic Leather Utility Working Gloves (Size M, Black, Green & Grey)",2025-06,1,5.0,2025-06-01
B08Q84B3BP,"SySea Womens Summer Short Sleeve T Shirts Slit V Neck Tunic Tops Casual Loose Cotton Tee (X-Light Green, X-Large, x_l)",2024-11,1,3.0,2024-11-01
B08Q8BP6YC,LIUMILAC womens Spaghetti,2024-04,1,5.0,2024-04-01
B08Q8DDMCZ,LIUMILAC womens Spaghetti,2024-04,1,5.0,2024-04-01
B08Q8TC7TV,Debrief Me - Kids Neck Gaiter - Gator Masks for Kids - Kids Gator Mask - Fun Gift,2024-09,1,3.0,2024-09-01
B08QCJP67Q,Verdusa Women's 2 Piece PJ Set Notched Tank Top & Teddy Shorts Fuzzy Lounge Pajama Set Brown M,2025-08,1,5.0,2025-08-01
B08QCV7GPL,GRACE KARIN Button Down Dress for Women Casual Summer Short Dress A-line Indian Red M,2024-04,1,5.0,2024-04-01
B08QF19FRH,Women's Analog Quartz Rose Gold Watch with Stainless Steel Mesh Strap Ladies Watch Simple and Elegant with Bracelet,2022-05,1,2.0,2022-05-01
B08QF19FRH,Women's Analog Quartz Rose Gold Watch with Stainless Steel Mesh Strap Ladies Watch Simple and Elegant with Bracelet,2022-10,1,5.0,2022-10-01
B08QF19FRH,Women's Analog Quartz Rose Gold Watch with Stainless Steel Mesh Strap Ladies Watch Simple and Elegant with Bracelet,2023-10,1,5.0,2023-10-01
B08QF5YCL8,"Sparkly Cloth Face Mask for Women,Glitter Bling Masquerade Face Mask for Christmas Party",2024-04,1,1.0,2024-04-01
B08QJNHCGH,"Alsenor Progressive Multifocus Reading Glasses Blue Light Blocking Computer Readers Nerd Eyeglasses For Men And Women (Transparent, 1.5 x)",2024-02,1,4.0,2024-02-01
B08QRQR5JJ,"Ruffle Dresses for Women Summer,Women's Summer Casual V Neck Ruffle Sleeveless Boho Floral High Low Hem Flowy Swing Beach Party Mini Dress Sky Blue M",2024-03,1,4.0,2024-03-01
B08QRY2W88,Ear Wrap Crawler Hook Earrings Silver Ear Cuff Earrings For Women Non Pierced Ears Climber Piercing Cartilage Clip On Earrings,2024-06,1,2.0,2024-06-01
B08QTVVWT7,Dapper&Doll Kids Apron and Chef Hat Gift Set - Toddler & Kid Sizes - Super Cute & Fun,2023-04,1,5.0,2023-04-01
B08QTVVWT7,Dapper&Doll Kids Apron and Chef Hat Gift Set - Toddler & Kid Sizes - Super Cute & Fun,2023-06,1,4.0,2023-06-01
B08QTVVWT7,Dapper&Doll Kids Apron and Chef Hat Gift Set - Toddler & Kid Sizes - Super Cute & Fun,2023-11,1,5.0,2023-11-01
B08QTVVWT7,Dapper&Doll Kids Apron and Chef Hat Gift Set - Toddler & Kid Sizes - Super Cute & Fun,2024-01,2,5.0,2024-01-01
B08QTVVWT7,Dapper&Doll Kids Apron and Chef Hat Gift Set - Toddler & Kid Sizes - Super Cute & Fun,2024-12,1,5.0,2024-12-01
B08QTVVWT7,Dapper&Doll Kids Apron and Chef Hat Gift Set - Toddler & Kid Sizes - Super Cute & Fun,2025-06,2,5.0,2025-06-01
B08QV475RL,MEROKEETY Women's Workout Yoga Elastic Waist Shorts Comfy Lounge Short Pants Camo Green,2024-09,1,1.0,2024-09-01
B08QVGJ892,theirsova Dog Paw Face Mask Reusable Washable Colorful Cloth Masks Breathable Nose Wire Sports Disposable Funny with Nose Wire 10 Filters 3 Packs,2024-05,1,5.0,2024-05-01
B08QVJ38QH,Fanzz Women Not Fragile Like A Flower Fragile Like A Bomb RBG Sweatshirt Long Sleeve Tee Shirt Tops (L) Grey,2024-06,1,5.0,2024-06-01
B08QYR9YQG,KTM New 2021 Pure Cap (Black),2024-06,1,2.0,2024-06-01
B08QZCF61S,50 PCS Face Masks Non-Woven Fabric Breathable Mask 3 Layer Comfortable Facemask for Adult Kids Women Men,2024-03,1,5.0,2024-03-01
B08R5CS6WD,GRACE KARIN Women's Retro High Waist Buttons Front Short Pants with Pockets Purplish Red,2024-06,1,4.0,2024-06-01
B08R5LCKVF,Army Retired Logo Military Cap PU Leather Black,2024-10,1,5.0,2024-10-01
B08R5QGLMK,Game Face Bandana Face Protector Reusable Adjustable 3Pack,2024-08,1,5.0,2024-08-01
B08R68C5LF,"You Just Fold It in T-Shirt Women Funny Letter Print Short Sleeve Shirt Novelty Graphic Tee Top Casual Summer Tshirt (XX-Large, Gray)",2024-04,1,5.0,2024-04-01
B08R68C5LF,"You Just Fold It in T-Shirt Women Funny Letter Print Short Sleeve Shirt Novelty Graphic Tee Top Casual Summer Tshirt (XX-Large, Gray)",2024-05,1,5.0,2024-05-01
B08R6F4SY9,Compression Socks for Women & Men - 3 Pairs 20-30 mmhg Running Support Sock,2024-03,1,4.0,2024-03-01
B08R7WK1MG,"Cloud9 Official Cotton Tank Top (Blue, 2X Large)",2025-01,1,5.0,2025-01-01
B08RBXB65X,"DB MOON Women's Deep V Neck Short Sleeve Casual Wrap Dress with Pockets(Flower Mix Blue,Large)",2024-05,1,5.0,2024-05-01
B08RBXF113,Lands' End Womens Silk Interlock Pants Deep Sea Navy Plus 1x,2024-03,1,4.0,2024-03-01
B08RHX7875,Eurivicy Women's 2 Piece Outfits Set Color Block Long Sleeve Pullover and Drawstring Sweatpants Loose Sweatsuit Sets,2024-06,1,5.0,2024-06-01
B08RHX7875,Eurivicy Women's 2 Piece Outfits Set Color Block Long Sleeve Pullover and Drawstring Sweatpants Loose Sweatsuit Sets,2024-07,1,2.0,2024-07-01
B08RLL4P5Z,Champion Boy's Short Sleeve Fashion Tee Shirt Top for Kids,2024-10,1,3.0,2024-10-01
B08RLL4P5Z,Champion Boy's Short Sleeve Fashion Tee Shirt Top for Kids,2025-05,1,5.0,2025-05-01
B08RMRTBVK,Firpearl Women's Tankini Swimsuits with Boy Shorts Tummy Control Swimwear Two Piece Bathing Suits XL/US14-16 Orange Floral,2024-04,1,4.0,2024-04-01
B08RNT81WX,"CHRLEISURE Leggings with Pockets for Women, High Waisted Tummy Control Workout Yoga Pants 3 Pack BlackPinkGreen XL",2024-03,1,5.0,2024-03-01
B08S2PJX7K,"TIKTIK Womens Bamboo Pajamas Shorts Set Scoop Neck Pjs Pajama Set Short Sleeve Top with Shorts Petite Plus Size S-4XL, White Leopard, Medium",2024-07,1,4.0,2024-07-01
B08SBK9K5F,Hymuses Women's Sleeveless Tops O-Neck A Line Tunic Blouse Swing Lace Flowy Top with Scalloped Lace Hemline Black XLarge,2024-04,1,5.0,2024-04-01
B08SC2DWPG,BZees Finale Orange/Red 7 W,2024-07,1,5.0,2024-07-01
B08SG7KHBX,"AQF Women's Long Sleeve Pajama Set Sleepwear Scoop Neck Pjs Sets S-4XL, Purplish grey,Medium",2024-05,1,5.0,2024-05-01
B08SGCQ3FG,Berryou Women's Basic V Neck Tank Tops Casual Loose Sleeveless Blouse T Shirts with Pocket Burgundy XL,2024-03,1,5.0,2024-03-01
B08SJ49SHG,"TSLA 3 Pack Men's Long Sleeve Pullover, Dry Fit Running Workout Shirts, Athletic Fitness & Gym Shirt",2024-11,1,4.0,2024-11-01
B08SJ9S1YN,Lands' End School Uniform Girls Slim Blend Chino Skort Top of Knee 14 Khaki,2024-11,1,5.0,2024-11-01
B08SLKVYFW,LQRI Mushroom Girl Gift Red Mushroom Pendant Earrings Mushroom Jewelry Mushroom Lover Gift For Friends Sister Cousin Daughter (E-yellow mushroom),2024-06,1,5.0,2024-06-01
B08SVPPVVJ,MIXIN Mens Moccasin Slippers - Mens Slipper Warm House Shoes with Memory Foam & Hard Sole Slippers for Men Indoor Outdoor,2024-10,1,5.0,2024-10-01
B08SWPV2HL,"Youth Liverpool Black Training Jersey, Licensed Boy's Liverpool Shirt",2024-08,1,5.0,2024-08-01
B08T8LWJ3J,Minus33 Merino Wool Clothing Mountain Heritage Full Cushion Crew Socks Made in USA New Hampshire,2024-05,1,5.0,2024-05-01
B08T8LWJ3J,Minus33 Merino Wool Clothing Mountain Heritage Full Cushion Crew Socks Made in USA New Hampshire,2024-07,1,5.0,2024-07-01
B08T8LWJ3J,Minus33 Merino Wool Clothing Mountain Heritage Full Cushion Crew Socks Made in USA New Hampshire,2024-08,1,5.0,2024-08-01
B08T9JJ8LZ,"JOSERGO Women's Front Adjustable Lightly Padded Wirefree Racerback High Impact Sports Bra (Lavender, XX-Large)",2024-04,1,5.0,2024-04-01
B08T9Q7JNG,Meenew Women's Long Sleeve Mini A Line Dress Ruffle Short Skater Dress Gray S,2024-05,1,3.0,2024-05-01
B08TBTHLGZ,MENDENG Womens Lace Babydoll Boudoir Outfits Lingerie Chemise Nighties Underwear,2025-04,1,2.0,2025-04-01
B08THC47S1,"12 Pieces Silky Durag Caps Soft Long Tail Headscarf Elastic Wide Straps Headwraps for Women Men Favors, 12 Colors",2024-05,1,2.0,2024-05-01
B08THC47S1,"12 Pieces Silky Durag Caps Soft Long Tail Headscarf Elastic Wide Straps Headwraps for Women Men Favors, 12 Colors",2025-08,1,4.0,2025-08-01
B08THC47S1,"12 Pieces Silky Durag Caps Soft Long Tail Headscarf Elastic Wide Straps Headwraps for Women Men Favors, 12 Colors",2025-11,1,5.0,2025-11-01
B08TQN9YFN,"KRISVI Stretchy Solo Loop Strap Compatible with Apple Watch Bands 42mm 44mm, Elastic Nylon Braided Band Adjustable Sport Bands Replacement Wristband for iWatch Series 6 5 4 3 2 1 SE (Black-42/44)",2024-06,1,5.0,2024-06-01
B08TR9V4Q6,syrinx Biker Shorts for Women with Pockets - High Waist Tummy Control Compression Workout Running Yoga Shorts,2024-06,1,3.0,2024-06-01
B08TT671NS,CISMARK Hawaiian Flower Leis Jumbo Necklace Bracelets Headband Set,2021-01,1,5.0,2021-01-01
B08TV35JC7,Minimalist Geometric Rhombus Women Girls Rings 925 Sterling Silver Stackable Thin Knuckle Simple Open Adjustable Expandable Dainty Hypoallergenic Wedding Engagement Cute Finger Ring Girls Simple Best Friend Fashion Mother's Gift,2025-05,1,1.0,2025-05-01
B08TVKRNW2,"akimoom Bands Compatible for Charge 3 Bands and Charge 4 Bands for Women Girls, Soft Elastic Fabric Replacement Accessory Strap for Charge 4 Charge 3 Charge 3 SE (Orange)",2024-11,1,1.0,2024-11-01
B08TWB7R5R,Minibee Women's Boho Embroidered Tops Short Sleeve Bohemian Linen Shirts Casual Mexican Blouses,2024-11,1,5.0,2024-11-01
B08TWB9G3D,SweatyRocks Women's Two Piece Tankini Swimsuit Knot Hem High Waisted Bikini Set White Blue,2025-02,1,5.0,2025-02-01
B08TWLCPP6,minifaceminigirl Men’s Shorts Cotton Linen Casual Elastic Waist Drawstring Summer Solid Color Beach Shorts with Pockets White,2024-09,1,1.0,2024-09-01
B08V4X2JH8,Secret Treasures White Seamless Comfy Bra - X-Large,2024-05,1,4.0,2024-05-01
B08V4YG6YG,"Locryz Women's Loose Home Tshirt Dresses Short Sleeve Summer Casual Tunic Dress with Pocket (01 Caramel, X-Large, x_l)",2024-05,1,4.0,2024-05-01
B08V53LTZD,Soarking Replacement Kids Band for Gizmo Watch 2/1(Long and Short Size in 1 Package),2024-02,1,5.0,2024-02-01
B08V8DBHV4,"Moolia Compatible with Apple Watch Bands 40mm 38mm 41mm Women, Slim Double Wrap iWatch Bands with Bling Studs Straps Bracelet Wristbands for Apple Watch Band Series 7/6/SE/5/4/3/2/1, Gray",2024-10,1,5.0,2024-10-01
B08V8Q8HG6,Laseily Womens Long Sleeve Pleated Babydoll Tunic Tops V Neck Peplum Button Up Blouse Shirts White,2024-04,1,2.0,2024-04-01
B08V92CLCC,Flip Flop 19ZGSO01-W6-7 CP,2024-06,1,3.0,2024-06-01
B08V9BSF61,"U-FIT Swim Goggles, No Leak, Anti Fog, Quick Adjust Swimming Goggles, Adults Men Woman Youth, Flexible Nose, Black Clear",2024-05,1,2.0,2024-05-01
B08V9C6DCN,U.S. Navy Vietnam Veteran Military Face Mask 2 Filters Nose Wire Reusable Bandana Scarf Ear Loops Washable 7.9×5.9in,2024-09,1,5.0,2024-09-01
B08VDJ4MY3,Avanova Women's Ruffle Short Sleeve Babydoll Top Peplum Blouse Top Black Large,2025-08,1,1.0,2025-08-01
B08VG54C5Q,"adidas Men's Basic Badge of Sport Long Sleeve Tee, Power Red, XX-Large",2024-11,1,5.0,2024-11-01
B08VG54C5Q,"adidas Men's Basic Badge of Sport Long Sleeve Tee, Power Red, XX-Large",2025-02,1,5.0,2025-02-01
B08VHW9LBL,"Fintie Bands Compatible with Fitbit Versa 2 / Versa/Versa Lite, Genuine Leather Band Replacement Accessories Strap Wristband",2024-01,1,5.0,2024-01-01
B08VHW9LBL,"Fintie Bands Compatible with Fitbit Versa 2 / Versa/Versa Lite, Genuine Leather Band Replacement Accessories Strap Wristband",2025-01,1,2.0,2025-01-01
B08VHW9LBL,"Fintie Bands Compatible with Fitbit Versa 2 / Versa/Versa Lite, Genuine Leather Band Replacement Accessories Strap Wristband",2025-11,1,5.0,2025-11-01
B08VS142HF,LEICO FASHION Kids Polarized Retro Sunglasses for Boys Girls Age 3-12 Shatterproof UV Protection Toddler Children Sun Glasses,2024-07,1,1.0,2024-07-01
B08VS142HF,LEICO FASHION Kids Polarized Retro Sunglasses for Boys Girls Age 3-12 Shatterproof UV Protection Toddler Children Sun Glasses,2025-11,1,5.0,2025-11-01
B08VSYD33R,Oakley Men's Straight,2018-07,1,4.0,2018-07-01
B08VSYD33R,Oakley Men's Straight,2021-02,1,5.0,2021-02-01
B08W27RMGZ,"DKNY Women's Monogram Mesh String Bikini Panty, Blush, X-Large",2025-01,1,5.0,2025-01-01
B08WK5G2DK,"Toddler Kids Children Watch,3D Cute Cartoon Silicone Band Wristwatches Time Teacher Gifts Watches for Kids Girls Toddlers",2024-07,1,5.0,2024-07-01
B08WPBKK62,"Wallity Women's Skateboarding Frog Sweatshirts Cute Long Sleeve Hoodie Pullover Tops (001-Green, XXL)",2024-05,1,4.0,2024-05-01
B08WWGY3NH,"OURIN Womens Activewear Longline Strappy Sports Bras Yoga Crop Top with Built in Bra (Black,X-Large)",2024-08,1,4.0,2024-08-01
B08WWQRGGK,"YEEPSYS Women's Boot-Cut Yoga Pants Tummy Control Workout Non See-Through Bootleg Yoga Pants (Black, L)",2024-09,1,4.0,2024-09-01
B08WWSF5TK,"YEEPSYS Women's Boot-Cut Yoga Pants Tummy Control Workout Non See-Through Bootleg Yoga Pants (Black, S)",2024-11,1,5.0,2024-11-01
B08X22QRXB,Slice Pizza Face Mask Washable with Nose Wire Adjustable Bandanas for Men Women Black,2024-12,1,5.0,2024-12-01
B08X44XFT1,Antifog with Nose Bridge Face Mask for Glasses Wearers Breathable Cloth Masks Washable Adjustable Full Face Protection (A-4PC),2024-06,1,4.0,2024-06-01
B08X4D78MC,POMODA Gold Stud Earrings for Women 925 Sterling Silver Post Tiny Dot 14K Gold Plated Earrings Hypoallergenic,2024-05,1,5.0,2024-05-01
B08X4VL3ZB,"IWINTP Sport Slim Band Compatible for Apple Watch Band 38mm 42mm 40mm 44mm, Soft Silicone Thin Narrow Replacement Strap for iWatch Series 6 5 4 3 2 1 SE Women Men",2024-07,1,5.0,2024-07-01
B08X4Z8J4R,Isaac Morris Boys Long Sleeve Graphic Tee,2024-04,1,5.0,2024-04-01
B08X4Z8J4R,Isaac Morris Boys Long Sleeve Graphic Tee,2024-11,1,5.0,2024-11-01
B08X6CD6G8,"Milacolato 6 Pairs Sterling Silver Small Hoop Earrings 18K Gold Plated Dainty Piercing Hoop Earings Cartilage Earring for Women 8MM 10MM 12MM, White Gold",2024-08,2,5.0,2024-08-01
B08X6MT66M,Keychain Gifts for Mom Birthday Mother's Day Father's Day Gifts from Daughter Son,2024-07,1,5.0,2024-07-01
B08X96L7L7,Giro Facet Ski Goggles - Snowboard Goggles for Women & Youth - Vivid Lens - Anti-Fog Vent Tech - OTG (Over Glasses),2024-01,1,4.0,2024-01-01
B08XJW3JZL,"SENSERISE Womens Sleeveless V Neck Stripe Dress Summer Beach Side Split Midi Dresses with Pockets(Dark Grey,XL)",2024-09,1,3.0,2024-09-01
B08XM5V413,Juliet Holy Women Short Sleeve T Shirts Crew Neck Loose Fitting Summer Printed Shirt Tees Grey,2024-07,1,4.0,2024-07-01
B08XQNGC7Z,Adjustable Chef Cap Cooking Hat Food Service Hair Nets Mesh Kitchen Net Reusable Restaurant Beanie,2022-10,1,5.0,2022-10-01
B08XQNGC7Z,Adjustable Chef Cap Cooking Hat Food Service Hair Nets Mesh Kitchen Net Reusable Restaurant Beanie,2024-01,1,4.0,2024-01-01
B08XXQWTNS,"FULLSOFT Biker Shorts for Women,3 Pack Black Yoga Athletic Workout Leggings Non See-Through Basic Shorts (3 Pack Black,Gray,Red Wine, X-Large)",2024-08,1,3.0,2024-08-01
B08XZYLB66,SHAPERMINT Women's Compression Seamless No Wire Scoop Neck Throw-on Bralette White,2024-05,1,4.0,2024-05-01
B08XZYLB66,SHAPERMINT Women's Compression Seamless No Wire Scoop Neck Throw-on Bralette White,2024-08,1,5.0,2024-08-01
B08Y6MFY1C,Moissanite Pendant Necklace 1CT 18K White Gold Plated silver D Color Ideal Cut Diamond Necklace for Women with Certificate of Authenticity (Loker Square),2025-02,1,5.0,2025-02-01
B08YCX2NQD,Flower T Shirt for Women All Over Print V Neck Tshirt Summer Loose Shirts Blouse 13XXL,2024-05,2,3.0,2024-05-01
B08YJ3S513,Fesvay Women's Short Sleeve Cold Shoulder Criss Cross Round Neck T-Shirt Loose Basic Summer Tops Red S,2024-05,1,3.0,2024-05-01
B08YJB2SFH,Floerns Girls Tie Dye Twist Front Short Sleeve Round Neck T Tee Shirts Top Multi 10Y,2024-09,1,1.0,2024-09-01
B08YK5MYSZ,"EzonYanGo Baby Sun Hat Toddler Beach Sun Hats UPF 50+ Baby Summer Hat Sun Protection Hat Wide Brim Summer Beach Hat for Girls, Boys",2025-04,1,2.0,2025-04-01
B08YNC4Q73,Apretyew Bifocal Reading Sunglasses for Women 2 Pairs Cateyes Vintage Jackie Oval Readers (1.50),2023-07,1,4.0,2023-07-01
B08YQYPXRL,Juliet Holy Womens Off The Shoulder Tops Button Down Short Sleeve Shirt Casual Summer Tunic Blouse Red,2025-01,1,1.0,2025-01-01
B08YRG5QH8,FEMLE Women Sorta Sweet Sorta Beth Dutton Casual Sweatshirts Graphic Tees Summer Tops with Pockets,2024-05,1,5.0,2024-05-01
B08Z3P1TYX,"Stretchy Tummy Control Women Workout Leggings, High Waist Yoga Pants Pure Color Red Workout Full Length Tights",2024-10,1,1.0,2024-10-01
B08Z45VRK9,Valentoria Small Crossbody Bag Cell Phone Purse Wallet Leather Card Clutch Handbag for Women,2023-10,1,3.0,2023-10-01
B08Z45VRK9,Valentoria Small Crossbody Bag Cell Phone Purse Wallet Leather Card Clutch Handbag for Women,2023-11,1,5.0,2023-11-01
B08Z45VRK9,Valentoria Small Crossbody Bag Cell Phone Purse Wallet Leather Card Clutch Handbag for Women,2024-02,1,4.0,2024-02-01
B08Z45VRK9,Valentoria Small Crossbody Bag Cell Phone Purse Wallet Leather Card Clutch Handbag for Women,2024-07,1,3.0,2024-07-01
B08ZHZJQQJ,Youther Compatible with for,2024-08,1,1.0,2024-08-01
B08ZJC3P2M,"Band4u Compatible with Samsung Galaxy Watch 3 Bands 41mm,20mm Soft Silicone Sport Watch Band with Quick-Release Pin Replacement for Galaxy Watch Active 2 40mm 44mm,Samsung Galaxy Watch Band 42mm",2024-09,1,1.0,2024-09-01
B08ZKF5G4G,Womens Butterfly Short Sleeve Shirts V-Neck Summer Casual Tshirts Blouse Tops Loose Fit Vintage Graphic Tees S-XXL,2024-07,1,2.0,2024-07-01
B08ZS5XRR1,Jugalstar 925 Sterling Silver Hoop Earring Hypoallergenic Pearl Drop Dangle Earrings for Woman and Girls of Birthday Gifts(12MM),2024-06,1,5.0,2024-06-01
B08ZSDXJ6H,Wolancy Womens Genshin Impact Noelle Hu Tao Venti Cosplay Halloween Costume,2025-07,1,3.0,2025-07-01
B08ZSFZQVC,Toddler Boy Clothes Camo Ain T No Nana Like The One I Got Printing Vest Tops + Baby Boy Clothes Camouflag Shorts Baby Boy Outfit Gift 2-3T,2025-08,1,4.0,2025-08-01
B08ZYL3W9G,SANQIANG Non Slip Memory Foam Shower Slippers for Men Women's Slippers Indoor & Outdoor Basic House Shoe Quickly Dry Shower Sandals,2024-07,1,5.0,2024-07-01
B0911RZQG1,slaixiu 5 Pack Colorful Dance Shorts Girls Bike Short Safety and Breathable Sport Undershorts,2024-06,1,1.0,2024-06-01
B0916WWPCY,"Clarb 2 Pack Leather Woven Car Keychains Set Gifts, Universal Car Metal Buckle Detachable Sturdy Key Fob Accessories(Red)",2024-12,1,4.0,2024-12-01
B09195BJ6D,LeeHanTon Mens Tee Shirts Performance Moisture Wicking Patterned Raglan Short Sleeve Casual Active Athletic Running T-Shirts,2023-08,1,4.0,2023-08-01
B0919JTDPV,Grlasen Women Summer Deep V-Neck Short Sleeve Tops Fashion Casual Solid Loose Basic T Shirt Pink,2025-02,1,3.0,2025-02-01
B091DY852C,MAJECLO Women's Loose Raglan Pullover Hoodie Lightweight Sweatshirt with Face Mask Straps,2023-01,1,5.0,2023-01-01
B091F4B5M2,Womens Tops Fashion Novelty Print Short Sleeve Round Neck Plus Size Shirt Tunic Casual Spring Summer Clothes for Women,2024-07,1,1.0,2024-07-01
B091KVTXHL,3 Pairs Plus Size UV Protection Cooling Ice Silk Arm Sleeves - Unisex Cooling Sleeves Ice Silk Arm Covers Cooling Arm Sleeves for Men Women Outdoor Sports Cycling Driving (2XL),2024-12,1,5.0,2024-12-01
B091L5MNDP,"Women's Cotton Stretch Bikini (Pink Multi Pack, l)",2024-09,1,5.0,2024-09-01
B091LHHJQY,Tsyllyp Princess Bell Costumes Birthday Fancy Halloween Xmas Party Dresses Up for Toddler Little Girls,2024-09,1,5.0,2024-09-01
B091SLD85D,Multicolor Full Cover Sunglasses - UV400 Spray Protection Visor Sunglasses,2025-05,1,3.0,2025-05-01
B091SP9RMC,Milumia Women's Tie Dye Crisscross Backless Cami Crop Top Tie Back Ruched Camisole Pink Large,2024-08,1,1.0,2024-08-01
B091TQHXWP,YOBECHO Womens Round Neck High Waist Midi Casual Sundress T-Shirt Loose Dress Black,2025-01,1,1.0,2025-01-01
B0921Z4QW3,UNIONBAY boys Cargo,2023-04,1,5.0,2023-04-01
B0922Z2GNQ,TREELANCE Organic Cotton Yoga Workout Tank Top Moon Phases Shirts Tops Tees Tanks for Women,2020-02,2,4.0,2020-02-01
B0922Z2GNQ,TREELANCE Organic Cotton Yoga Workout Tank Top Moon Phases Shirts Tops Tees Tanks for Women,2020-07,1,4.0,2020-07-01
B0922Z2GNQ,TREELANCE Organic Cotton Yoga Workout Tank Top Moon Phases Shirts Tops Tees Tanks for Women,2020-10,1,5.0,2020-10-01
B0922Z2GNQ,TREELANCE Organic Cotton Yoga Workout Tank Top Moon Phases Shirts Tops Tees Tanks for Women,2021-09,2,4.5,2021-09-01
B0922Z2GNQ,TREELANCE Organic Cotton Yoga Workout Tank Top Moon Phases Shirts Tops Tees Tanks for Women,2022-09,1,1.0,2022-09-01
B0922Z2GNQ,TREELANCE Organic Cotton Yoga Workout Tank Top Moon Phases Shirts Tops Tees Tanks for Women,2023-03,2,5.0,2023-03-01
B0922Z2GNQ,TREELANCE Organic Cotton Yoga Workout Tank Top Moon Phases Shirts Tops Tees Tanks for Women,2024-02,1,5.0,2024-02-01
B0922Z2GNQ,TREELANCE Organic Cotton Yoga Workout Tank Top Moon Phases Shirts Tops Tees Tanks for Women,2024-06,1,5.0,2024-06-01
B0922Z2GNQ,TREELANCE Organic Cotton Yoga Workout Tank Top Moon Phases Shirts Tops Tees Tanks for Women,2024-09,1,1.0,2024-09-01
B0922Z2GNQ,TREELANCE Organic Cotton Yoga Workout Tank Top Moon Phases Shirts Tops Tees Tanks for Women,2024-10,1,5.0,2024-10-01
B0922Z2GNQ,TREELANCE Organic Cotton Yoga Workout Tank Top Moon Phases Shirts Tops Tees Tanks for Women,2024-11,1,5.0,2024-11-01
B0922Z2GNQ,TREELANCE Organic Cotton Yoga Workout Tank Top Moon Phases Shirts Tops Tees Tanks for Women,2025-04,1,4.0,2025-04-01
B0922Z2GNQ,TREELANCE Organic Cotton Yoga Workout Tank Top Moon Phases Shirts Tops Tees Tanks for Women,2025-08,1,5.0,2025-08-01
B0924LQG7M,"WJWLSKB Men's Printed Regular Fit Comfort Flex Waist Casual Jeans (Blue 586, 34)",2024-08,1,5.0,2024-08-01
B092889KCW,"Youthor Workout Biker Shorts Women - 8"" Womens Athletic High Waisted Yoga Shorts",2024-06,1,5.0,2024-06-01
B0928FSGGD,NELEUS Women's 3 Pack Compression Shirts Long Sleeve Yoga Athletic Running T Shirt,2021-04,1,5.0,2021-04-01
B0928FSGGD,NELEUS Women's 3 Pack Compression Shirts Long Sleeve Yoga Athletic Running T Shirt,2022-02,1,5.0,2022-02-01
B0928FSGGD,NELEUS Women's 3 Pack Compression Shirts Long Sleeve Yoga Athletic Running T Shirt,2022-05,1,4.0,2022-05-01
B0928FSGGD,NELEUS Women's 3 Pack Compression Shirts Long Sleeve Yoga Athletic Running T Shirt,2022-08,1,4.0,2022-08-01
B0928FSGGD,NELEUS Women's 3 Pack Compression Shirts Long Sleeve Yoga Athletic Running T Shirt,2023-01,1,4.0,2023-01-01
B0928FSGGD,NELEUS Women's 3 Pack Compression Shirts Long Sleeve Yoga Athletic Running T Shirt,2023-02,2,5.0,2023-02-01
B0928FSGGD,NELEUS Women's 3 Pack Compression Shirts Long Sleeve Yoga Athletic Running T Shirt,2023-09,1,5.0,2023-09-01
B0928FSGGD,NELEUS Women's 3 Pack Compression Shirts Long Sleeve Yoga Athletic Running T Shirt,2024-02,2,5.0,2024-02-01
B0928FSGGD,NELEUS Women's 3 Pack Compression Shirts Long Sleeve Yoga Athletic Running T Shirt,2024-05,1,5.0,2024-05-01
B0928FSGGD,NELEUS Women's 3 Pack Compression Shirts Long Sleeve Yoga Athletic Running T Shirt,2024-06,1,5.0,2024-06-01
B0928FSGGD,NELEUS Women's 3 Pack Compression Shirts Long Sleeve Yoga Athletic Running T Shirt,2024-07,1,5.0,2024-07-01
B0928FSGGD,NELEUS Women's 3 Pack Compression Shirts Long Sleeve Yoga Athletic Running T Shirt,2024-12,1,5.0,2024-12-01
B0928FSGGD,NELEUS Women's 3 Pack Compression Shirts Long Sleeve Yoga Athletic Running T Shirt,2025-01,1,3.0,2025-01-01
B0928FSGGD,NELEUS Women's 3 Pack Compression Shirts Long Sleeve Yoga Athletic Running T Shirt,2025-02,1,5.0,2025-02-01
B0928FSGGD,NELEUS Women's 3 Pack Compression Shirts Long Sleeve Yoga Athletic Running T Shirt,2025-04,1,5.0,2025-04-01
B0928FSGGD,NELEUS Women's 3 Pack Compression Shirts Long Sleeve Yoga Athletic Running T Shirt,2025-05,1,5.0,2025-05-01
B0928FSGGD,NELEUS Women's 3 Pack Compression Shirts Long Sleeve Yoga Athletic Running T Shirt,2025-09,1,4.0,2025-09-01
B0928FSGGD,NELEUS Women's 3 Pack Compression Shirts Long Sleeve Yoga Athletic Running T Shirt,2025-11,1,5.0,2025-11-01
B0928FSGGD,NELEUS Women's 3 Pack Compression Shirts Long Sleeve Yoga Athletic Running T Shirt,2026-02,1,5.0,2026-02-01
B092GBDMNQ,"Gloria Vanderbilt Women's Amanda Classic High Rise Tapered Jean, Autumn Apple, 18 Plus Short",2025-01,2,4.0,2025-01-01
B092GBDMNQ,"Gloria Vanderbilt Women's Amanda Classic High Rise Tapered Jean, Autumn Apple, 18 Plus Short",2025-04,1,3.0,2025-04-01
B092Q4456C,"Fashion Vintage Drop Dangle Earrings,1/2Pairs Women Small LOVE Heart Alloy Ear Stud Earrings Party Club Jewelry Gift, Boho Bohemian Earrings for Women Girls- Red 1 Pair#",2025-02,1,5.0,2025-02-01
B092S6Y5W5,TOBWIZU Women Racerback Sports Bras -Removable Padded Seamless Med Support for Yoga Gym Workout Fitness Activewear Bra,2025-10,1,5.0,2025-10-01
B0932M61DK,Boho Tops for Women Short Sleeve T Shirts V Neck Summer Dolman Tops Blue Green L,2024-08,1,4.0,2024-08-01
B09365WKZ3,CHICZONE Summer Tops for Women Ralgan Sleeve Crewneck Tshirts Casual Color Block Tees Peach M,2025-03,1,1.0,2025-03-01
B093F5VNY3,Libsofter Womens Cotton High Waisted Underwear Soft Breathable Support Briefs Sports Wicking Panties 5 Pack,2024-09,1,4.0,2024-09-01
B093K9H3H5,"WMZCYXY Women's Summer Casual V Neck Sleeveless Tank Tops Loose Fitting Solid Camisole (X-Large,Orange,X-Large)",2024-07,1,5.0,2024-07-01
B093PT2HWG,HAOKEKE Women's Elegant Shealth Dress Blue Lace Dress for Lady Ceremony Party Event XL,2024-08,1,5.0,2024-08-01
B093VRGVC8,"FERJITGR 5 Pack Stretchy Bands Compatible with Samsung Galaxy Watch 42mm/Galaxy Active 2 40mm 44mm/ Galaxy Watch 3 41mm Band/ Gizmo Watch 2/1 Smart Watch, 20mm Soft Nylon Sport Elastics Strap Breathable Wristband Women Men (Blue Green Set)",2024-08,1,2.0,2024-08-01
B093W6M7D1,30pcs Cute Flowers PVC unisex-adult Shoe Charms Different Shapes Cat Giraffe Leaves for Shoe Decoration,2024-09,1,2.0,2024-09-01
B093Y81YQY,Satin Hair Bonnet for Black Women Extra Large Double Layer Elastic Wide Band Silkly Satin Cap for Braid Curly Natural Hair Green,2026-02,1,5.0,2026-02-01
B093ZTJD83,"IEFWELL Graduation Gifts for Her 2022, Graduation Cap Necklace 2022 Graduation Gifts Heart Pendant Initial Necklace Class of 2022 College Graduation Necklaces Graduation Gifts for Her（C",2024-08,1,5.0,2024-08-01
B09412XBVP,"NiYaDress Sexy Deep V Neck T Shirts Cute Basic Tees Low Cut Tops for Women Teens Summer Casual Red, US 12",2024-07,1,5.0,2024-07-01
B0941JHC8V,Western Chief Men's Plush Indoor and Outdoor Slipper Moccasin,2025-05,1,5.0,2025-05-01
B094373KXB,"GSGGIG Men's Shorts Casual Flat Front Shorts, Classic Cotton Summer Beach with Multi-Pocket 8062-E CAMO-36",2024-07,1,3.0,2024-07-01
B0944ZHCF7,Electric Heated Vest Size Adjustable USB Charging Body Warmer Heating Jacke,2024-01,1,4.0,2024-01-01
B09462HHT4,"Rene Rofe Women's Floral Print Nightgown with Lace Straps, Large, Grey",2024-10,1,5.0,2024-10-01
B09477YW6G,Paw Patrol Rubble Marshall Chase French Terry 2 Pack Jogger Pants Infant to Little Kid,2025-01,1,5.0,2025-01-01
B0947T953Q,Alicegana Womens Sandals Walking Comfort Shoes with Slip on Open Toes Bohemian Beach Flats Adjustable Rhinestone Platform Casual Leather Dress Shoes Brown,2024-08,1,1.0,2024-08-01
B0948N9JJZ,"Coloseaya Baseball Sunglasses, Polarized Cycling Sunglasses for Men and Women, Sports Glasses for Running Driving Fishing (Blue)",2024-10,2,4.5,2024-10-01
B0948XN6T1,KUIIHUAZ Women Summer Short Sleeve Tunic Dress V Neck Casual Tie Dye Floral Print Ruffle Pleated Flowy Swing Shift Dresses,2024-09,1,4.0,2024-09-01
B0948XN6T1,KUIIHUAZ Women Summer Short Sleeve Tunic Dress V Neck Casual Tie Dye Floral Print Ruffle Pleated Flowy Swing Shift Dresses,2025-05,1,5.0,2025-05-01
B0948XN6T1,KUIIHUAZ Women Summer Short Sleeve Tunic Dress V Neck Casual Tie Dye Floral Print Ruffle Pleated Flowy Swing Shift Dresses,2025-09,1,5.0,2025-09-01
B094BX4JHR,Nike Women's Medium Support Non Padded Sports Bra,2025-08,1,4.0,2025-08-01
B094C3K1XG,Love Republic Girls' Sweatpants - 2 Pack Active Warm-Up Fleece Jogger Pants (Sizes 7-16),2024-08,1,2.0,2024-08-01
B094CK9H5G,"Fesciory Adjustable Working Caps with Button & Sweatband, Women Ponytail Pouch Hats, Long Hair",2024-06,1,5.0,2024-06-01
B094CK9H5G,"Fesciory Adjustable Working Caps with Button & Sweatband, Women Ponytail Pouch Hats, Long Hair",2025-02,1,5.0,2025-02-01
B094CK9H5G,"Fesciory Adjustable Working Caps with Button & Sweatband, Women Ponytail Pouch Hats, Long Hair",2025-04,1,5.0,2025-04-01
B094HDVFHP,Artemisia Designs Medieval Halloween Dress 3 Piece - Pirate Costume Gown Renaissance Faire Wench - Regular and Plus Size,2022-06,1,5.0,2022-06-01
B094HDVFHP,Artemisia Designs Medieval Halloween Dress 3 Piece - Pirate Costume Gown Renaissance Faire Wench - Regular and Plus Size,2022-11,1,4.0,2022-11-01
B094JY23PK,CHARMYI Tshirt Dresses for Women Casual Summer Dresses for Women Swing Shirt Dresses for Women Midi Length T Shirt Dress Empire Waist Plain Aline Sundress Belt Ruched Flowy Dark Purple M,2024-09,1,5.0,2024-09-01
B094MS9M19,HUHOT Women's Fit and Flare Short Sleeve Short Swing Graduation Mini Basic Dress,2024-08,1,5.0,2024-08-01
B094MXHWDY,RSLOVE Women Sexy Lingerie Lace Teddy Bodysuit Deep V Backless Sleeveless Romper Sleepwear Dark Green S,2024-09,1,5.0,2024-09-01
B094R1KCZN,"Women's UPF 50+ Sun Protection Hoodie Jackets, Long Sleeves Hiking Outdoor Performance UV Shirts with Pockets",2024-10,1,4.0,2024-10-01
B094R1KCZN,"Women's UPF 50+ Sun Protection Hoodie Jackets, Long Sleeves Hiking Outdoor Performance UV Shirts with Pockets",2025-03,1,4.0,2025-03-01
B094VBWRTV,ARRIGO BELLO Women Plus Size Swimsuits One Piece Bathing Suits Swimsuit Tankini Swimdress Swimwear Red,2024-07,1,1.0,2024-07-01
B09531TR1Y,TEN MIRO 10 Pairs 18G Stainless Steel Cartilage Studs Earrings Tragus Lobe Ear Piercing Barbell Earrings Round Cubic Zirconia Flat Screw Back Earrings for Women Men(2MM),2025-11,1,3.0,2025-11-01
B0953X782J,"Womens Vintage Shirt Music Concert Tees Summer Short Sleeve Casual Graphic Tees (Red, X-Large)",2026-01,1,5.0,2026-01-01
B095C2WPFH,Lu's Chic Women's Cotton Nightgown Plus Size Cami Sleepwear Sleeveless Summer Loungewear Soft Comfy Camisole Night Pajama Sleep Lounge Dress Pruple 0X,2024-10,1,5.0,2024-10-01
B095CCPK65,SATINIOR 4 Pieces Basic Crop Tank Tops Sleeveless Racerback Sport Cotton Tank Tops for Women,2023-09,1,5.0,2023-09-01
B095CCPK65,SATINIOR 4 Pieces Basic Crop Tank Tops Sleeveless Racerback Sport Cotton Tank Tops for Women,2025-03,1,5.0,2025-03-01
B095CFGJWL,"Niceyi Womens Summer Casual Short Sleeve V Neck Shirts Ladies Basic Cotton Color Block Loose Fit Tshirts Tops (Medium, A Light Grey)",2025-05,1,1.0,2025-05-01
B095H3NZRQ,"LALAND Fashion Goth Lips Ring Stainless Steel Piercing Jewelry Puncture Mouth Ring New Piercing in Mouth Fake Septum Piercing Body Jewelry(M,Silver)",2024-12,1,3.0,2024-12-01
B095L5BBTD,Tommy Hilfiger Women's Long Windbreaker Jacket,2025-08,1,5.0,2025-08-01
B095PDV2LQ,iWoo Men's Casual Hooded Sweatshirt Short Sleeves Hoodie Gym Pullover T shirts with Double Zippers Dark Grey XL,2025-12,1,5.0,2025-12-01
B095PY2J53,Velrose Plus Size Snip-It Crochet Edge Full Slip (6319),2019-01,1,2.0,2019-01-01
B095PY2J53,Velrose Plus Size Snip-It Crochet Edge Full Slip (6319),2020-10,1,5.0,2020-10-01
B095PY2J53,Velrose Plus Size Snip-It Crochet Edge Full Slip (6319),2020-11,1,5.0,2020-11-01
B095S7PR33,Women's Fashion T Shirt American Flag Polyester Tops Open Back Shirts for Women Open Shoulder Tops for Women M,2024-09,1,5.0,2024-09-01
B095SF29KY,VanEnjoy Pair Genuine Leather Purses Strap Sewing Canvas Backing Bag Handles Replacement,2025-05,1,4.0,2025-05-01
B095SF29KY,VanEnjoy Pair Genuine Leather Purses Strap Sewing Canvas Backing Bag Handles Replacement,2025-06,1,5.0,2025-06-01
B095VN29T6,Nayked Apparel Men's Ridiculously Soft Lightweight Crew Neck T-Shirt | Classic,2025-02,1,5.0,2025-02-01
B095WMK13L,HAOKEKE Women's Formal Dress Slim Waist Knee Length Round Collar Elegant Lady Midi Lace Dress for Workwear Red,2024-08,1,2.0,2024-08-01
B095XTRBYZ,SweatyRocks Women's Short Sleeve Baisc Crop Top Ribbed Knit Scoop Neck Slim Fit Tee Shirt White XL,2025-08,1,3.0,2025-08-01
B095YL8C9H,"LIKOSO Step Down Golf Tees 2-3/4"" 100 Pack Wooden Bamboo Golf Tees (White,70mm)",2025-03,1,5.0,2025-03-01
B095YSS5LR,Ama Larsi Women's Workout Sports Bras Compression Sports Bras for Women Removable Cups Medium Sport Yoga Sport Bra Ivory,2024-09,1,3.0,2024-09-01
B09637N4HV,"Leather Work Gloves for Kids - Soft, Comfortable, Flexible, Durable For Gardening, 4 Sizes Ages 3-14, Boys & Girls",2024-08,1,5.0,2024-08-01
B09637N4HV,"Leather Work Gloves for Kids - Soft, Comfortable, Flexible, Durable For Gardening, 4 Sizes Ages 3-14, Boys & Girls",2025-01,1,5.0,2025-01-01
B0964PXGCS,Ocean Blues Women's Light Support String Swim Top Triangle Bikini Top,2024-05,1,5.0,2024-05-01
B0964PXGCS,Ocean Blues Women's Light Support String Swim Top Triangle Bikini Top,2024-08,1,5.0,2024-08-01
B0967TXCWT,Hi! Himiko Toga Here! Mask Reusable and Washable Cloth Scarf Face Mask for Adult with Filters,2026-02,1,5.0,2026-02-01
B09696PKJY,Ekouaer Pajamas for Women Shorts Set Short Sleeve Sleepwear Top and Shorts Soft Sleep Sets,2025-04,1,1.0,2025-04-01
B0969JTHRX,Hanes womens Seamless,2025-02,1,5.0,2025-02-01
B0969JTHRX,Hanes womens Seamless,2025-08,1,5.0,2025-08-01
B0969XZKSG,50 Pcs Colored Multifunctional Stainless Steel Wire Keychains 1.5mm Cable Key Rings 6.1 Inches Aircraft Cable Key Ring Loops for Hanging Luggage Tags or ID Tags (Set A),2024-10,1,5.0,2024-10-01
B096K3C94L,Beatlone 3 pack Solo Loop Sport Bands Compatible for Apple Watch Band 38mm 40mm 41mm 42mm 44mm 45mm Soft Stretchy Wristband Women Men Elastic Strap Compatible for iWatch Series 7/6/SE/5/4/3/2/1,2025-05,1,5.0,2025-05-01
B096M24GBX,Boyoo Boy's Sweatpants Drawstring Tie Dye Joggers Pants with Side Stripe Active Sports Track Pants for 5-14Y,2025-12,1,5.0,2025-12-01
B096MLHF51,"Ekouaer Lounge Set for Women Pajamas Sets with Plaid Pants 2 Piece Sleeepwear Sweatshirt ,Large",2025-01,1,5.0,2025-01-01
B096V4S7V5,LightlyKiss Womens Sleeveless V Neck Sweater Vest Summer Fall Knitted Loose Cami Tank Tops,2024-09,1,2.0,2024-09-01
B096V7HW1Y,"2 Pack UPOLS Nylon Solo Loop Band Women Men Strap Compatible with Apple Watch Band 38mm 40mm 42mm 44mm, Braided Sport Adjustable Stretchy Elastic Wristband Compatible for iWatch Series 6/SE/5/4/3/2/1",2025-05,1,3.0,2025-05-01
B096VRMB8J,THRLEGBIRD Women's Cycling Underwear 3D Padded Bike Shorts Underwear Bicycle Briefs MTB Undershorts,2024-08,1,3.0,2024-08-01
B096WYNQXN,Tinkwell Men's Cotton Plaid Shirts Long Sleeve Button Down Casual Shirt Dark Brown XXL,2024-09,1,4.0,2024-09-01
B096YMN9TV,adidas Girl's Aeroready Colorblock Mélange Tights,2024-11,1,5.0,2024-11-01
B096YMN9TV,adidas Girl's Aeroready Colorblock Mélange Tights,2026-01,1,5.0,2026-01-01
B0972RLYCT,"Men's Outdoor Hiking Shorts Lightweight Quick Dry Stretch Cargo Shorts Travel Fishing Golf Tactical Shorts Waist 34"" Grey",2024-09,1,4.0,2024-09-01
B09743FC53,"OOTaoper Women's Halter Wrap Y2K Crop Top Lace Up Metal Front Solid Strappy Self-Tie Backless Cami Tank Tops (Medium,White)",2026-01,1,2.0,2026-01-01
B0976N8MV8,LAUREN RALPH LAUREN womens Halter,2020-11,1,2.0,2020-11-01
B09795LZ2D,Floerns Women's Layered Ruffle Hem Flutter Sleeve Split Bodycon Midi Dress Burgundy L,2025-07,1,5.0,2025-07-01
B097BK2NNM,CL Chonglin Halloween Inflatable Costumes for Adults Halloween Costumes Halloween Shark costumes Inflatable Shark Costumes Blow up Costumes Funny dress,2024-11,1,5.0,2024-11-01
B097BXK436,LaSuiveur Women’s Long Sleeve Crewneck Waist Knot Short Dresses Khaki S,2024-10,1,3.0,2024-10-01
B097C8CVV5,"Style Republic Solid Colored 100% Pure Cashmere Winter Mens Scarf | 20"" x 68"" inches",2025-05,1,4.0,2025-05-01
B097CXD2QZ,"18MM Width Stainless Steel Three Color Tones Braided Wave Wrap Style Wedding Promise Anniversary Ring (Silver, 8)",2025-01,1,5.0,2025-01-01
B097F4QGD6,"OrthoComfoot Men's Loafers & Slip-ons,Plantar Fasciitis, Foot and Heel Pain Relief,Orthopedic Casual Slippers Diabetic Bunions Boat Shoes",2024-06,1,1.0,2024-06-01
B097F4QGD6,"OrthoComfoot Men's Loafers & Slip-ons,Plantar Fasciitis, Foot and Heel Pain Relief,Orthopedic Casual Slippers Diabetic Bunions Boat Shoes",2024-07,1,5.0,2024-07-01
B097F4QGD6,"OrthoComfoot Men's Loafers & Slip-ons,Plantar Fasciitis, Foot and Heel Pain Relief,Orthopedic Casual Slippers Diabetic Bunions Boat Shoes",2024-08,1,5.0,2024-08-01
B097F4QGD6,"OrthoComfoot Men's Loafers & Slip-ons,Plantar Fasciitis, Foot and Heel Pain Relief,Orthopedic Casual Slippers Diabetic Bunions Boat Shoes",2025-07,2,4.5,2025-07-01
B097F4QGD6,"OrthoComfoot Men's Loafers & Slip-ons,Plantar Fasciitis, Foot and Heel Pain Relief,Orthopedic Casual Slippers Diabetic Bunions Boat Shoes",2025-12,1,1.0,2025-12-01
B097N6PQGH,"Women-Pajama-Top Fluffy-Sleepwear Long-Sleeve Cozy-Pullover - Longewear Warm Soft Crewneck Drawstring Sweater,Blue Grey,M",2024-11,1,4.0,2024-11-01
B097PGG97R,"Women Buffalo Bleach Shirts Western Sunset Graphic Tees Short Sleeve Adventure Tops (Dark Green, XL)",2025-02,1,2.0,2025-02-01
B097RFTKJP,Happy Sailed Women Summer Halter Neck Dress Floral Print Bohemian Beach Dresses S-XL,2022-02,1,5.0,2022-02-01
B097RFTKJP,Happy Sailed Women Summer Halter Neck Dress Floral Print Bohemian Beach Dresses S-XL,2022-04,2,4.5,2022-04-01
B097RFTKJP,Happy Sailed Women Summer Halter Neck Dress Floral Print Bohemian Beach Dresses S-XL,2022-06,1,3.0,2022-06-01
B097RFTKJP,Happy Sailed Women Summer Halter Neck Dress Floral Print Bohemian Beach Dresses S-XL,2022-07,1,5.0,2022-07-01
B097RFTKJP,Happy Sailed Women Summer Halter Neck Dress Floral Print Bohemian Beach Dresses S-XL,2022-10,1,3.0,2022-10-01
B097RFTKJP,Happy Sailed Women Summer Halter Neck Dress Floral Print Bohemian Beach Dresses S-XL,2023-11,2,3.0,2023-11-01
B097RFTKJP,Happy Sailed Women Summer Halter Neck Dress Floral Print Bohemian Beach Dresses S-XL,2023-12,1,1.0,2023-12-01
B097RFTKJP,Happy Sailed Women Summer Halter Neck Dress Floral Print Bohemian Beach Dresses S-XL,2024-08,1,5.0,2024-08-01
B097RFTKJP,Happy Sailed Women Summer Halter Neck Dress Floral Print Bohemian Beach Dresses S-XL,2024-09,1,5.0,2024-09-01
B097RFTKJP,Happy Sailed Women Summer Halter Neck Dress Floral Print Bohemian Beach Dresses S-XL,2024-11,1,5.0,2024-11-01
B097RFTKJP,Happy Sailed Women Summer Halter Neck Dress Floral Print Bohemian Beach Dresses S-XL,2025-03,1,3.0,2025-03-01
B097RFTKJP,Happy Sailed Women Summer Halter Neck Dress Floral Print Bohemian Beach Dresses S-XL,2025-07,1,5.0,2025-07-01
B097RFTKJP,Happy Sailed Women Summer Halter Neck Dress Floral Print Bohemian Beach Dresses S-XL,2025-08,1,5.0,2025-08-01
B097RFTKJP,Happy Sailed Women Summer Halter Neck Dress Floral Print Bohemian Beach Dresses S-XL,2025-09,2,3.5,2025-09-01
B097RFTKJP,Happy Sailed Women Summer Halter Neck Dress Floral Print Bohemian Beach Dresses S-XL,2025-11,1,5.0,2025-11-01
B097STSJPD,"FTOMLH Reusable Shopping Bags Foldable,44LB Weight Capacity Tote Bags,Heavy Duty Reusable Bags Grocery Bags Washable,6 Pack,Cute Pattern,Durable and Waterproof",2024-09,2,4.0,2024-09-01
B097WF9WBK,Starborn Fossil Shark Tooth Cap Set Pendant in Sterling Silver,2022-08,1,5.0,2022-08-01
B097XMVWRL,U.S. Polo Assn. Womens Pajama Pants – Comfy Lounge and Pajama Pants for Women,2024-04,1,3.0,2024-04-01
B097XMVWRL,U.S. Polo Assn. Womens Pajama Pants – Comfy Lounge and Pajama Pants for Women,2024-06,1,5.0,2024-06-01
B097ZHC6LK,"Gildan Men's Ultra Cotton T-Shirt, Style G2000, 2-Pack LRG-Black+Military",2024-08,1,5.0,2024-08-01
B0982W7XVL,18mm Elastics Adjustable Quick Release Watch Strap Compatible with Fossil Women's Gen 4 Q Venture HR/Women's Gen 3 Venture Soft Nylon Stretchy Sport Fitness Watch Strap (Boho Blue Green),2025-08,1,5.0,2025-08-01
B0983G2YV1,"Zero Zoo Tummy Control Slim Fit Stretchy Activewear Exercise Yoga Leggings, Every Week Daily Use Hikes, Runs, Rides and Travel,Fashion Smooth Fit Pants for Women 1 Pack, Pink, XXXL",2025-01,1,5.0,2025-01-01
B0986ZSC2D,Ekouaer Womens Pajama Sets Long Sleeve Sleepwear Button Down Pajamas Tops and Pants Pj Set Loungewear,2025-03,1,5.0,2025-03-01
B0987SB57F,LOLLO VITA Womens Long Hoodie Dress Color Block Hooded Sweatshirt Long Pullover Dress with Pockets Grey,2024-11,1,5.0,2024-11-01
B0988715HJ,Lupa Kids Handmade Unisex Triple-Layer Micro Fleece Headband - Kids Ear Warmer Headband - Fleece Ear Warmers for Kids (Black),2024-02,1,5.0,2024-02-01
B0988C5XNH,Isaac Liev Women's Maxi Cardigan – Casual Long Sleeve Open Front Hoodie Flowy Drape Lightweight Duster with Hood (197 Dark Teal L),2026-02,1,4.0,2026-02-01
B098DLF6BJ,corciova Polarized Sunglasses for Men and Women Trendy 2022 Sun glasses for Driving Fishing 100% UV Protection,2017-12,1,5.0,2017-12-01
B098DLF6BJ,corciova Polarized Sunglasses for Men and Women Trendy 2022 Sun glasses for Driving Fishing 100% UV Protection,2018-10,1,5.0,2018-10-01
B098DLF6BJ,corciova Polarized Sunglasses for Men and Women Trendy 2022 Sun glasses for Driving Fishing 100% UV Protection,2019-09,1,5.0,2019-09-01
B098DLF6BJ,corciova Polarized Sunglasses for Men and Women Trendy 2022 Sun glasses for Driving Fishing 100% UV Protection,2019-10,2,2.5,2019-10-01
B098JT1WBH,Womens Casual Cardigan Open Front Cable Knit Sweater with Pockets Black XXL,2024-09,1,4.0,2024-09-01
B098JT1WBH,Womens Casual Cardigan Open Front Cable Knit Sweater with Pockets Black XXL,2024-12,1,3.0,2024-12-01
B098LYFFNB,"4 Pack Kids Girls Ponytail Baseball Hat Trucker Dad Ball Cap Criss Cross Messy Buns Ponycaps Distressed Washed Denim (Pink, Light Blue, Black, Brick Red)",2024-11,1,5.0,2024-11-01
B098QCBM2T,"CARFFIV Mens Coat Tuxedo Jacket Gothic Costume Vintage Tailcoat Halloween Party Outwear Vintage Trench Coat Overcoat Groom Wedding Dress (red, US Size XL 44R)",2025-02,1,1.0,2025-02-01
B098X1TRSG,"wishangol 6Pcs Healing Crystal Nose Cuff Non Piercing, Fake Nose Rings, African Nose Cuff, Clip on Nose Ring for Women Men, Fake Piercings (Gold)",2024-09,1,3.0,2024-09-01
B0991S3G8Y,"Fallorchid Women's V-Neck T-Shirts Casual Short Sleeve Summer Tops (Army Green,XX-Large)",2025-05,1,4.0,2025-05-01
B0991ZY83R,Sunzel Women's Slim Fit Lightweight Jackets Full Zip Sports Running Jacket With Thumb Holes For Workout Yoga Athletic,2024-10,1,5.0,2024-10-01
B09957YH5D,Cot-Oath Mens Workout Sweatshirt Athletic Hoodies - Stylish Gym Running Hoodies Lightweight Pullover,2023-11,1,5.0,2023-11-01
B09957YH5D,Cot-Oath Mens Workout Sweatshirt Athletic Hoodies - Stylish Gym Running Hoodies Lightweight Pullover,2024-07,1,3.0,2024-07-01
B09978923D,"Isaac Morris Super Mario Little Boys Sherpa Fleece Zip Hoodie, Dark Grey, 6-7 Years",2024-12,1,5.0,2024-12-01
B099DXKZ48,Ymoshoe Sweater Vest Women Ruffle Sleeves Pullover Cable Knit Crew Neck Sweaters Tank Tops Apricot,2024-11,1,4.0,2024-11-01
B099DY4NH9,STORYCOAST Heart Shaped Sunglasses for Women Girls Ladies Vintage Goggle Mod Sun Glasses Shades,2021-07,1,3.0,2021-07-01
B099DY4NH9,STORYCOAST Heart Shaped Sunglasses for Women Girls Ladies Vintage Goggle Mod Sun Glasses Shades,2023-04,1,3.0,2023-04-01
B099DY4NH9,STORYCOAST Heart Shaped Sunglasses for Women Girls Ladies Vintage Goggle Mod Sun Glasses Shades,2026-03,1,4.0,2026-03-01
B099GF2JG2,"OrthoComfoot Mens Slippers with Arch Support,Plantar Fasciitis Orthopedic House Shoes，Slip On Moccasin Slippers for Indoor Outdoor",2025-01,1,5.0,2025-01-01
B099GF2JG2,"OrthoComfoot Mens Slippers with Arch Support,Plantar Fasciitis Orthopedic House Shoes，Slip On Moccasin Slippers for Indoor Outdoor",2025-04,1,5.0,2025-04-01
B099GF2JG2,"OrthoComfoot Mens Slippers with Arch Support,Plantar Fasciitis Orthopedic House Shoes，Slip On Moccasin Slippers for Indoor Outdoor",2025-05,1,1.0,2025-05-01
B099GF2JG2,"OrthoComfoot Mens Slippers with Arch Support,Plantar Fasciitis Orthopedic House Shoes，Slip On Moccasin Slippers for Indoor Outdoor",2025-07,1,1.0,2025-07-01
B099GF2JG2,"OrthoComfoot Mens Slippers with Arch Support,Plantar Fasciitis Orthopedic House Shoes，Slip On Moccasin Slippers for Indoor Outdoor",2026-01,1,5.0,2026-01-01
B099J6DYP7,Womens Casual Long Sleeve Swing Tunic Asymmetrical V Neck Solid Knit Pleated Shirt with Pocker Light Blue XL,2024-11,1,3.0,2024-11-01
B099K3KFDK,GRACE KARIN Women Knitted Cardigan Sweater Button Down Open Front Casual Sweater Black XL,2025-01,1,5.0,2025-01-01
B099PF829P,BYSCHAGRL Womens Heart Pullover Sweaters Long Sleeve Cute Crewneck Kintted Tops,2024-10,1,5.0,2024-10-01
B099PF829P,BYSCHAGRL Womens Heart Pullover Sweaters Long Sleeve Cute Crewneck Kintted Tops,2024-11,1,4.0,2024-11-01
B099PF829P,BYSCHAGRL Womens Heart Pullover Sweaters Long Sleeve Cute Crewneck Kintted Tops,2025-04,1,4.0,2025-04-01
B099R4CBS9,"2PCS Parent-Child Hat,Mother & Daughter/Son Winter Warm Knit Hat Family Beanie Cap (A - Ivory)",2025-03,1,1.0,2025-03-01
B099ZG9MMS,Dimore 3 Pairs Winter Gloves for Women Cold Weather Girls With Touch Screen Fingers Warm Thick Texting Bulk Wholesale,2020-12,1,5.0,2020-12-01
B099ZG9MMS,Dimore 3 Pairs Winter Gloves for Women Cold Weather Girls With Touch Screen Fingers Warm Thick Texting Bulk Wholesale,2021-01,3,4.666666666666667,2021-01-01
B099ZG9MMS,Dimore 3 Pairs Winter Gloves for Women Cold Weather Girls With Touch Screen Fingers Warm Thick Texting Bulk Wholesale,2021-02,1,3.0,2021-02-01
B099ZG9MMS,Dimore 3 Pairs Winter Gloves for Women Cold Weather Girls With Touch Screen Fingers Warm Thick Texting Bulk Wholesale,2021-03,1,5.0,2021-03-01
B099ZG9MMS,Dimore 3 Pairs Winter Gloves for Women Cold Weather Girls With Touch Screen Fingers Warm Thick Texting Bulk Wholesale,2023-02,1,5.0,2023-02-01
B099ZG9MMS,Dimore 3 Pairs Winter Gloves for Women Cold Weather Girls With Touch Screen Fingers Warm Thick Texting Bulk Wholesale,2024-01,1,5.0,2024-01-01
B099ZG9MMS,Dimore 3 Pairs Winter Gloves for Women Cold Weather Girls With Touch Screen Fingers Warm Thick Texting Bulk Wholesale,2025-03,1,2.0,2025-03-01
B099ZG9MMS,Dimore 3 Pairs Winter Gloves for Women Cold Weather Girls With Touch Screen Fingers Warm Thick Texting Bulk Wholesale,2026-01,1,4.0,2026-01-01
B09B3653HV,Women's Summer Happy Camper Long Sleeve T Shirt Dress Casual Loose Oversize Dresses with Pockets Grey,2025-08,1,5.0,2025-08-01
B09B3QYNW6,YAXHWIV Men's Tactical Pants Quick Dry Slim Fit Rip-Stop Hiking Pants Water Repellent Lightweight Cargo Work Outdoor Trousers with Pockets Black,2024-10,1,5.0,2024-10-01
B09B78PQ5W,"Mijobs Strap Compatible with Samsung Galaxy Fit 2 SM-R220 Bands for Women Men, Sport Straps Replacement Wristband Accessories for Samsung Galaxy Fit2 (Milan,Sliver)",2025-05,1,5.0,2025-05-01
B09B7HZ2HN,"Vampire Lip Piercings, Spike Lips Hoop Rings, Piercing Tiger Tooth Nail, Stainless Steel C Rod Punk Lip Piercing Vampire Teeth Decoration (2 PCS)",2025-04,1,3.0,2025-04-01
B09BFWLF3Z,Eyegla Wholesale Sunglasses Bulk for Adults Party Favors Retro Classic Shades,2022-08,5,4.4,2022-08-01
B09BFWLF3Z,Eyegla Wholesale Sunglasses Bulk for Adults Party Favors Retro Classic Shades,2024-09,1,4.0,2024-09-01
B09BHM4VPL,"Thinx Air Bikini, Period Underwear for Women, Light Absorbency",2025-03,1,5.0,2025-03-01
B09BN1PDW4,"OrthoComfoot Men's Slip On Loafers,Arch Support Boat Shoes for Plantar Fasciitis,Canvas Leisure Vintage Flat Walking Orthopedic Shoes for Extra Cushioning and Pain Relief",2024-07,1,5.0,2024-07-01
B09BN1PDW4,"OrthoComfoot Men's Slip On Loafers,Arch Support Boat Shoes for Plantar Fasciitis,Canvas Leisure Vintage Flat Walking Orthopedic Shoes for Extra Cushioning and Pain Relief",2024-12,1,5.0,2024-12-01
B09BN1PDW4,"OrthoComfoot Men's Slip On Loafers,Arch Support Boat Shoes for Plantar Fasciitis,Canvas Leisure Vintage Flat Walking Orthopedic Shoes for Extra Cushioning and Pain Relief",2025-05,1,5.0,2025-05-01
B09BN1PDW4,"OrthoComfoot Men's Slip On Loafers,Arch Support Boat Shoes for Plantar Fasciitis,Canvas Leisure Vintage Flat Walking Orthopedic Shoes for Extra Cushioning and Pain Relief",2025-07,1,4.0,2025-07-01
B09BN1PDW4,"OrthoComfoot Men's Slip On Loafers,Arch Support Boat Shoes for Plantar Fasciitis,Canvas Leisure Vintage Flat Walking Orthopedic Shoes for Extra Cushioning and Pain Relief",2026-04,1,5.0,2026-04-01
B09BN2K4FB,CURY PROTECH Oval Polarized Sunglasses for Women - Narrow Cat Eye Sunglasses Classic Retro Style UV100% Blocking,2024-10,1,4.0,2024-10-01
B09BVL18HJ,"Mhunter 5-Packs Elastic Bands Compatible with Fitbit Versa 2/ Versa/Fitbit Versa Lite, Adjustable Nylon Replacement Straps Wristband for Fitbit Versa Smart Watch for Women and Men",2025-04,1,5.0,2025-04-01
B09BVL18HJ,"Mhunter 5-Packs Elastic Bands Compatible with Fitbit Versa 2/ Versa/Fitbit Versa Lite, Adjustable Nylon Replacement Straps Wristband for Fitbit Versa Smart Watch for Women and Men",2025-05,1,5.0,2025-05-01
B09C1JPJYR,Soneven Women's Golf Shirt Moisture Wicking Long Sleeve Shirt Half Zip Pullover Athletic,2026-03,1,2.0,2026-03-01
B09C5TPJH1,Gosasa Men Sport Watch Countdown Stopwatch Watch Mens Wrist Watch Waterproof LED Electronic Digital Male Watch 12/24 Hour Multifunctional Watch,2022-02,1,5.0,2022-02-01
B09C5TPJH1,Gosasa Men Sport Watch Countdown Stopwatch Watch Mens Wrist Watch Waterproof LED Electronic Digital Male Watch 12/24 Hour Multifunctional Watch,2022-08,1,5.0,2022-08-01
B09C6R6QS4,More of Me to Love womens Soft,2019-10,1,5.0,2019-10-01
B09C6R6QS4,More of Me to Love womens Soft,2020-05,1,3.0,2020-05-01
B09C7MY2KX,Men's Quilted Flannel Lined Active Jacket Waterproof Cotton Duck Hooded Workwear Winter Coat,2025-01,2,4.0,2025-01-01
B09C87GD35,Feufall kids Sweatshirts 3d Printed Friday Night Hoodies  Boys/Girls Pullover Hoodie 2-10-12 Years,2025-01,1,3.0,2025-01-01
B09CCYSC7N,Zhitunemi Renaissance Costumes for Women Dress Fairy Gothic Gown Chemise Peasant Dress Medieval Costume,2024-10,1,5.0,2024-10-01
B09CCYSC7N,Zhitunemi Renaissance Costumes for Women Dress Fairy Gothic Gown Chemise Peasant Dress Medieval Costume,2024-12,1,5.0,2024-12-01
B09CCYSC7N,Zhitunemi Renaissance Costumes for Women Dress Fairy Gothic Gown Chemise Peasant Dress Medieval Costume,2025-07,1,5.0,2025-07-01
B09CCYSC7N,Zhitunemi Renaissance Costumes for Women Dress Fairy Gothic Gown Chemise Peasant Dress Medieval Costume,2025-09,1,5.0,2025-09-01
B09CGSB7W2,Keevoom Men's Waterproof Ski Jacket Winter Warm Snow Coat Windproof Mountain Raincoat Snowboarding Hooded Jackets for Mens,2025-01,1,5.0,2025-01-01
B09CGSB7W2,Keevoom Men's Waterproof Ski Jacket Winter Warm Snow Coat Windproof Mountain Raincoat Snowboarding Hooded Jackets for Mens,2025-02,2,4.5,2025-02-01
B09CGSB7W2,Keevoom Men's Waterproof Ski Jacket Winter Warm Snow Coat Windproof Mountain Raincoat Snowboarding Hooded Jackets for Mens,2025-03,1,5.0,2025-03-01
B09CKVXFLY,"BurNury Women Sport Bra Pack Y-Back Sport Bra with Padded Criss Cross Cropped Bras for Yoga Workout Medium Fitness(Black+White+Blue01, X-Large)",2024-11,1,5.0,2024-11-01
B09CL1JR85,Verdusa Women's Lace Up Front V Neck Spaghetti Strap Slim Fitted Crop Cami Top Black M,2025-03,1,4.0,2025-03-01
B09CLB11KJ,LYANER Women's 4pcs Sleepwear Satin Floral Lace Trim Cami Pajama Set with Robe Pink XX-Large,2025-05,1,3.0,2025-05-01
B09CPK4VTN,SweatyRocks Women's Causal Drawstring Waist Active Workout Long Yoga Pant with Pocket,2021-03,1,3.0,2021-03-01
B09CPK4VTN,SweatyRocks Women's Causal Drawstring Waist Active Workout Long Yoga Pant with Pocket,2021-04,1,5.0,2021-04-01
B09CPK4VTN,SweatyRocks Women's Causal Drawstring Waist Active Workout Long Yoga Pant with Pocket,2021-12,1,4.0,2021-12-01
B09CPK4VTN,SweatyRocks Women's Causal Drawstring Waist Active Workout Long Yoga Pant with Pocket,2022-01,1,4.0,2022-01-01
B09CPK4VTN,SweatyRocks Women's Causal Drawstring Waist Active Workout Long Yoga Pant with Pocket,2023-03,1,5.0,2023-03-01
B09CYMMBYW,MAKEMECHIC Women's Plus Size Long Sleeve Solid Hoodies Sweatshirt with Pocket Pink 4XL,2024-12,1,2.0,2024-12-01
B09DBL77JK,Aoxjox Women's Workout Hyperflex Lightweight Long Sleeve Seamless Crop Top Gym Sport Shirts,2024-09,1,5.0,2024-09-01
B09DBNX5TW,Rose Earrings Studs Sterling Silver Hypoallergenic Earrings Red Rose Ear Studs Handmade for Women Girls,2025-01,1,5.0,2025-01-01
B09DCJGPW7,Women's Brushed Plaid Shirts Long Sleeve Flannel Lapel Button Down Pocketed Shacket Flannel Jacket Coats Grey,2025-01,1,4.0,2025-01-01
B09DFV2W5Q,"Women's Long Sleeve Cable Knit Sweater Open Front Cardigan Button Loose Casual Outerwear with Pockets (Grass Green, X-Large)",2025-03,1,5.0,2025-03-01
B09DVFZG59,20 Pieces Empty Travel Bottles with Keychain Holder Set Include 5 Portable 30ml Refillable Travel Bottle Container with Flip Cap 5 Reusable Bottle Holders 5 Wristlet + 5 Keychain,2025-02,1,5.0,2025-02-01
B09F2Y7G41,"Waist Trainer for Women, TunTenDo Snatch Me Up Bandage Wrap, Adjustable Wrapped Lumbar Support Belt, Body Shaper, Comfortable Back Brace for Lower Back Pain Relief (Black)",2024-11,1,5.0,2024-11-01
B09F9P23YY,Outray Safety Bifocal Glasses Wrap Around Protective Goggles Clear Lens Readers Anti Scratch Anti Blue Light,2025-04,1,5.0,2025-04-01
B09FJH6XXV,"JASGOOD 2 Pack Uniform Belts for Girls Skinny Elastic Waist Dress Belt with Alloy Interlocking Buckle, Suit Waist Size:19”-23”, B-Black+White",2025-10,1,1.0,2025-10-01
B09FKL1TF9,"LUIZA VERA Women's 100% Merino Wool Fall Winter Warm Soft Knitted Cardigan Sweater, Tan-L",2025-11,1,5.0,2025-11-01
B09FKL5HQP,"LUIZA VERA Women's 100% Merino Wool Fall Winter Warm Soft Knitted Pullover Turtleneck Sweater, Red-m",2024-12,1,4.0,2024-12-01
B09FKZ2V92,MRSYVES Casual 2 Piece Outfits Short Sets for Women Tie Dye Sports Tracksuit Plus Size T-Shirt Bodycon Shorts Summer,2025-12,1,5.0,2025-12-01
B09FLDWMBT,"Jumyee Heated Vest for Men Women, 5 Heating Zones Heated Jacket, Washable Neck Heated Clothing (NO Power Bank)",2025-03,1,1.0,2025-03-01
B09FLDX164,"SUEANI Women's Waffle Knit Tunic Blouse Loose Tops Long Sleeve Round Notched Neck Pullover Shirts with Pocket(Large, Dark Green)",2024-12,1,5.0,2024-12-01
B09FT4F12Y,150 Pieces Wire Keychain Cable Stainless Steel Key Rings Loop Wire Cable Braided Steel Key Chain,2025-05,1,5.0,2025-05-01
B09GBP1PSB,Men's Trench Coat Casual Cape Cloak Irregular Hem Hoodie Cargidan Fashion Punk Irregular Windbreaker Mid-Length,2025-02,1,1.0,2025-02-01
B09GCVWHS3,"Speidel Nato Style Watchbands in 18,20, and 22mm",2024-02,1,5.0,2024-02-01
B09GCVWHS3,"Speidel Nato Style Watchbands in 18,20, and 22mm",2025-02,1,5.0,2025-02-01
B09GFKNZGP,"Msndnkwo PA Rings Internally Threaded Circular Barbells Horseshoe Spring Action CBR Surgical Steel Body Piercing Septum Earrings Stretching kit 2G Earrings,Ear Plugs,PA Rings,Rose Gold CSY-0070",2025-03,1,5.0,2025-03-01
B09GJKYBQ9,"Byupin 3pc Men's Nylon Belt, Military Tactical Belts Breathable Webbing Canvas Belt with Zinc Alloy Buckle for Pants",2025-04,1,4.0,2025-04-01
B09GLLMBVC,EBUTY Medical Alert ID Bracelet Classic Steel DNR,2024-11,1,5.0,2024-11-01
B09GLTNXHN,"Black Spike Triangle Huggie Hinged Hoop Earrings for Men Women, Stainless Steel, 2pcs",2025-02,1,5.0,2025-02-01
B09GPSZJYK,"Tommie Copper Core Compression Half Finger Gloves, Unisex, Men & Women, 4D Stretch, Sweat Wicking Breathable Gloves for Hand Stiffness, Swelling & Joint Support",2024-08,1,5.0,2024-08-01
B09GPSZJYK,"Tommie Copper Core Compression Half Finger Gloves, Unisex, Men & Women, 4D Stretch, Sweat Wicking Breathable Gloves for Hand Stiffness, Swelling & Joint Support",2026-02,1,2.0,2026-02-01
B09GXM82LH,Locs Super Dark Lowrider Sunglasses Gangster Hardcore Cholo Vintage Flat Top Black Frame,2025-01,1,5.0,2025-01-01
B09GXTB4WY,SEYUFN Men Winter Glove Women Ski Mittens Mens Snowboarding Gloves Womens Waterproof Snow Mitten Zipper Pocket Cold Weather,2024-12,1,5.0,2024-12-01
B09GXTB4WY,SEYUFN Men Winter Glove Women Ski Mittens Mens Snowboarding Gloves Womens Waterproof Snow Mitten Zipper Pocket Cold Weather,2025-03,1,4.0,2025-03-01
B09H3FX3RR,Amazon Essentials Women's Active Sculpt High Rise Full Length Legging,2025-07,2,4.0,2025-07-01
B09H5J9H8D,Kids Face Mask Washable Reusable Cloth Masks Elastic Ear Loops Mouth Protect Balaclavas for Kids Boys Girls 5Pcs,2024-12,1,5.0,2024-12-01
B09H65TD9M,SANTINY Women's Cotton Sweatpants Yoga Lounge Casual Pants Open Bottom Sweat Pants for Women with Pockets,2025-06,1,5.0,2025-06-01
B09H65TD9M,SANTINY Women's Cotton Sweatpants Yoga Lounge Casual Pants Open Bottom Sweat Pants for Women with Pockets,2025-10,1,1.0,2025-10-01
B09H65TD9M,SANTINY Women's Cotton Sweatpants Yoga Lounge Casual Pants Open Bottom Sweat Pants for Women with Pockets,2026-02,1,5.0,2026-02-01
B09H6MXJ71,NELEUS Men's 3 Pack Dry Fit Y-Back Muscle Tank Top,2020-10,1,5.0,2020-10-01
B09H6MXJ71,NELEUS Men's 3 Pack Dry Fit Y-Back Muscle Tank Top,2021-04,2,4.5,2021-04-01
B09H6MXJ71,NELEUS Men's 3 Pack Dry Fit Y-Back Muscle Tank Top,2021-05,1,5.0,2021-05-01
B09H6MXJ71,NELEUS Men's 3 Pack Dry Fit Y-Back Muscle Tank Top,2021-11,2,5.0,2021-11-01
B09H6MXJ71,NELEUS Men's 3 Pack Dry Fit Y-Back Muscle Tank Top,2022-04,4,4.5,2022-04-01
B09H6MXJ71,NELEUS Men's 3 Pack Dry Fit Y-Back Muscle Tank Top,2022-05,2,5.0,2022-05-01
B09H6MXJ71,NELEUS Men's 3 Pack Dry Fit Y-Back Muscle Tank Top,2022-06,1,5.0,2022-06-01
B09H6MXJ71,NELEUS Men's 3 Pack Dry Fit Y-Back Muscle Tank Top,2022-11,2,5.0,2022-11-01
B09H6MXJ71,NELEUS Men's 3 Pack Dry Fit Y-Back Muscle Tank Top,2023-02,1,5.0,2023-02-01
B09H6MXJ71,NELEUS Men's 3 Pack Dry Fit Y-Back Muscle Tank Top,2023-08,1,5.0,2023-08-01
B09H6MXJ71,NELEUS Men's 3 Pack Dry Fit Y-Back Muscle Tank Top,2024-02,1,5.0,2024-02-01
B09H6MXJ71,NELEUS Men's 3 Pack Dry Fit Y-Back Muscle Tank Top,2024-03,2,5.0,2024-03-01
B09H6MXJ71,NELEUS Men's 3 Pack Dry Fit Y-Back Muscle Tank Top,2024-07,1,4.0,2024-07-01
B09H6MXJ71,NELEUS Men's 3 Pack Dry Fit Y-Back Muscle Tank Top,2024-08,1,5.0,2024-08-01
B09H6MXJ71,NELEUS Men's 3 Pack Dry Fit Y-Back Muscle Tank Top,2024-11,1,5.0,2024-11-01
B09H6MXJ71,NELEUS Men's 3 Pack Dry Fit Y-Back Muscle Tank Top,2024-12,1,5.0,2024-12-01
B09H6MXJ71,NELEUS Men's 3 Pack Dry Fit Y-Back Muscle Tank Top,2025-01,2,4.0,2025-01-01
B09H6MXJ71,NELEUS Men's 3 Pack Dry Fit Y-Back Muscle Tank Top,2025-07,2,4.0,2025-07-01
B09H6MXJ71,NELEUS Men's 3 Pack Dry Fit Y-Back Muscle Tank Top,2025-08,2,2.0,2025-08-01
B09H6MXJ71,NELEUS Men's 3 Pack Dry Fit Y-Back Muscle Tank Top,2025-11,1,5.0,2025-11-01
B09H6MXJ71,NELEUS Men's 3 Pack Dry Fit Y-Back Muscle Tank Top,2025-12,1,1.0,2025-12-01
B09H7VM8WJ,Calvin Olivia Cashmere Feel Scarf Soft Winter Ombre Nova Buffalo Tartan Tweed Houndstooth Plaid Gift Men Women,2023-02,1,4.0,2023-02-01
B09H7VM8WJ,Calvin Olivia Cashmere Feel Scarf Soft Winter Ombre Nova Buffalo Tartan Tweed Houndstooth Plaid Gift Men Women,2024-04,1,5.0,2024-04-01
B09H7VM8WJ,Calvin Olivia Cashmere Feel Scarf Soft Winter Ombre Nova Buffalo Tartan Tweed Houndstooth Plaid Gift Men Women,2025-01,1,5.0,2025-01-01
B09H7VM8WJ,Calvin Olivia Cashmere Feel Scarf Soft Winter Ombre Nova Buffalo Tartan Tweed Houndstooth Plaid Gift Men Women,2025-12,1,3.0,2025-12-01
B09H7VM8WJ,Calvin Olivia Cashmere Feel Scarf Soft Winter Ombre Nova Buffalo Tartan Tweed Houndstooth Plaid Gift Men Women,2026-01,1,5.0,2026-01-01
B09H7VM8WJ,Calvin Olivia Cashmere Feel Scarf Soft Winter Ombre Nova Buffalo Tartan Tweed Houndstooth Plaid Gift Men Women,2026-02,1,5.0,2026-02-01
B09HB12QPP,Flannel Shirts for Women Long Sleeve Fall Corduroy Jacket Cardigan Black,2024-11,1,5.0,2024-11-01
B09HBNRLV3,"10 Pairs Magnetic Stud Earrings for Men Stainless Steel, Non-Piercing Cross Dangle Hoop Earrings Unisex Gauges Clip on, CZ Earring Set (Simple Style)",2025-07,1,4.0,2025-07-01
B09HH52MZW,"ALLAXDO 100% Natural Cloth Silk Face Masks for Women and Men, Black Reusable Washable Breathable Adjustable 2 Packs",2024-01,1,3.0,2024-01-01
B09HNSNJCD,GUAFAEWT Face C-over Washable Reusable Funny Cloth madk with Adjustable Ear Loops for Women Men Kids,2025-03,1,3.0,2025-03-01
B09HS9SM9D,"Full Grain Leather Belts for Men, YOETEY Genuine Leather Belts Heavy Duty 1 1/2"", Mens Belts Casual and Jeans",2025-01,1,4.0,2025-01-01
B09HTTM13D,Women's Notch Lapel Double-Breasted Long Sleeve A Line Dress Overcoats White S,2024-12,1,5.0,2024-12-01
B09HVCZZK7,Snoga Women’s Modest Faux Wrap Skirt with Cropped Leggings - Active Yoga Pants with Mid-Length Skirt for Exercise,2025-01,1,5.0,2025-01-01
B09J1YPTK7,Therafit Annie Women's Slip Resistant Leather Slip On - for Plantar Fasciitis/Foot Pain,2019-11,1,5.0,2019-11-01
B09J23DQYP,SLIM-SATION Women's Wide Band Ankle Pant Pull-on Pant with Tummy Control,2019-03,1,5.0,2019-03-01
B09J23DQYP,SLIM-SATION Women's Wide Band Ankle Pant Pull-on Pant with Tummy Control,2019-06,1,3.0,2019-06-01
B09J23DQYP,SLIM-SATION Women's Wide Band Ankle Pant Pull-on Pant with Tummy Control,2019-12,1,5.0,2019-12-01
B09J23DQYP,SLIM-SATION Women's Wide Band Ankle Pant Pull-on Pant with Tummy Control,2021-01,1,3.0,2021-01-01
B09J23DQYP,SLIM-SATION Women's Wide Band Ankle Pant Pull-on Pant with Tummy Control,2021-07,1,3.0,2021-07-01
B09J23DQYP,SLIM-SATION Women's Wide Band Ankle Pant Pull-on Pant with Tummy Control,2021-08,1,2.0,2021-08-01
B09J23DQYP,SLIM-SATION Women's Wide Band Ankle Pant Pull-on Pant with Tummy Control,2022-02,1,5.0,2022-02-01
B09J23DQYP,SLIM-SATION Women's Wide Band Ankle Pant Pull-on Pant with Tummy Control,2025-07,1,5.0,2025-07-01
B09J4V7YZV,Womens Plush Hooded Sweatshirts Long Sleeve Oversized Hoodies Zip Hood Sweater Fall Winter Pullover Zipper Coats with Pocket Blue,2024-12,1,2.0,2024-12-01
B09J8FLDSZ,"EraSpooky Women Christmas Santa Costume, Short Dress with Hood",2026-03,1,5.0,2026-03-01
B09JB3B36S,"Xchime Cloth Face Mask for Women, Men, Teens, Made in USA,Washable Reusable,Breathable with Filter pocket and Nose Wire",2023-10,1,5.0,2023-10-01
B09JB3B36S,"Xchime Cloth Face Mask for Women, Men, Teens, Made in USA,Washable Reusable,Breathable with Filter pocket and Nose Wire",2023-12,3,5.0,2023-12-01
B09JB3B36S,"Xchime Cloth Face Mask for Women, Men, Teens, Made in USA,Washable Reusable,Breathable with Filter pocket and Nose Wire",2024-01,2,4.5,2024-01-01
B09JB3B36S,"Xchime Cloth Face Mask for Women, Men, Teens, Made in USA,Washable Reusable,Breathable with Filter pocket and Nose Wire",2024-02,3,5.0,2024-02-01
B09JB3B36S,"Xchime Cloth Face Mask for Women, Men, Teens, Made in USA,Washable Reusable,Breathable with Filter pocket and Nose Wire",2024-03,4,4.75,2024-03-01
B09JB3B36S,"Xchime Cloth Face Mask for Women, Men, Teens, Made in USA,Washable Reusable,Breathable with Filter pocket and Nose Wire",2024-04,2,4.0,2024-04-01
B09JB3B36S,"Xchime Cloth Face Mask for Women, Men, Teens, Made in USA,Washable Reusable,Breathable with Filter pocket and Nose Wire",2024-05,1,5.0,2024-05-01
B09JB3B36S,"Xchime Cloth Face Mask for Women, Men, Teens, Made in USA,Washable Reusable,Breathable with Filter pocket and Nose Wire",2024-06,1,5.0,2024-06-01
B09JB3B36S,"Xchime Cloth Face Mask for Women, Men, Teens, Made in USA,Washable Reusable,Breathable with Filter pocket and Nose Wire",2024-10,2,5.0,2024-10-01
B09JB3B36S,"Xchime Cloth Face Mask for Women, Men, Teens, Made in USA,Washable Reusable,Breathable with Filter pocket and Nose Wire",2024-11,1,5.0,2024-11-01
B09JB3B36S,"Xchime Cloth Face Mask for Women, Men, Teens, Made in USA,Washable Reusable,Breathable with Filter pocket and Nose Wire",2025-01,1,5.0,2025-01-01
B09JB3B36S,"Xchime Cloth Face Mask for Women, Men, Teens, Made in USA,Washable Reusable,Breathable with Filter pocket and Nose Wire",2025-02,1,5.0,2025-02-01
B09JB3B36S,"Xchime Cloth Face Mask for Women, Men, Teens, Made in USA,Washable Reusable,Breathable with Filter pocket and Nose Wire",2025-11,1,5.0,2025-11-01
B09JC3KNLF,We1Fit Men's Athletic Golf Shirts Dry Fit Short Sleeve Sports Polo Shirt for Gym Workout Dark Grey,2025-05,1,5.0,2025-05-01
B09JCJLZ7S,Thanksgiving Turkey Brooch Pins for Women Girls Jacket Bag Charms Chicken Pins Jewelry Gifts (Coffee),2026-01,1,5.0,2026-01-01
B09JFJ229D,BXZUSIO 100% Mulberry Silk Bonnet for Sleeping Hair Care Night Silk Sleep Cap with Adjustable Elastic Stay On Head,2025-02,1,4.0,2025-02-01
B09JFMVCR6,BXZUSIO 100% Mulberry Silk Bonnet for Sleeping Hair Care Night Silk Sleep Cap with Adjustable Elastic Stay On Head,2025-01,1,4.0,2025-01-01
B09JFNQV7R,"DEANGELMON Women Seamless Thongs No Show Thong Underwear Workout Panties High Waist Tanga Multiple Pack (4P1,XL)",2025-03,1,1.0,2025-03-01
B09JGR9CF3,"Miraflex New Baby 2 Eyeglasses for Kids - Eyewear for Girls & Boys 42/16/130, Ages 4-6 - Non Toxic Plastic Frame",2020-05,1,2.0,2020-05-01
B09JNSP9F5,Under Armour Men's Armourfleece 1/4 Zip,2025-10,1,5.0,2025-10-01
B09JNYPS46,1 Pair Women Jewelry Silver Double Beaded Rhinestone Crystal Stud Earrings,2026-02,1,1.0,2026-02-01
B09JP9V261,"CHENKAI Christmas Leggings for Women Women's Holiday Leggings Halloween Leggings Workout Leggings, Black",2025-02,1,1.0,2025-02-01
B09JSLMB9X,"Bracelet for Apple AirTag, Kids Air Tag Wristband DIY Cute Kid Toddler Hidden Adjustable Watch Band Anti-Lost Silicone Case (Pink Green White Black)",2025-05,1,3.0,2025-05-01
B09JSQZFFQ,SOLY HUX Girl's Casual Elastic High Waisted Flare Leg Pants Trousers Tribal Print 8Y,2025-05,1,3.0,2025-05-01
B09JXVQ1M1,MJ Metals Jewelry Elegant 18k Rose Gold Plated Men Women Traditional Wedding Band or Engagement Ring 2mm-6mm Widths,2019-11,1,4.0,2019-11-01
B09K4XG235,GYM RAINBOW Women's Lightweight Running Jackets Cottony-Soft 4-Way Stretch Zip up Slim Fit Workout Yoga Athletic Jacket,2025-12,2,5.0,2025-12-01
B09K71HDXM,NELEUS Men's Dry Fit Long Sleeve Athletic Running Shirts,2025-05,1,2.0,2025-05-01
B09K71HDXM,NELEUS Men's Dry Fit Long Sleeve Athletic Running Shirts,2026-01,1,4.0,2026-01-01
B09K7BCNXG,Shirtdress Maxi Women Casual Button Down Long Sleeve Floral Print Loose Cocktail Swing Dress with Belt,2023-09,1,5.0,2023-09-01
B09KHSM7BB,"Russell Athletic Men's Dri-Power Fleece Hoodies & Sweatshirts, Moisture Wicking, Cotton Blend, Relaxed Fit, Sizes S-4X",2016-04,1,5.0,2016-04-01
B09KHSM7BB,"Russell Athletic Men's Dri-Power Fleece Hoodies & Sweatshirts, Moisture Wicking, Cotton Blend, Relaxed Fit, Sizes S-4X",2016-09,1,5.0,2016-09-01
B09KHSM7BB,"Russell Athletic Men's Dri-Power Fleece Hoodies & Sweatshirts, Moisture Wicking, Cotton Blend, Relaxed Fit, Sizes S-4X",2016-12,1,5.0,2016-12-01
B09KHSM7BB,"Russell Athletic Men's Dri-Power Fleece Hoodies & Sweatshirts, Moisture Wicking, Cotton Blend, Relaxed Fit, Sizes S-4X",2017-01,1,5.0,2017-01-01
B09KHSM7BB,"Russell Athletic Men's Dri-Power Fleece Hoodies & Sweatshirts, Moisture Wicking, Cotton Blend, Relaxed Fit, Sizes S-4X",2017-03,1,5.0,2017-03-01
B09KHSM7BB,"Russell Athletic Men's Dri-Power Fleece Hoodies & Sweatshirts, Moisture Wicking, Cotton Blend, Relaxed Fit, Sizes S-4X",2017-08,1,5.0,2017-08-01
B09KHSM7BB,"Russell Athletic Men's Dri-Power Fleece Hoodies & Sweatshirts, Moisture Wicking, Cotton Blend, Relaxed Fit, Sizes S-4X",2017-10,1,5.0,2017-10-01
B09KHSM7BB,"Russell Athletic Men's Dri-Power Fleece Hoodies & Sweatshirts, Moisture Wicking, Cotton Blend, Relaxed Fit, Sizes S-4X",2017-12,1,5.0,2017-12-01
B09KHSM7BB,"Russell Athletic Men's Dri-Power Fleece Hoodies & Sweatshirts, Moisture Wicking, Cotton Blend, Relaxed Fit, Sizes S-4X",2018-01,1,3.0,2018-01-01
B09KHSM7BB,"Russell Athletic Men's Dri-Power Fleece Hoodies & Sweatshirts, Moisture Wicking, Cotton Blend, Relaxed Fit, Sizes S-4X",2018-02,4,5.0,2018-02-01
B09KHSM7BB,"Russell Athletic Men's Dri-Power Fleece Hoodies & Sweatshirts, Moisture Wicking, Cotton Blend, Relaxed Fit, Sizes S-4X",2018-03,3,4.0,2018-03-01
B09KHSM7BB,"Russell Athletic Men's Dri-Power Fleece Hoodies & Sweatshirts, Moisture Wicking, Cotton Blend, Relaxed Fit, Sizes S-4X",2018-04,1,5.0,2018-04-01
B09KHSM7BB,"Russell Athletic Men's Dri-Power Fleece Hoodies & Sweatshirts, Moisture Wicking, Cotton Blend, Relaxed Fit, Sizes S-4X",2018-05,1,2.0,2018-05-01
B09KHSM7BB,"Russell Athletic Men's Dri-Power Fleece Hoodies & Sweatshirts, Moisture Wicking, Cotton Blend, Relaxed Fit, Sizes S-4X",2018-06,2,5.0,2018-06-01
B09KHSM7BB,"Russell Athletic Men's Dri-Power Fleece Hoodies & Sweatshirts, Moisture Wicking, Cotton Blend, Relaxed Fit, Sizes S-4X",2019-01,1,5.0,2019-01-01
B09KHSM7BB,"Russell Athletic Men's Dri-Power Fleece Hoodies & Sweatshirts, Moisture Wicking, Cotton Blend, Relaxed Fit, Sizes S-4X",2019-02,2,5.0,2019-02-01
B09KHSM7BB,"Russell Athletic Men's Dri-Power Fleece Hoodies & Sweatshirts, Moisture Wicking, Cotton Blend, Relaxed Fit, Sizes S-4X",2019-05,2,5.0,2019-05-01
B09KHSM7BB,"Russell Athletic Men's Dri-Power Fleece Hoodies & Sweatshirts, Moisture Wicking, Cotton Blend, Relaxed Fit, Sizes S-4X",2019-06,2,5.0,2019-06-01
B09KHSM7BB,"Russell Athletic Men's Dri-Power Fleece Hoodies & Sweatshirts, Moisture Wicking, Cotton Blend, Relaxed Fit, Sizes S-4X",2019-07,1,5.0,2019-07-01
B09KHSM7BB,"Russell Athletic Men's Dri-Power Fleece Hoodies & Sweatshirts, Moisture Wicking, Cotton Blend, Relaxed Fit, Sizes S-4X",2019-08,1,5.0,2019-08-01
B09KHSM7BB,"Russell Athletic Men's Dri-Power Fleece Hoodies & Sweatshirts, Moisture Wicking, Cotton Blend, Relaxed Fit, Sizes S-4X",2019-11,1,4.0,2019-11-01
B09KHSM7BB,"Russell Athletic Men's Dri-Power Fleece Hoodies & Sweatshirts, Moisture Wicking, Cotton Blend, Relaxed Fit, Sizes S-4X",2019-12,2,5.0,2019-12-01
B09KHSM7BB,"Russell Athletic Men's Dri-Power Fleece Hoodies & Sweatshirts, Moisture Wicking, Cotton Blend, Relaxed Fit, Sizes S-4X",2020-01,6,4.666666666666667,2020-01-01
B09KHSM7BB,"Russell Athletic Men's Dri-Power Fleece Hoodies & Sweatshirts, Moisture Wicking, Cotton Blend, Relaxed Fit, Sizes S-4X",2020-02,3,4.666666666666667,2020-02-01
B09KHSM7BB,"Russell Athletic Men's Dri-Power Fleece Hoodies & Sweatshirts, Moisture Wicking, Cotton Blend, Relaxed Fit, Sizes S-4X",2020-03,1,5.0,2020-03-01
B09KHSM7BB,"Russell Athletic Men's Dri-Power Fleece Hoodies & Sweatshirts, Moisture Wicking, Cotton Blend, Relaxed Fit, Sizes S-4X",2020-04,4,3.5,2020-04-01
B09KHSM7BB,"Russell Athletic Men's Dri-Power Fleece Hoodies & Sweatshirts, Moisture Wicking, Cotton Blend, Relaxed Fit, Sizes S-4X",2020-06,1,5.0,2020-06-01
B09KHSM7BB,"Russell Athletic Men's Dri-Power Fleece Hoodies & Sweatshirts, Moisture Wicking, Cotton Blend, Relaxed Fit, Sizes S-4X",2020-08,1,4.0,2020-08-01
B09KHSM7BB,"Russell Athletic Men's Dri-Power Fleece Hoodies & Sweatshirts, Moisture Wicking, Cotton Blend, Relaxed Fit, Sizes S-4X",2020-10,2,5.0,2020-10-01
B09KHSM7BB,"Russell Athletic Men's Dri-Power Fleece Hoodies & Sweatshirts, Moisture Wicking, Cotton Blend, Relaxed Fit, Sizes S-4X",2020-12,1,5.0,2020-12-01
B09KHSM7BB,"Russell Athletic Men's Dri-Power Fleece Hoodies & Sweatshirts, Moisture Wicking, Cotton Blend, Relaxed Fit, Sizes S-4X",2021-01,2,5.0,2021-01-01
B09KHSM7BB,"Russell Athletic Men's Dri-Power Fleece Hoodies & Sweatshirts, Moisture Wicking, Cotton Blend, Relaxed Fit, Sizes S-4X",2021-02,1,5.0,2021-02-01
B09KHSM7BB,"Russell Athletic Men's Dri-Power Fleece Hoodies & Sweatshirts, Moisture Wicking, Cotton Blend, Relaxed Fit, Sizes S-4X",2021-03,3,5.0,2021-03-01
B09KHSM7BB,"Russell Athletic Men's Dri-Power Fleece Hoodies & Sweatshirts, Moisture Wicking, Cotton Blend, Relaxed Fit, Sizes S-4X",2021-05,2,5.0,2021-05-01
B09KHSM7BB,"Russell Athletic Men's Dri-Power Fleece Hoodies & Sweatshirts, Moisture Wicking, Cotton Blend, Relaxed Fit, Sizes S-4X",2021-08,2,4.5,2021-08-01
B09KHSM7BB,"Russell Athletic Men's Dri-Power Fleece Hoodies & Sweatshirts, Moisture Wicking, Cotton Blend, Relaxed Fit, Sizes S-4X",2021-09,2,2.0,2021-09-01
B09KHSM7BB,"Russell Athletic Men's Dri-Power Fleece Hoodies & Sweatshirts, Moisture Wicking, Cotton Blend, Relaxed Fit, Sizes S-4X",2021-11,1,5.0,2021-11-01
B09KHSM7BB,"Russell Athletic Men's Dri-Power Fleece Hoodies & Sweatshirts, Moisture Wicking, Cotton Blend, Relaxed Fit, Sizes S-4X",2021-12,1,5.0,2021-12-01
B09KHSM7BB,"Russell Athletic Men's Dri-Power Fleece Hoodies & Sweatshirts, Moisture Wicking, Cotton Blend, Relaxed Fit, Sizes S-4X",2022-01,2,5.0,2022-01-01
B09KHSM7BB,"Russell Athletic Men's Dri-Power Fleece Hoodies & Sweatshirts, Moisture Wicking, Cotton Blend, Relaxed Fit, Sizes S-4X",2022-02,3,5.0,2022-02-01
B09KHSM7BB,"Russell Athletic Men's Dri-Power Fleece Hoodies & Sweatshirts, Moisture Wicking, Cotton Blend, Relaxed Fit, Sizes S-4X",2022-05,4,4.25,2022-05-01
B09KHSM7BB,"Russell Athletic Men's Dri-Power Fleece Hoodies & Sweatshirts, Moisture Wicking, Cotton Blend, Relaxed Fit, Sizes S-4X",2022-07,1,5.0,2022-07-01
B09KHSM7BB,"Russell Athletic Men's Dri-Power Fleece Hoodies & Sweatshirts, Moisture Wicking, Cotton Blend, Relaxed Fit, Sizes S-4X",2022-12,1,1.0,2022-12-01
B09KHSM7BB,"Russell Athletic Men's Dri-Power Fleece Hoodies & Sweatshirts, Moisture Wicking, Cotton Blend, Relaxed Fit, Sizes S-4X",2023-02,3,5.0,2023-02-01
B09KHSM7BB,"Russell Athletic Men's Dri-Power Fleece Hoodies & Sweatshirts, Moisture Wicking, Cotton Blend, Relaxed Fit, Sizes S-4X",2023-08,1,5.0,2023-08-01
B09KHSM7BB,"Russell Athletic Men's Dri-Power Fleece Hoodies & Sweatshirts, Moisture Wicking, Cotton Blend, Relaxed Fit, Sizes S-4X",2023-09,1,5.0,2023-09-01
B09KHSM7BB,"Russell Athletic Men's Dri-Power Fleece Hoodies & Sweatshirts, Moisture Wicking, Cotton Blend, Relaxed Fit, Sizes S-4X",2023-10,1,5.0,2023-10-01
B09KHSM7BB,"Russell Athletic Men's Dri-Power Fleece Hoodies & Sweatshirts, Moisture Wicking, Cotton Blend, Relaxed Fit, Sizes S-4X",2023-11,1,5.0,2023-11-01
B09KHSM7BB,"Russell Athletic Men's Dri-Power Fleece Hoodies & Sweatshirts, Moisture Wicking, Cotton Blend, Relaxed Fit, Sizes S-4X",2024-01,2,5.0,2024-01-01
B09KHSM7BB,"Russell Athletic Men's Dri-Power Fleece Hoodies & Sweatshirts, Moisture Wicking, Cotton Blend, Relaxed Fit, Sizes S-4X",2024-02,3,4.333333333333333,2024-02-01
B09KHSM7BB,"Russell Athletic Men's Dri-Power Fleece Hoodies & Sweatshirts, Moisture Wicking, Cotton Blend, Relaxed Fit, Sizes S-4X",2024-03,3,5.0,2024-03-01
B09KHSM7BB,"Russell Athletic Men's Dri-Power Fleece Hoodies & Sweatshirts, Moisture Wicking, Cotton Blend, Relaxed Fit, Sizes S-4X",2024-07,2,4.5,2024-07-01
B09KHSM7BB,"Russell Athletic Men's Dri-Power Fleece Hoodies & Sweatshirts, Moisture Wicking, Cotton Blend, Relaxed Fit, Sizes S-4X",2025-01,3,4.0,2025-01-01
B09KHSM7BB,"Russell Athletic Men's Dri-Power Fleece Hoodies & Sweatshirts, Moisture Wicking, Cotton Blend, Relaxed Fit, Sizes S-4X",2025-02,4,5.0,2025-02-01
B09KHSM7BB,"Russell Athletic Men's Dri-Power Fleece Hoodies & Sweatshirts, Moisture Wicking, Cotton Blend, Relaxed Fit, Sizes S-4X",2025-03,1,5.0,2025-03-01
B09KHSM7BB,"Russell Athletic Men's Dri-Power Fleece Hoodies & Sweatshirts, Moisture Wicking, Cotton Blend, Relaxed Fit, Sizes S-4X",2025-04,2,3.5,2025-04-01
B09KHSM7BB,"Russell Athletic Men's Dri-Power Fleece Hoodies & Sweatshirts, Moisture Wicking, Cotton Blend, Relaxed Fit, Sizes S-4X",2025-05,2,4.0,2025-05-01
B09KHSM7BB,"Russell Athletic Men's Dri-Power Fleece Hoodies & Sweatshirts, Moisture Wicking, Cotton Blend, Relaxed Fit, Sizes S-4X",2025-06,1,5.0,2025-06-01
B09KHSM7BB,"Russell Athletic Men's Dri-Power Fleece Hoodies & Sweatshirts, Moisture Wicking, Cotton Blend, Relaxed Fit, Sizes S-4X",2026-01,2,5.0,2026-01-01
B09KHSM7BB,"Russell Athletic Men's Dri-Power Fleece Hoodies & Sweatshirts, Moisture Wicking, Cotton Blend, Relaxed Fit, Sizes S-4X",2026-03,2,4.5,2026-03-01
B09KNNKNGF,Little Donkey Andy Women's Full Zip Sun Protection Hoodie Jacket Long Sleeve Shirt Running Hiking Golf Water Repellent UPF50,2024-04,1,4.0,2024-04-01
B09KT12NGT,Kid Nation Pullover,2021-12,1,5.0,2021-12-01
B09KT12NGT,Kid Nation Pullover,2022-08,1,5.0,2022-08-01
B09L18YM6V,WUWEIJIAJIA Unique Lightweight Acrylic Christmas Snowflake Dangle Drop Earrings snowman Santa Claus Tree Stud Earrings for Women Girls Statement Jewelry Gifts (Style-6),2025-01,1,1.0,2025-01-01
B09L4VYLMZ,Men's Polarized Sunglasses Anti UV Light Frame Carbon Fiber Decoration Suitable for Fishing Driving (black/Grey),2025-04,1,5.0,2025-04-01
B09L8B5CJL,SATINIOR 4 Pairs Magic Winter Gloves Unisex Gloves Knit Stretchy Mitten Full Fingers Warm Gloves for Men Women Sports,2025-01,1,5.0,2025-01-01
B09LLS1LGH,"OrthoComfoot Men's Plantar Fasciitis Slip-Ons Sneakers, Arch Support Walking Loafers, Foot and Heel Pain Relief Arch Support Shoes, Orthopedic Comfortable Casual Slip On",2025-12,1,5.0,2025-12-01
B09LLS1LGH,"OrthoComfoot Men's Plantar Fasciitis Slip-Ons Sneakers, Arch Support Walking Loafers, Foot and Heel Pain Relief Arch Support Shoes, Orthopedic Comfortable Casual Slip On",2026-03,1,5.0,2026-03-01
B09LLZZFLB,ALPHA CAMP Men's Long-Sleeve Hooded Full-Zip Fleece Jackets with Pockets Soft Polar Fleece Jacket,2026-03,1,5.0,2026-03-01
B09LMFLXV1,Umenlele Women's V Neck Puff Bishop Long Sleeve Peplum Work Shirt Blouse Top Pink X-Large,2025-03,1,1.0,2025-03-01
B09LP4N146,"READYSALTED Women's Platform Lace Up 4 Eyes Short Chunky Boots (LILU1-BK,US7)",2025-06,1,5.0,2025-06-01
B09LRK448D,"Dog Mom Gift Tote Bag - Dog Lovers Gifts for Women - Great Presents for Dog Lover, Best Dog Mom",2023-02,1,4.0,2023-02-01
B09LS6C31F,KOJOOIN Tunic Dress Boho Loose Casual Flattering Swing Skirt with Ruffles Women Autumn Lantern Long Sleeve V-Neck Dress,2024-11,1,5.0,2024-11-01
B09LSZ1GQ2,Kirkland Signature womens Full Zip,2022-02,1,5.0,2022-02-01
B09LW1LJ9H,Thomas & Vine Mens Donovan Moc Toe Boot,2024-01,1,1.0,2024-01-01
B09LW2GSLX,Journee Collection Womens Isobel Bootie with Pointed-Toe and Tru Comfort Foam Footbed,2023-03,1,1.0,2023-03-01
B09M3LBM2R,Queen.M Women's Basic Mock Turtleneck Long Sleeve Knit Tunic Pullover Tops Winter Base Layering Essentials Sweatershirt Grey,2025-02,1,5.0,2025-02-01
B09M5XFKD9,Lovezesent Women's V Neck Lace Trim Tank Tops Summer Sleeveless Tunic Shirts Blouses Tops,2024-07,1,1.0,2024-07-01
B09M6X79V9,NELEUS Women's 3 Pack Compression Base Layer Dry Fit Tank Top,2019-07,1,1.0,2019-07-01
B09M6X79V9,NELEUS Women's 3 Pack Compression Base Layer Dry Fit Tank Top,2019-08,1,5.0,2019-08-01
B09M6X79V9,NELEUS Women's 3 Pack Compression Base Layer Dry Fit Tank Top,2019-10,1,2.0,2019-10-01
B09M6X79V9,NELEUS Women's 3 Pack Compression Base Layer Dry Fit Tank Top,2019-12,1,5.0,2019-12-01
B09M6X79V9,NELEUS Women's 3 Pack Compression Base Layer Dry Fit Tank Top,2020-03,1,5.0,2020-03-01
B09M6X79V9,NELEUS Women's 3 Pack Compression Base Layer Dry Fit Tank Top,2020-05,1,3.0,2020-05-01
B09M6X79V9,NELEUS Women's 3 Pack Compression Base Layer Dry Fit Tank Top,2020-06,1,5.0,2020-06-01
B09M6X79V9,NELEUS Women's 3 Pack Compression Base Layer Dry Fit Tank Top,2020-08,1,5.0,2020-08-01
B09M6X79V9,NELEUS Women's 3 Pack Compression Base Layer Dry Fit Tank Top,2020-10,1,5.0,2020-10-01
B09M6X79V9,NELEUS Women's 3 Pack Compression Base Layer Dry Fit Tank Top,2021-01,1,5.0,2021-01-01
B09M6X79V9,NELEUS Women's 3 Pack Compression Base Layer Dry Fit Tank Top,2021-02,1,5.0,2021-02-01
B09M6X79V9,NELEUS Women's 3 Pack Compression Base Layer Dry Fit Tank Top,2021-04,2,5.0,2021-04-01
B09M6X79V9,NELEUS Women's 3 Pack Compression Base Layer Dry Fit Tank Top,2021-05,2,4.0,2021-05-01
B09M6X79V9,NELEUS Women's 3 Pack Compression Base Layer Dry Fit Tank Top,2021-06,4,3.0,2021-06-01
B09M6X79V9,NELEUS Women's 3 Pack Compression Base Layer Dry Fit Tank Top,2021-07,2,3.0,2021-07-01
B09M6X79V9,NELEUS Women's 3 Pack Compression Base Layer Dry Fit Tank Top,2021-11,1,5.0,2021-11-01
B09M6X79V9,NELEUS Women's 3 Pack Compression Base Layer Dry Fit Tank Top,2021-12,1,5.0,2021-12-01
B09M6X79V9,NELEUS Women's 3 Pack Compression Base Layer Dry Fit Tank Top,2022-02,3,4.333333333333333,2022-02-01
B09M6X79V9,NELEUS Women's 3 Pack Compression Base Layer Dry Fit Tank Top,2022-03,1,4.0,2022-03-01
B09M6X79V9,NELEUS Women's 3 Pack Compression Base Layer Dry Fit Tank Top,2022-04,2,3.5,2022-04-01
B09M6X79V9,NELEUS Women's 3 Pack Compression Base Layer Dry Fit Tank Top,2022-06,1,5.0,2022-06-01
B09M6X79V9,NELEUS Women's 3 Pack Compression Base Layer Dry Fit Tank Top,2022-07,1,5.0,2022-07-01
B09M6X79V9,NELEUS Women's 3 Pack Compression Base Layer Dry Fit Tank Top,2022-08,3,3.3333333333333335,2022-08-01
B09M6X79V9,NELEUS Women's 3 Pack Compression Base Layer Dry Fit Tank Top,2022-09,2,4.0,2022-09-01
B09M6X79V9,NELEUS Women's 3 Pack Compression Base Layer Dry Fit Tank Top,2022-10,1,4.0,2022-10-01
B09M6X79V9,NELEUS Women's 3 Pack Compression Base Layer Dry Fit Tank Top,2022-11,2,3.0,2022-11-01
B09M6X79V9,NELEUS Women's 3 Pack Compression Base Layer Dry Fit Tank Top,2023-02,2,3.0,2023-02-01
B09M6X79V9,NELEUS Women's 3 Pack Compression Base Layer Dry Fit Tank Top,2023-04,2,1.5,2023-04-01
B09M6X79V9,NELEUS Women's 3 Pack Compression Base Layer Dry Fit Tank Top,2023-05,1,4.0,2023-05-01
B09M6X79V9,NELEUS Women's 3 Pack Compression Base Layer Dry Fit Tank Top,2023-06,1,2.0,2023-06-01
B09M6X79V9,NELEUS Women's 3 Pack Compression Base Layer Dry Fit Tank Top,2023-08,3,4.333333333333333,2023-08-01
B09M6X79V9,NELEUS Women's 3 Pack Compression Base Layer Dry Fit Tank Top,2023-10,3,4.333333333333333,2023-10-01
B09M6X79V9,NELEUS Women's 3 Pack Compression Base Layer Dry Fit Tank Top,2023-12,1,5.0,2023-12-01
B09M6X79V9,NELEUS Women's 3 Pack Compression Base Layer Dry Fit Tank Top,2024-01,1,5.0,2024-01-01
B09M6X79V9,NELEUS Women's 3 Pack Compression Base Layer Dry Fit Tank Top,2024-03,3,5.0,2024-03-01
B09M6X79V9,NELEUS Women's 3 Pack Compression Base Layer Dry Fit Tank Top,2024-04,2,3.0,2024-04-01
B09M6X79V9,NELEUS Women's 3 Pack Compression Base Layer Dry Fit Tank Top,2024-08,4,2.0,2024-08-01
B09M6X79V9,NELEUS Women's 3 Pack Compression Base Layer Dry Fit Tank Top,2024-10,1,5.0,2024-10-01
B09M6X79V9,NELEUS Women's 3 Pack Compression Base Layer Dry Fit Tank Top,2024-11,2,5.0,2024-11-01
B09M6X79V9,NELEUS Women's 3 Pack Compression Base Layer Dry Fit Tank Top,2024-12,1,2.0,2024-12-01
B09M6X79V9,NELEUS Women's 3 Pack Compression Base Layer Dry Fit Tank Top,2025-02,2,5.0,2025-02-01
B09M6X79V9,NELEUS Women's 3 Pack Compression Base Layer Dry Fit Tank Top,2025-04,1,5.0,2025-04-01
B09M6X79V9,NELEUS Women's 3 Pack Compression Base Layer Dry Fit Tank Top,2025-05,1,5.0,2025-05-01
B09M6X79V9,NELEUS Women's 3 Pack Compression Base Layer Dry Fit Tank Top,2025-07,2,4.0,2025-07-01
B09M6X79V9,NELEUS Women's 3 Pack Compression Base Layer Dry Fit Tank Top,2025-08,3,3.6666666666666665,2025-08-01
B09M6X79V9,NELEUS Women's 3 Pack Compression Base Layer Dry Fit Tank Top,2025-09,2,3.0,2025-09-01
B09M6X79V9,NELEUS Women's 3 Pack Compression Base Layer Dry Fit Tank Top,2025-12,2,5.0,2025-12-01
B09M6X79V9,NELEUS Women's 3 Pack Compression Base Layer Dry Fit Tank Top,2026-04,1,4.0,2026-04-01
B09M7CL4CY,Knockaround Fast Lanes Polarized Sunglasses for Men & Women - Impact Resistant Lenses & Full UV400 Protection…,2023-03,1,2.0,2023-03-01
B09M7CL4CY,Knockaround Fast Lanes Polarized Sunglasses for Men & Women - Impact Resistant Lenses & Full UV400 Protection…,2024-06,1,4.0,2024-06-01
B09M7CL4CY,Knockaround Fast Lanes Polarized Sunglasses for Men & Women - Impact Resistant Lenses & Full UV400 Protection…,2024-08,2,5.0,2024-08-01
B09M7CL4CY,Knockaround Fast Lanes Polarized Sunglasses for Men & Women - Impact Resistant Lenses & Full UV400 Protection…,2025-07,1,5.0,2025-07-01
B09M7CL4CY,Knockaround Fast Lanes Polarized Sunglasses for Men & Women - Impact Resistant Lenses & Full UV400 Protection…,2026-04,1,4.0,2026-04-01
B09M8CD654,Women's Embroidered Floral Lightweight Soft Oversize Tassel Shawl Scarf Wraps Gift for Women Mask (Black),2025-01,2,3.5,2025-01-01
B09MDXJCHK,35° Below Compression Socks (1 pair and 2 pairs),2021-02,1,2.0,2021-02-01
B09MDXJCHK,35° Below Compression Socks (1 pair and 2 pairs),2022-02,1,2.0,2022-02-01
B09MFSWWWK,Spenco Men's Thrust Slide Sandal,2020-06,1,5.0,2020-06-01
B09MFSWWWK,Spenco Men's Thrust Slide Sandal,2025-10,1,3.0,2025-10-01
B09MJ2QX2S,WESTMIAJW Norse Viking Rune Ring Stainless Steel Band Rings Jewelry for Men Women Size 8,2025-04,1,4.0,2025-04-01
B09MJ6NSNM,NELEUS Dry Fit Workout Athletic Muscle Tank with Hoods Pack of 3,2021-07,1,2.0,2021-07-01
B09MJ6NSNM,NELEUS Dry Fit Workout Athletic Muscle Tank with Hoods Pack of 3,2022-02,1,5.0,2022-02-01
B09MJ6NSNM,NELEUS Dry Fit Workout Athletic Muscle Tank with Hoods Pack of 3,2022-06,1,5.0,2022-06-01
B09MJ6NSNM,NELEUS Dry Fit Workout Athletic Muscle Tank with Hoods Pack of 3,2022-10,1,5.0,2022-10-01
B09MJ6NSNM,NELEUS Dry Fit Workout Athletic Muscle Tank with Hoods Pack of 3,2022-11,1,3.0,2022-11-01
B09MJ6NSNM,NELEUS Dry Fit Workout Athletic Muscle Tank with Hoods Pack of 3,2023-02,1,3.0,2023-02-01
B09MJ6NSNM,NELEUS Dry Fit Workout Athletic Muscle Tank with Hoods Pack of 3,2023-05,2,5.0,2023-05-01
B09MJ6NSNM,NELEUS Dry Fit Workout Athletic Muscle Tank with Hoods Pack of 3,2023-10,1,4.0,2023-10-01
B09MJ6NSNM,NELEUS Dry Fit Workout Athletic Muscle Tank with Hoods Pack of 3,2023-11,1,5.0,2023-11-01
B09MJ6NSNM,NELEUS Dry Fit Workout Athletic Muscle Tank with Hoods Pack of 3,2024-04,1,4.0,2024-04-01
B09MJ6NSNM,NELEUS Dry Fit Workout Athletic Muscle Tank with Hoods Pack of 3,2025-06,1,5.0,2025-06-01
B09MJTRDCW,ALWAYS Women's Fleece Jogger Pants - Buttery Soft Warm Cozy Casual Sweatpants with Pockets,2022-11,1,2.0,2022-11-01
B09MJTRDCW,ALWAYS Women's Fleece Jogger Pants - Buttery Soft Warm Cozy Casual Sweatpants with Pockets,2023-10,1,5.0,2023-10-01
B09MJTRDCW,ALWAYS Women's Fleece Jogger Pants - Buttery Soft Warm Cozy Casual Sweatpants with Pockets,2024-01,1,4.0,2024-01-01
B09MJTRDCW,ALWAYS Women's Fleece Jogger Pants - Buttery Soft Warm Cozy Casual Sweatpants with Pockets,2024-05,1,5.0,2024-05-01
B09MJTRDCW,ALWAYS Women's Fleece Jogger Pants - Buttery Soft Warm Cozy Casual Sweatpants with Pockets,2024-06,1,4.0,2024-06-01
B09MJTRDCW,ALWAYS Women's Fleece Jogger Pants - Buttery Soft Warm Cozy Casual Sweatpants with Pockets,2026-02,1,5.0,2026-02-01
B09MRKCX7M,"Moissanite King Birthstone Necklaces for Women & Girls, Valentine's Day Gifts Crystal Love Heart Necklace Chains, Pendant-Necklaces Woman Jewelry Gifts for Mother/Daughter/Wife/ Girlfriend/Friendship/Sisters, Birthday Gifts for Lover",2025-03,1,4.0,2025-03-01
B09MTJV7LF,Mens Seersucker Suit Blazer Jackets Lightweight Business Sport Coat Beige XL,2025-06,1,5.0,2025-06-01
B09MYFS1BW,"VENTELAN Pajamas for Women 2 Piece Cute Cat Sleepwear Pajama Sleep Set,XX-Large",2025-09,1,4.0,2025-09-01
B09MYMZ87H,PinMart Year Service Award STAR Lapel Pin – Gold- & Silver-Plated Metal Workplace Reward Pin – 1-30 Years of Service Star Pins for Long Standing Employees or Volunteers,2024-03,1,5.0,2024-03-01
B09N3GHB9P,Woolly Clothing Women's Merino Pro-Knit Wool Cropped Pullover Hoodie - Mid Weight - Wicking Breathable Anti-Odor,2025-08,1,3.0,2025-08-01
B09N8PP2GC,QINSEN Women 2 Piece Workout Outfits Sports Bra Seamless Leggings Yoga Gym Activewear Set,2025-03,1,4.0,2025-03-01
B09NBQYNF9,JTJFIT If My Mouth Doesn't Say It My Face Definitely Will T-Shirt Women Tee Casual Short-Sleeve Girl T-Shirts Top(V-Light Blue-XL),2025-06,1,5.0,2025-06-01
B09NBRMPKV,JTJFIT If My Mouth Doesn't Say It My Face Definitely Will T-Shirt Women Tee Casual Short-Sleeve Girl T-Shirts Top(V-Dark Green-L),2025-06,1,5.0,2025-06-01
B09ND9T3RB,BangJiaju Womens 2 Piece Casual Tracksuit Outfits Sets Sweatsuits Crop Top and Sweatpants Set Jogger with Long Pants,2025-08,1,5.0,2025-08-01
B09NN9BZ8Z,"WZIKAI Mens Cargo Pants,Elastic Waist Sweatpants for Men Casual Long Trousers Light Jogger Pants Khaki XL",2025-04,1,2.0,2025-04-01
B09NNCT88Y,HYPERFAVOR Golf Polo Shirt for Men- Proud Golf American Flag Polo Shirt- Patriotic Short Sleeve Mens Golf Polos,2025-08,1,5.0,2025-08-01
B09NNCZQXP,HOULIFE 5-10 PCs 100% Cotton Floral Printed Handkerchief Elegant Hankies for Women Ladies Girls Wedding Party,2026-04,1,5.0,2026-04-01
B09NNSKG9D,"Heated Vest for Women, BIAL Lightweight Heated Vest with Battery Pack, Coldweather Women's Rechargeable Electric Slim Heated Jacket",2025-07,1,5.0,2025-07-01
B09NTTHNXV,Cartoon Colorful Love Heart Flipped Enamel Pin Set Childlike Fun Lapel Pin Love Life Brooch Pin Accessories for Backpacks Badges Clothing Gift,2026-03,1,5.0,2026-03-01
B09NVD9XNZ,NOMINATE Womens 3 Inches Running Shorts with Liner Quick Dry Athletic Workout Shorts with Zipper Pockets White,2025-09,1,3.0,2025-09-01
B09NYJ74ZS,Ekouaer Womens Lounger House Dress - Short Sleeve Patio Dress w/Side Pocket Yellow Green Floral 3X,2025-11,1,5.0,2025-11-01
B09P1WH87H,M&F Western Kids Baby Girl's Magan (Toddler/Little Kid),2023-05,1,5.0,2023-05-01
B09P3287S3,Hotouch Swing Dress Women Long Sleeve Casual Kenn Length Baby Doll Shirt Dress Summe Ruffle Hem Shift Dresses Army Green XL,2025-05,1,4.0,2025-05-01
B09PBNPWWF,Goranbon Women's Summer Casual T Shirts Waffle V Neck Short Sleeve Slim Fit Top Dark Pink,2025-07,1,1.0,2025-07-01
B09PD9N8YV,HAMANY Jewelry Punk Rock Men's Stainless Steel Skull Biker Ring,2020-01,1,5.0,2020-01-01
B09PHG4HVH,AI'MAGE Swimsuit Beach Bathing Suit Cover Up Pom Pom Trim Cover Up Crochet Bikini Cover Ups for Swimwear Beige,2025-08,1,5.0,2025-08-01
B09PJTFZTN,Zeta Socks Open Toe Inch Wide Calf Plus Size Compression 20-30 mmHg for Fatigue Pain Leg Swelling Soothing Comfy Gradient Support Prevents Edema DVT 1 Pair,2024-08,1,5.0,2024-08-01
B09PJTFZTN,Zeta Socks Open Toe Inch Wide Calf Plus Size Compression 20-30 mmHg for Fatigue Pain Leg Swelling Soothing Comfy Gradient Support Prevents Edema DVT 1 Pair,2025-09,1,5.0,2025-09-01
B09PJTFZTN,Zeta Socks Open Toe Inch Wide Calf Plus Size Compression 20-30 mmHg for Fatigue Pain Leg Swelling Soothing Comfy Gradient Support Prevents Edema DVT 1 Pair,2025-11,3,4.666666666666667,2025-11-01
B09PJTFZTN,Zeta Socks Open Toe Inch Wide Calf Plus Size Compression 20-30 mmHg for Fatigue Pain Leg Swelling Soothing Comfy Gradient Support Prevents Edema DVT 1 Pair,2025-12,2,4.0,2025-12-01
B09PJTFZTN,Zeta Socks Open Toe Inch Wide Calf Plus Size Compression 20-30 mmHg for Fatigue Pain Leg Swelling Soothing Comfy Gradient Support Prevents Edema DVT 1 Pair,2026-01,1,5.0,2026-01-01
B09PLHB2GZ,Womens Birthday Girl Shirt Casual Short Sleeve It's My Birthday Party Graphic Tee for Girl,2025-05,1,5.0,2025-05-01
B09PMVQMHN,Vislivin Soft Wirefree Bras for Women lace Padded Bralette Everyday Bra 3-Pack Black/Pink/White//-3 L,2025-04,1,4.0,2025-04-01
B09PTR9ZZG,"ZAFUL Women's Triangle Bikini Floral String Bikini Set Two Piece Swimsuit Bathing Suits (O-Blue, M)",2025-06,1,2.0,2025-06-01
B09PZPWQW2,"AISPARKY Small Crossbody Purse,PU Leather Small Purse for Womens and Girls With Pendant With Strap/Gold Chain Strap",2023-03,1,5.0,2023-03-01
B09PZPWQW2,"AISPARKY Small Crossbody Purse,PU Leather Small Purse for Womens and Girls With Pendant With Strap/Gold Chain Strap",2024-07,1,5.0,2024-07-01
B09PZPWQW2,"AISPARKY Small Crossbody Purse,PU Leather Small Purse for Womens and Girls With Pendant With Strap/Gold Chain Strap",2025-02,1,2.0,2025-02-01
B09QCVS62P,Pawarts Personalized Dog Shirt - Dog Tshirts for Men and Women Customized Dog Dad Shirt,2026-02,1,5.0,2026-02-01
B09QHQTX3H,"THE NORTH FACE Women's Half Dome Pullover Hoodie, Evening Sand Pink, XX-Large",2023-02,1,5.0,2023-02-01
B09QHQTX3H,"THE NORTH FACE Women's Half Dome Pullover Hoodie, Evening Sand Pink, XX-Large",2024-04,1,5.0,2024-04-01
B09QHQTX3H,"THE NORTH FACE Women's Half Dome Pullover Hoodie, Evening Sand Pink, XX-Large",2025-03,1,5.0,2025-03-01
B09QLFHGR6,2 Pairs of Shoe Trees I Adjustable Length Shoe Trees for Men I Shoe & Boot Trees I Men Shoe Tree Stretcher Boot Holder Organizers I Shoe Form Plastic I Heel Support (2),2025-09,1,4.0,2025-09-01
B09QQK5XZZ,"SULTOPY Women's Seamless Strappy Padded Sports Bra, Medium Impact Criss-Cross Back Camo Ribbed Yoga Workout Bra",2025-06,1,5.0,2025-06-01
B09QSZL94L,Ann Darling Womens 2023 Casual Summer Beach Dresses Floral Flared Party Dresses with Pockets,2025-08,1,4.0,2025-08-01
B09QYBMK78,Muscle Alive Men Athletic Long-Sleeve Hoodies Casual Sweatshirts,2021-01,1,5.0,2021-01-01
B09QYBMK78,Muscle Alive Men Athletic Long-Sleeve Hoodies Casual Sweatshirts,2022-06,1,5.0,2022-06-01
B09QYBMK78,Muscle Alive Men Athletic Long-Sleeve Hoodies Casual Sweatshirts,2024-02,1,4.0,2024-02-01
B09RP567QT,LIPOSA Women's Lace Wedding Dresses V Neck Open Back Sheath Boho Bridal Gown for Bride (Champagne Lining),2024-11,1,5.0,2024-11-01
B09RR9B4KY,Durango Women's Crush Fashion Boot,2024-03,1,5.0,2024-03-01
B09RR9B4KY,Durango Women's Crush Fashion Boot,2024-11,1,1.0,2024-11-01
B09RR9B4KY,Durango Women's Crush Fashion Boot,2025-05,1,5.0,2025-05-01
B09RTLSQLG,THE NORTH FACE Truckee Mid Womens Hiking Boots,2025-12,1,5.0,2025-12-01
B09S117L2G,"Genuine Sheepskin Leather Gloves For Women, Winter Warm Touchscreen Texting Cashmere Lined Driving Motorcycle Dress Gloves",2023-02,1,5.0,2023-02-01
B09S117L2G,"Genuine Sheepskin Leather Gloves For Women, Winter Warm Touchscreen Texting Cashmere Lined Driving Motorcycle Dress Gloves",2023-03,1,5.0,2023-03-01
B09S117L2G,"Genuine Sheepskin Leather Gloves For Women, Winter Warm Touchscreen Texting Cashmere Lined Driving Motorcycle Dress Gloves",2025-04,1,1.0,2025-04-01
B09S117L2G,"Genuine Sheepskin Leather Gloves For Women, Winter Warm Touchscreen Texting Cashmere Lined Driving Motorcycle Dress Gloves",2025-12,1,1.0,2025-12-01
B09SG2G3Z8,"Runostrich Scrunchie Watch Band Compatible with Samsung Galaxy Watch 46mm/Galaxy Watch 3 45mm/Gear S3 Frontier/Classic, 10pack 22mm Stretchy Elastic Fabric Cute Replacement Bands for Garmin Venu 2S",2025-11,1,2.0,2025-11-01
B09SHDD1BG,American Trends Men's Workout Shorts Athletic Pajamas Shorts Elastic Waist Gym Shorts Casual Jogger Shorts with Zip Pockets,2024-10,1,5.0,2024-10-01
B09SP3KSXH,FINEX 4 pieces or 5 pcs Set Keychain for Backpack School Bag Crossbody Handbag Tote Hiking Travel Causal Daypack,2023-02,1,5.0,2023-02-01
B09T5BXTVJ,Bryan Anthonys Pendant Necklaces and Sets in a Variety of Styles and Colors,2025-04,1,5.0,2025-04-01
B09T66F2MP,FSHAOES Women's Casual T Shirt Dress Loose Fit Short Sleeve Crewneck Pockets Tunic Dresses Lounge Sleep Dress Dark Green,2025-09,1,3.0,2025-09-01
B09T6YNG9N,Evridwear Men Winter Knit Warm Gloves with 3M Thinsulate Thermal Insulated Lining,2025-11,1,4.0,2025-11-01
B09TJ6YQXL,Mens Sun Hats UPF 50+ Waterproof Mesh Wide Brim Bucket Fishing Hat(Brown),2025-09,1,3.0,2025-09-01
B09TQXL6P1,ALBIZIA Summer Boho Dress for Women Midi Length Half Sleeve A Line High Waist Party Dresses S OM002,2025-05,1,5.0,2025-05-01
B09TXPYLQF,"HotStyle BESTIE Mini Backpack Purse, Multiple Colors and Patterns, Small Sized",2021-07,1,5.0,2021-07-01
B09TXPYLQF,"HotStyle BESTIE Mini Backpack Purse, Multiple Colors and Patterns, Small Sized",2021-11,1,5.0,2021-11-01
B09TXPYLQF,"HotStyle BESTIE Mini Backpack Purse, Multiple Colors and Patterns, Small Sized",2022-02,1,4.0,2022-02-01
B09TXPYLQF,"HotStyle BESTIE Mini Backpack Purse, Multiple Colors and Patterns, Small Sized",2022-08,1,5.0,2022-08-01
B09TXPYLQF,"HotStyle BESTIE Mini Backpack Purse, Multiple Colors and Patterns, Small Sized",2023-01,1,5.0,2023-01-01
B09TXPYLQF,"HotStyle BESTIE Mini Backpack Purse, Multiple Colors and Patterns, Small Sized",2023-02,1,5.0,2023-02-01
B09TXPYLQF,"HotStyle BESTIE Mini Backpack Purse, Multiple Colors and Patterns, Small Sized",2023-04,1,5.0,2023-04-01
B09TXPYLQF,"HotStyle BESTIE Mini Backpack Purse, Multiple Colors and Patterns, Small Sized",2024-01,1,5.0,2024-01-01
B09TXPYLQF,"HotStyle BESTIE Mini Backpack Purse, Multiple Colors and Patterns, Small Sized",2024-05,1,5.0,2024-05-01
B09TXPYLQF,"HotStyle BESTIE Mini Backpack Purse, Multiple Colors and Patterns, Small Sized",2024-11,1,5.0,2024-11-01
B09TXPYLQF,"HotStyle BESTIE Mini Backpack Purse, Multiple Colors and Patterns, Small Sized",2025-09,1,5.0,2025-09-01
B09V39FWWS,"Shorts for Women Casual Summer Comfy Drawstring High Waisted Shorts,Blue,X-Large",2025-10,1,4.0,2025-10-01
B09VF741Z9,XKTTAC Men's Outdoor Quick Dry Lightweight,2023-05,1,5.0,2023-05-01
B09VF741Z9,XKTTAC Men's Outdoor Quick Dry Lightweight,2023-09,1,5.0,2023-09-01
B09VKRK5WY,Men's Baseball Varsity Jacket Slim Fit Sweatshirt Letterman Windbreaker Sports Bomber Jacket,2023-03,1,5.0,2023-03-01
B09VKZRD43,Men's Linen Shirt Long Sleeve Button Down Wedding Beach Shirts Summer Casual Shirts Tops for Men White Medium,2025-12,1,3.0,2025-12-01
B09VM4FZ6W,SweatyRocks Women's Drawstring Waist Striped Side Jogger Sweatpants with Pocket,2023-01,3,3.6666666666666665,2023-01-01
B09VM4FZ6W,SweatyRocks Women's Drawstring Waist Striped Side Jogger Sweatpants with Pocket,2024-01,1,4.0,2024-01-01
B09VM4FZ6W,SweatyRocks Women's Drawstring Waist Striped Side Jogger Sweatpants with Pocket,2024-02,1,5.0,2024-02-01
B09VM4FZ6W,SweatyRocks Women's Drawstring Waist Striped Side Jogger Sweatpants with Pocket,2024-03,1,2.0,2024-03-01
B09W4QRZFR,KINGOTS Women's Sleeveless Halter Neck Back Tie Maxi Dress High Split Solid Color Long Dress,2025-04,1,5.0,2025-04-01
B09W5HYKF4,Paw Print Ring Heart Infinity Animal Cute Cat Dog Claw Paw Puppy Rings for Women Girls Sterling Silver Jewelry,2026-01,2,3.0,2026-01-01
B09W8B1CHV,Free Engraving-Personalized Custom Message Stainless Steel Dog Tag Necklace Pendant,2019-02,1,1.0,2019-02-01
B09WJSHQFL,Nurse Mates Womens 12-14 MMGH Compression Calf Socks,2018-04,1,5.0,2018-04-01
B09WJSHQFL,Nurse Mates Womens 12-14 MMGH Compression Calf Socks,2018-08,2,5.0,2018-08-01
B09WJSHQFL,Nurse Mates Womens 12-14 MMGH Compression Calf Socks,2019-01,1,4.0,2019-01-01
B09WJSHQFL,Nurse Mates Womens 12-14 MMGH Compression Calf Socks,2019-03,3,3.6666666666666665,2019-03-01
B09WJSHQFL,Nurse Mates Womens 12-14 MMGH Compression Calf Socks,2019-04,1,3.0,2019-04-01
B09WJSHQFL,Nurse Mates Womens 12-14 MMGH Compression Calf Socks,2019-06,1,4.0,2019-06-01
B09WJSHQFL,Nurse Mates Womens 12-14 MMGH Compression Calf Socks,2019-07,2,5.0,2019-07-01
B09WJSHQFL,Nurse Mates Womens 12-14 MMGH Compression Calf Socks,2019-08,3,5.0,2019-08-01
B09WJSHQFL,Nurse Mates Womens 12-14 MMGH Compression Calf Socks,2019-09,2,5.0,2019-09-01
B09WJSHQFL,Nurse Mates Womens 12-14 MMGH Compression Calf Socks,2019-10,2,3.0,2019-10-01
B09WJSHQFL,Nurse Mates Womens 12-14 MMGH Compression Calf Socks,2019-12,2,4.5,2019-12-01
B09WJSHQFL,Nurse Mates Womens 12-14 MMGH Compression Calf Socks,2020-01,2,4.5,2020-01-01
B09WJSHQFL,Nurse Mates Womens 12-14 MMGH Compression Calf Socks,2020-02,4,4.75,2020-02-01
B09WJSHQFL,Nurse Mates Womens 12-14 MMGH Compression Calf Socks,2020-03,3,4.666666666666667,2020-03-01
B09WJSHQFL,Nurse Mates Womens 12-14 MMGH Compression Calf Socks,2020-04,2,5.0,2020-04-01
B09WJSHQFL,Nurse Mates Womens 12-14 MMGH Compression Calf Socks,2020-05,2,3.5,2020-05-01
B09WJSHQFL,Nurse Mates Womens 12-14 MMGH Compression Calf Socks,2020-06,2,5.0,2020-06-01
B09WJSHQFL,Nurse Mates Womens 12-14 MMGH Compression Calf Socks,2020-07,1,5.0,2020-07-01
B09WJSHQFL,Nurse Mates Womens 12-14 MMGH Compression Calf Socks,2020-08,1,2.0,2020-08-01
B09WJSHQFL,Nurse Mates Womens 12-14 MMGH Compression Calf Socks,2020-10,1,5.0,2020-10-01
B09WJSHQFL,Nurse Mates Womens 12-14 MMGH Compression Calf Socks,2020-11,1,5.0,2020-11-01
B09WJSHQFL,Nurse Mates Womens 12-14 MMGH Compression Calf Socks,2020-12,1,5.0,2020-12-01
B09WJSHQFL,Nurse Mates Womens 12-14 MMGH Compression Calf Socks,2021-01,2,5.0,2021-01-01
B09WJSHQFL,Nurse Mates Womens 12-14 MMGH Compression Calf Socks,2021-02,1,5.0,2021-02-01
B09WJSHQFL,Nurse Mates Womens 12-14 MMGH Compression Calf Socks,2021-03,3,3.3333333333333335,2021-03-01
B09WJSHQFL,Nurse Mates Womens 12-14 MMGH Compression Calf Socks,2021-04,1,4.0,2021-04-01
B09WJSHQFL,Nurse Mates Womens 12-14 MMGH Compression Calf Socks,2021-09,2,2.5,2021-09-01
B09WJSHQFL,Nurse Mates Womens 12-14 MMGH Compression Calf Socks,2021-10,1,5.0,2021-10-01
B09WJSHQFL,Nurse Mates Womens 12-14 MMGH Compression Calf Socks,2021-11,1,5.0,2021-11-01
B09WJSHQFL,Nurse Mates Womens 12-14 MMGH Compression Calf Socks,2022-01,2,3.0,2022-01-01
B09WJSHQFL,Nurse Mates Womens 12-14 MMGH Compression Calf Socks,2022-03,1,1.0,2022-03-01
B09WJSHQFL,Nurse Mates Womens 12-14 MMGH Compression Calf Socks,2022-05,1,5.0,2022-05-01
B09WJSHQFL,Nurse Mates Womens 12-14 MMGH Compression Calf Socks,2022-07,1,5.0,2022-07-01
B09WJSHQFL,Nurse Mates Womens 12-14 MMGH Compression Calf Socks,2022-08,1,2.0,2022-08-01
B09WJSHQFL,Nurse Mates Womens 12-14 MMGH Compression Calf Socks,2025-03,2,3.0,2025-03-01
B09WJSHQFL,Nurse Mates Womens 12-14 MMGH Compression Calf Socks,2025-06,1,5.0,2025-06-01
B09WL4GSH9,Under Armour Unisex-Child Grade School Ripple Sneaker,2022-06,1,5.0,2022-06-01
B09WLDGKHZ,ZXCASD Metal Bands Compatible with Apple Watch,2025-08,1,1.0,2025-08-01
B09WLDGKHZ,ZXCASD Metal Bands Compatible with Apple Watch,2025-10,1,4.0,2025-10-01
B09WMMMVK7,ATHMILE Ruffle Trim Bikini Set for Women One Shoulder Swimsuits High Waisted Two Piece Bathing Suits Tummy Control Swimwear,2025-07,1,4.0,2025-07-01
B09WN5VQGY,SANTINY Men's Lightweight Jogger Pants Athletic Workout Running Pants Tapered Joggers for Men with Zipper Pockets,2026-02,1,5.0,2026-02-01
B09WRB7PWS,"RUIKAI 10 Pcs Anime Rings Set, Japanese Cosplay Finger Rings with Necklace for Men, Kids and Cosplay Fans (Silver )",2026-01,1,5.0,2026-01-01
B09WRS4PNN,"Brisas Breathable, Lightweight Spring Summer and Stoles for Women, Soft and Comfortable Wraps",2024-07,1,5.0,2024-07-01
B09WRS4PNN,"Brisas Breathable, Lightweight Spring Summer and Stoles for Women, Soft and Comfortable Wraps",2024-08,1,5.0,2024-08-01
B09XBFMRN8,Prinbara Women's Casual Loose Sundress Long Dress Short Sleeve Split Maxi Dresses Summer Beach Dress with Pockets,2025-08,1,3.0,2025-08-01
B09XTV3Q8J,"Fashion Deep Cup Bra Hides Back Fat Diva New Look (D, Skin, 44)",2025-07,1,1.0,2025-07-01
B09XXH2PY8,Mydeal Bluetooth Beanie Hat Cap with Stereo Speaker Headphones for Outdoor Sports Skiing Snowboard Skating Jogging,2023-02,1,5.0,2023-02-01
B09XXH2PY8,Mydeal Bluetooth Beanie Hat Cap with Stereo Speaker Headphones for Outdoor Sports Skiing Snowboard Skating Jogging,2024-12,1,1.0,2024-12-01
B09Y1MBMSH,AOVDE Women's Two Piece Outfits Summer Dresses Boho One Shoulder Tube Tops Elastic Waist A Line Maxi Skirt Sets,2025-07,2,4.0,2025-07-01
B09Y1MBMSH,AOVDE Women's Two Piece Outfits Summer Dresses Boho One Shoulder Tube Tops Elastic Waist A Line Maxi Skirt Sets,2025-09,1,2.0,2025-09-01
B09Y1MBMSH,AOVDE Women's Two Piece Outfits Summer Dresses Boho One Shoulder Tube Tops Elastic Waist A Line Maxi Skirt Sets,2025-10,2,5.0,2025-10-01
B09Y1Y18JB,Ekouaer Women Pajama Shorts Comfy Lounge Bottom with Pockets Stretch Strip Sleepwear Drawstring Pj Bottoms Sleep Shorts,2025-11,1,5.0,2025-11-01
B09Y3TXYF1,"Orthofeet Innovative Orthopedic Slippers for Men - Ideal for Plantar Fasciitis, Foot & Heel Pain Relief. Arch Support Slippers, Cushioning Ergonomic Sole & Extended Widths - Asheville",2017-02,1,1.0,2017-02-01
B09Y3TXYF1,"Orthofeet Innovative Orthopedic Slippers for Men - Ideal for Plantar Fasciitis, Foot & Heel Pain Relief. Arch Support Slippers, Cushioning Ergonomic Sole & Extended Widths - Asheville",2017-12,1,5.0,2017-12-01
B09Y3TXYF1,"Orthofeet Innovative Orthopedic Slippers for Men - Ideal for Plantar Fasciitis, Foot & Heel Pain Relief. Arch Support Slippers, Cushioning Ergonomic Sole & Extended Widths - Asheville",2018-06,1,3.0,2018-06-01
B09Y3TXYF1,"Orthofeet Innovative Orthopedic Slippers for Men - Ideal for Plantar Fasciitis, Foot & Heel Pain Relief. Arch Support Slippers, Cushioning Ergonomic Sole & Extended Widths - Asheville",2019-05,1,5.0,2019-05-01
B09Y3TXYF1,"Orthofeet Innovative Orthopedic Slippers for Men - Ideal for Plantar Fasciitis, Foot & Heel Pain Relief. Arch Support Slippers, Cushioning Ergonomic Sole & Extended Widths - Asheville",2020-02,1,5.0,2020-02-01
B09Y3TXYF1,"Orthofeet Innovative Orthopedic Slippers for Men - Ideal for Plantar Fasciitis, Foot & Heel Pain Relief. Arch Support Slippers, Cushioning Ergonomic Sole & Extended Widths - Asheville",2021-03,1,5.0,2021-03-01
B09Y3TXYF1,"Orthofeet Innovative Orthopedic Slippers for Men - Ideal for Plantar Fasciitis, Foot & Heel Pain Relief. Arch Support Slippers, Cushioning Ergonomic Sole & Extended Widths - Asheville",2021-05,1,3.0,2021-05-01
B09Y3TXYF1,"Orthofeet Innovative Orthopedic Slippers for Men - Ideal for Plantar Fasciitis, Foot & Heel Pain Relief. Arch Support Slippers, Cushioning Ergonomic Sole & Extended Widths - Asheville",2021-11,1,5.0,2021-11-01
B09Y3TXYF1,"Orthofeet Innovative Orthopedic Slippers for Men - Ideal for Plantar Fasciitis, Foot & Heel Pain Relief. Arch Support Slippers, Cushioning Ergonomic Sole & Extended Widths - Asheville",2021-12,1,5.0,2021-12-01
B09Y3TXYF1,"Orthofeet Innovative Orthopedic Slippers for Men - Ideal for Plantar Fasciitis, Foot & Heel Pain Relief. Arch Support Slippers, Cushioning Ergonomic Sole & Extended Widths - Asheville",2022-01,1,5.0,2022-01-01
B09Y3TXYF1,"Orthofeet Innovative Orthopedic Slippers for Men - Ideal for Plantar Fasciitis, Foot & Heel Pain Relief. Arch Support Slippers, Cushioning Ergonomic Sole & Extended Widths - Asheville",2022-02,1,5.0,2022-02-01
B09Y3TXYF1,"Orthofeet Innovative Orthopedic Slippers for Men - Ideal for Plantar Fasciitis, Foot & Heel Pain Relief. Arch Support Slippers, Cushioning Ergonomic Sole & Extended Widths - Asheville",2022-04,2,4.5,2022-04-01
B09Y3TXYF1,"Orthofeet Innovative Orthopedic Slippers for Men - Ideal for Plantar Fasciitis, Foot & Heel Pain Relief. Arch Support Slippers, Cushioning Ergonomic Sole & Extended Widths - Asheville",2022-10,1,5.0,2022-10-01
B09Y3TXYF1,"Orthofeet Innovative Orthopedic Slippers for Men - Ideal for Plantar Fasciitis, Foot & Heel Pain Relief. Arch Support Slippers, Cushioning Ergonomic Sole & Extended Widths - Asheville",2022-11,1,5.0,2022-11-01
B09Y3TXYF1,"Orthofeet Innovative Orthopedic Slippers for Men - Ideal for Plantar Fasciitis, Foot & Heel Pain Relief. Arch Support Slippers, Cushioning Ergonomic Sole & Extended Widths - Asheville",2022-12,1,5.0,2022-12-01
B09Y3TXYF1,"Orthofeet Innovative Orthopedic Slippers for Men - Ideal for Plantar Fasciitis, Foot & Heel Pain Relief. Arch Support Slippers, Cushioning Ergonomic Sole & Extended Widths - Asheville",2023-01,1,5.0,2023-01-01
B09Y3TXYF1,"Orthofeet Innovative Orthopedic Slippers for Men - Ideal for Plantar Fasciitis, Foot & Heel Pain Relief. Arch Support Slippers, Cushioning Ergonomic Sole & Extended Widths - Asheville",2023-05,1,5.0,2023-05-01
B09Y3TXYF1,"Orthofeet Innovative Orthopedic Slippers for Men - Ideal for Plantar Fasciitis, Foot & Heel Pain Relief. Arch Support Slippers, Cushioning Ergonomic Sole & Extended Widths - Asheville",2023-07,1,5.0,2023-07-01
B09Y3TXYF1,"Orthofeet Innovative Orthopedic Slippers for Men - Ideal for Plantar Fasciitis, Foot & Heel Pain Relief. Arch Support Slippers, Cushioning Ergonomic Sole & Extended Widths - Asheville",2023-09,1,5.0,2023-09-01
B09Y3TXYF1,"Orthofeet Innovative Orthopedic Slippers for Men - Ideal for Plantar Fasciitis, Foot & Heel Pain Relief. Arch Support Slippers, Cushioning Ergonomic Sole & Extended Widths - Asheville",2023-11,1,5.0,2023-11-01
B09Y3TXYF1,"Orthofeet Innovative Orthopedic Slippers for Men - Ideal for Plantar Fasciitis, Foot & Heel Pain Relief. Arch Support Slippers, Cushioning Ergonomic Sole & Extended Widths - Asheville",2024-02,1,5.0,2024-02-01
B09Y3TXYF1,"Orthofeet Innovative Orthopedic Slippers for Men - Ideal for Plantar Fasciitis, Foot & Heel Pain Relief. Arch Support Slippers, Cushioning Ergonomic Sole & Extended Widths - Asheville",2024-03,1,4.0,2024-03-01
B09Y3TXYF1,"Orthofeet Innovative Orthopedic Slippers for Men - Ideal for Plantar Fasciitis, Foot & Heel Pain Relief. Arch Support Slippers, Cushioning Ergonomic Sole & Extended Widths - Asheville",2024-12,1,4.0,2024-12-01
B09Y3TXYF1,"Orthofeet Innovative Orthopedic Slippers for Men - Ideal for Plantar Fasciitis, Foot & Heel Pain Relief. Arch Support Slippers, Cushioning Ergonomic Sole & Extended Widths - Asheville",2025-01,1,4.0,2025-01-01
B09Y3TXYF1,"Orthofeet Innovative Orthopedic Slippers for Men - Ideal for Plantar Fasciitis, Foot & Heel Pain Relief. Arch Support Slippers, Cushioning Ergonomic Sole & Extended Widths - Asheville",2025-03,1,5.0,2025-03-01
B09Y3TXYF1,"Orthofeet Innovative Orthopedic Slippers for Men - Ideal for Plantar Fasciitis, Foot & Heel Pain Relief. Arch Support Slippers, Cushioning Ergonomic Sole & Extended Widths - Asheville",2025-05,1,1.0,2025-05-01
B09Y3TXYF1,"Orthofeet Innovative Orthopedic Slippers for Men - Ideal for Plantar Fasciitis, Foot & Heel Pain Relief. Arch Support Slippers, Cushioning Ergonomic Sole & Extended Widths - Asheville",2026-02,1,5.0,2026-02-01
B09Y3TXYF1,"Orthofeet Innovative Orthopedic Slippers for Men - Ideal for Plantar Fasciitis, Foot & Heel Pain Relief. Arch Support Slippers, Cushioning Ergonomic Sole & Extended Widths - Asheville",2026-03,1,5.0,2026-03-01
B09YDCY2CR,"CAMPSNAIL 2 Pack Biker Shorts for Women(Reg & Plus Size)– 5"" High Waist Spandex Soft Stretch for Summer Athletic Yoga Workout",2025-07,1,5.0,2025-07-01
B09YH2R3RH,Lu's Chic Women's Sweatshirt Sherpa Fleece Hoodie Oversized Pullover Long Sleeve Fuzzy Pajama Tops Casual Fluffy Hoody Faux Shearling Cotton Warm Split Outwear Black 20,2025-11,1,2.0,2025-11-01
B09YLMRBDN,Avanova Women's Gold Dot Print Ruffle Peplum Top Casual Short Sleeve Babydoll Blouse Pink X-Large,2025-10,1,1.0,2025-10-01
B09YRF5FWW,"Esabel.C Mens Short Sleeve Button Down Shirts Casual Regular Fit Print Shirt,Dark Green,XXL",2025-09,1,2.0,2025-09-01
B09YTKK38G,Lecieldusoir Women's Plus Size Sweatshirts with Two Pockets Crew Neck Plain Pullover Long Sleeve Tops Green,2025-08,1,4.0,2025-08-01
B09YTPZNW7,"MOLSHINE 2 Pieces Fabrics Floral Glasses Case,Hard Shell Portable Eyeglass Holder for Reading Eyeglasses,Small Sunglass (Black & Beige)",2026-02,1,4.0,2026-02-01
B09YXCMWQ4,"Keevoom Men's Chinos Pants,Stretch Skinny Flat-Front Casual Slim Fit Business Dress Plaid Pants for Men(881-Green,32)",2025-07,1,3.0,2025-07-01
B09Z2WH9W8,Men's Workout Muscle Tank Tops Dry Fit Sleeveless Athletic Gym Shirts for Gym Fitness Running,2025-10,1,2.0,2025-10-01
B09Z94PZJX,MAXERIA Mens Workout Shirts Dry Fit T Shirts for Men Reflective Workout Tops Mens Gym Shirts,2025-07,1,5.0,2025-07-01
B09Z94PZJX,MAXERIA Mens Workout Shirts Dry Fit T Shirts for Men Reflective Workout Tops Mens Gym Shirts,2025-09,1,5.0,2025-09-01
B09ZPMJ6ZQ,Honsny 23-50Inch Waist Beads for Women African Waist Beads Plus Size Layered Belly Body Chain Beach Bikini Body Jewelry Accessories for Women,2025-09,1,2.0,2025-09-01
B09ZPZWNMW,MAXERIA Dry Fit Polo Shirts for Men Stretch Pique Golf Shirts for Men Sport Golf Polo Athletic Mens Moisture Wicking Shirts,2025-07,3,4.666666666666667,2025-07-01
B09ZQ5GZYY,"Robe Direct Quick Dry, Lightweight Waffle Spa/Bath Wrap with Adjustable Closure & Elastic Top",2023-05,1,5.0,2023-05-01
B09ZQ5GZYY,"Robe Direct Quick Dry, Lightweight Waffle Spa/Bath Wrap with Adjustable Closure & Elastic Top",2023-09,1,5.0,2023-09-01
B09ZQ5GZYY,"Robe Direct Quick Dry, Lightweight Waffle Spa/Bath Wrap with Adjustable Closure & Elastic Top",2024-10,1,5.0,2024-10-01
B09ZQ5GZYY,"Robe Direct Quick Dry, Lightweight Waffle Spa/Bath Wrap with Adjustable Closure & Elastic Top",2025-05,1,3.0,2025-05-01
B0B12PBSTG,HEARTEK Noise Cancelling Headphones Kids Adult Earmuffs Shooting Ear Protection,2019-05,1,5.0,2019-05-01
B0B12PBSTG,HEARTEK Noise Cancelling Headphones Kids Adult Earmuffs Shooting Ear Protection,2019-07,1,5.0,2019-07-01
B0B12PBSTG,HEARTEK Noise Cancelling Headphones Kids Adult Earmuffs Shooting Ear Protection,2019-09,2,5.0,2019-09-01
B0B12PBSTG,HEARTEK Noise Cancelling Headphones Kids Adult Earmuffs Shooting Ear Protection,2019-12,1,5.0,2019-12-01
B0B12PBSTG,HEARTEK Noise Cancelling Headphones Kids Adult Earmuffs Shooting Ear Protection,2020-06,1,4.0,2020-06-01
B0B12PBSTG,HEARTEK Noise Cancelling Headphones Kids Adult Earmuffs Shooting Ear Protection,2020-08,2,3.5,2020-08-01
B0B12PBSTG,HEARTEK Noise Cancelling Headphones Kids Adult Earmuffs Shooting Ear Protection,2020-09,2,2.0,2020-09-01
B0B12PBSTG,HEARTEK Noise Cancelling Headphones Kids Adult Earmuffs Shooting Ear Protection,2020-12,1,4.0,2020-12-01
B0B12PBSTG,HEARTEK Noise Cancelling Headphones Kids Adult Earmuffs Shooting Ear Protection,2021-05,1,5.0,2021-05-01
B0B12PBSTG,HEARTEK Noise Cancelling Headphones Kids Adult Earmuffs Shooting Ear Protection,2022-02,2,4.0,2022-02-01
B0B12PBSTG,HEARTEK Noise Cancelling Headphones Kids Adult Earmuffs Shooting Ear Protection,2022-04,1,5.0,2022-04-01
B0B12PBSTG,HEARTEK Noise Cancelling Headphones Kids Adult Earmuffs Shooting Ear Protection,2022-12,1,5.0,2022-12-01
B0B12PBSTG,HEARTEK Noise Cancelling Headphones Kids Adult Earmuffs Shooting Ear Protection,2023-04,1,2.0,2023-04-01
B0B12PBSTG,HEARTEK Noise Cancelling Headphones Kids Adult Earmuffs Shooting Ear Protection,2024-01,1,3.0,2024-01-01
B0B12PBSTG,HEARTEK Noise Cancelling Headphones Kids Adult Earmuffs Shooting Ear Protection,2024-05,1,5.0,2024-05-01
B0B14FJ5SS,"Accutime Kids LOL Surprise Turquoise Educational Learning Touchscreen Smart Watch Toy for Girls, Boys, Toddlers - Selfie Cam, Learning Games, Alarm, Calculator, Pedometer & More (Model: LOL4320OMGAZ)",2022-09,1,5.0,2022-09-01
B0B14FJ5SS,"Accutime Kids LOL Surprise Turquoise Educational Learning Touchscreen Smart Watch Toy for Girls, Boys, Toddlers - Selfie Cam, Learning Games, Alarm, Calculator, Pedometer & More (Model: LOL4320OMGAZ)",2023-01,1,5.0,2023-01-01
B0B14FJ5SS,"Accutime Kids LOL Surprise Turquoise Educational Learning Touchscreen Smart Watch Toy for Girls, Boys, Toddlers - Selfie Cam, Learning Games, Alarm, Calculator, Pedometer & More (Model: LOL4320OMGAZ)",2023-02,2,5.0,2023-02-01
B0B14FJ5SS,"Accutime Kids LOL Surprise Turquoise Educational Learning Touchscreen Smart Watch Toy for Girls, Boys, Toddlers - Selfie Cam, Learning Games, Alarm, Calculator, Pedometer & More (Model: LOL4320OMGAZ)",2023-08,2,4.5,2023-08-01
B0B14FJ5SS,"Accutime Kids LOL Surprise Turquoise Educational Learning Touchscreen Smart Watch Toy for Girls, Boys, Toddlers - Selfie Cam, Learning Games, Alarm, Calculator, Pedometer & More (Model: LOL4320OMGAZ)",2023-12,1,5.0,2023-12-01
B0B14FJ5SS,"Accutime Kids LOL Surprise Turquoise Educational Learning Touchscreen Smart Watch Toy for Girls, Boys, Toddlers - Selfie Cam, Learning Games, Alarm, Calculator, Pedometer & More (Model: LOL4320OMGAZ)",2024-01,3,4.333333333333333,2024-01-01
B0B14FJ5SS,"Accutime Kids LOL Surprise Turquoise Educational Learning Touchscreen Smart Watch Toy for Girls, Boys, Toddlers - Selfie Cam, Learning Games, Alarm, Calculator, Pedometer & More (Model: LOL4320OMGAZ)",2024-04,2,3.0,2024-04-01
B0B14FJ5SS,"Accutime Kids LOL Surprise Turquoise Educational Learning Touchscreen Smart Watch Toy for Girls, Boys, Toddlers - Selfie Cam, Learning Games, Alarm, Calculator, Pedometer & More (Model: LOL4320OMGAZ)",2025-09,1,5.0,2025-09-01
B0B14FJ5SS,"Accutime Kids LOL Surprise Turquoise Educational Learning Touchscreen Smart Watch Toy for Girls, Boys, Toddlers - Selfie Cam, Learning Games, Alarm, Calculator, Pedometer & More (Model: LOL4320OMGAZ)",2026-02,1,5.0,2026-02-01
B0B16Q1854,U.S. Polo Assn. Essentials Womens French Terry Joggers with Pockets – Sweatpants for Women,2023-11,1,5.0,2023-11-01
B0B16Q1854,U.S. Polo Assn. Essentials Womens French Terry Joggers with Pockets – Sweatpants for Women,2023-12,2,2.0,2023-12-01
B0B16Q1854,U.S. Polo Assn. Essentials Womens French Terry Joggers with Pockets – Sweatpants for Women,2024-01,1,5.0,2024-01-01
B0B16Q1854,U.S. Polo Assn. Essentials Womens French Terry Joggers with Pockets – Sweatpants for Women,2024-02,1,2.0,2024-02-01
B0B16Q1854,U.S. Polo Assn. Essentials Womens French Terry Joggers with Pockets – Sweatpants for Women,2024-03,1,5.0,2024-03-01
B0B16Q1854,U.S. Polo Assn. Essentials Womens French Terry Joggers with Pockets – Sweatpants for Women,2024-04,2,5.0,2024-04-01
B0B16Q1854,U.S. Polo Assn. Essentials Womens French Terry Joggers with Pockets – Sweatpants for Women,2024-05,1,5.0,2024-05-01
B0B16Q1854,U.S. Polo Assn. Essentials Womens French Terry Joggers with Pockets – Sweatpants for Women,2024-06,1,3.0,2024-06-01
B0B16Q1854,U.S. Polo Assn. Essentials Womens French Terry Joggers with Pockets – Sweatpants for Women,2024-07,1,1.0,2024-07-01
B0B16Q1854,U.S. Polo Assn. Essentials Womens French Terry Joggers with Pockets – Sweatpants for Women,2024-09,1,3.0,2024-09-01
B0B16Q1854,U.S. Polo Assn. Essentials Womens French Terry Joggers with Pockets – Sweatpants for Women,2024-11,1,2.0,2024-11-01
B0B16Q1854,U.S. Polo Assn. Essentials Womens French Terry Joggers with Pockets – Sweatpants for Women,2025-01,1,5.0,2025-01-01
B0B16Q1854,U.S. Polo Assn. Essentials Womens French Terry Joggers with Pockets – Sweatpants for Women,2025-04,1,1.0,2025-04-01
B0B16Q1854,U.S. Polo Assn. Essentials Womens French Terry Joggers with Pockets – Sweatpants for Women,2025-05,2,4.5,2025-05-01
B0B16Q1854,U.S. Polo Assn. Essentials Womens French Terry Joggers with Pockets – Sweatpants for Women,2025-07,1,5.0,2025-07-01
B0B16Q1854,U.S. Polo Assn. Essentials Womens French Terry Joggers with Pockets – Sweatpants for Women,2025-08,1,2.0,2025-08-01
B0B16Q1854,U.S. Polo Assn. Essentials Womens French Terry Joggers with Pockets – Sweatpants for Women,2025-09,1,4.0,2025-09-01
B0B16Q1854,U.S. Polo Assn. Essentials Womens French Terry Joggers with Pockets – Sweatpants for Women,2025-12,2,2.5,2025-12-01
B0B16Q1854,U.S. Polo Assn. Essentials Womens French Terry Joggers with Pockets – Sweatpants for Women,2026-02,1,4.0,2026-02-01
B0B1LLT7FQ,"Accutime Kids Disney Frozen Smart Watch with Camera for Kids and Toddlers - Interactive Smartwatch for Boys & Girls with Games, Voice Recorder, Calculator, Pedometer, Alarm, Stopwatch",2024-05,1,3.0,2024-05-01
B0B1LLT7FQ,"Accutime Kids Disney Frozen Smart Watch with Camera for Kids and Toddlers - Interactive Smartwatch for Boys & Girls with Games, Voice Recorder, Calculator, Pedometer, Alarm, Stopwatch",2025-05,1,5.0,2025-05-01
B0B1LLT7FQ,"Accutime Kids Disney Frozen Smart Watch with Camera for Kids and Toddlers - Interactive Smartwatch for Boys & Girls with Games, Voice Recorder, Calculator, Pedometer, Alarm, Stopwatch",2025-10,1,5.0,2025-10-01
B0B1Q7W971,"VOBCTY Ladies' Side Slit T-Shirt Dress Casual Sleeveless Relaxed Fit Plain Summer Dress(Black,XL)",2026-04,1,3.0,2026-04-01
B0B221VML5,"Men’s Dangle Earrings, Set of 10 Stainless Steel Unique Hinged Huggie Long Kpop Tiktok Hoop Earrings, Unisex Cool Punk Style with Chain Bar Cross Feather Sword Spike Star Charm Pendants",2025-09,1,5.0,2025-09-01
B0B221VML5,"Men’s Dangle Earrings, Set of 10 Stainless Steel Unique Hinged Huggie Long Kpop Tiktok Hoop Earrings, Unisex Cool Punk Style with Chain Bar Cross Feather Sword Spike Star Charm Pendants",2026-04,1,5.0,2026-04-01
B0B23LB7GG,Ekouaer Women's Long-sleeve Crewneck Sweatsuits with Pocket,2025-10,1,3.0,2025-10-01
B0B23V29T4,Gold Pierced Earrings Fashion Jewelry Decoration Cosplay for Women,2025-08,1,5.0,2025-08-01
B0B28KXB7M,JACKETOWN Men's Jacket Casual Zip Up Windbreaker Jackets Outwear Winter Padded Coats,2025-11,1,5.0,2025-11-01
B0B2C89Y3W,Suddora Kids Sweatband Set (1 Headband and 2 Wristbands),2018-07,1,2.0,2018-07-01
B0B2C89Y3W,Suddora Kids Sweatband Set (1 Headband and 2 Wristbands),2019-01,1,5.0,2019-01-01
B0B2C89Y3W,Suddora Kids Sweatband Set (1 Headband and 2 Wristbands),2024-07,1,5.0,2024-07-01
B0B2DPRXQ9,Bnus italy made corning real glass lens classic sunglasses for men women polarized option with spring hinges,2025-07,1,5.0,2025-07-01
B0B2KL8C8Q,NELEUS Women's 3 Pack Athletic Compression Long Sleeve T Shirt Dry Fit,2019-11,2,5.0,2019-11-01
B0B2KL8C8Q,NELEUS Women's 3 Pack Athletic Compression Long Sleeve T Shirt Dry Fit,2019-12,1,5.0,2019-12-01
B0B2KL8C8Q,NELEUS Women's 3 Pack Athletic Compression Long Sleeve T Shirt Dry Fit,2020-01,1,4.0,2020-01-01
B0B2KL8C8Q,NELEUS Women's 3 Pack Athletic Compression Long Sleeve T Shirt Dry Fit,2020-02,1,4.0,2020-02-01
B0B2KL8C8Q,NELEUS Women's 3 Pack Athletic Compression Long Sleeve T Shirt Dry Fit,2020-08,1,5.0,2020-08-01
B0B2KL8C8Q,NELEUS Women's 3 Pack Athletic Compression Long Sleeve T Shirt Dry Fit,2020-12,1,3.0,2020-12-01
B0B2KL8C8Q,NELEUS Women's 3 Pack Athletic Compression Long Sleeve T Shirt Dry Fit,2021-03,1,5.0,2021-03-01
B0B2KL8C8Q,NELEUS Women's 3 Pack Athletic Compression Long Sleeve T Shirt Dry Fit,2021-05,1,5.0,2021-05-01
B0B2KL8C8Q,NELEUS Women's 3 Pack Athletic Compression Long Sleeve T Shirt Dry Fit,2021-08,1,5.0,2021-08-01
B0B2KL8C8Q,NELEUS Women's 3 Pack Athletic Compression Long Sleeve T Shirt Dry Fit,2022-01,1,3.0,2022-01-01
B0B2KL8C8Q,NELEUS Women's 3 Pack Athletic Compression Long Sleeve T Shirt Dry Fit,2022-02,1,5.0,2022-02-01
B0B2KL8C8Q,NELEUS Women's 3 Pack Athletic Compression Long Sleeve T Shirt Dry Fit,2022-06,1,5.0,2022-06-01
B0B2KL8C8Q,NELEUS Women's 3 Pack Athletic Compression Long Sleeve T Shirt Dry Fit,2022-12,3,5.0,2022-12-01
B0B2KL8C8Q,NELEUS Women's 3 Pack Athletic Compression Long Sleeve T Shirt Dry Fit,2023-02,1,5.0,2023-02-01
B0B2KL8C8Q,NELEUS Women's 3 Pack Athletic Compression Long Sleeve T Shirt Dry Fit,2023-03,1,5.0,2023-03-01
B0B2KL8C8Q,NELEUS Women's 3 Pack Athletic Compression Long Sleeve T Shirt Dry Fit,2023-04,1,5.0,2023-04-01
B0B2KL8C8Q,NELEUS Women's 3 Pack Athletic Compression Long Sleeve T Shirt Dry Fit,2024-01,1,5.0,2024-01-01
B0B2KL8C8Q,NELEUS Women's 3 Pack Athletic Compression Long Sleeve T Shirt Dry Fit,2024-02,1,5.0,2024-02-01
B0B2KL8C8Q,NELEUS Women's 3 Pack Athletic Compression Long Sleeve T Shirt Dry Fit,2024-03,1,3.0,2024-03-01
B0B2KL8C8Q,NELEUS Women's 3 Pack Athletic Compression Long Sleeve T Shirt Dry Fit,2025-01,1,3.0,2025-01-01
B0B2KL8C8Q,NELEUS Women's 3 Pack Athletic Compression Long Sleeve T Shirt Dry Fit,2025-02,1,2.0,2025-02-01
B0B2WG2JKM,eshion Women's Satin Silk Nightgown Short Sleeve Sleep Dress Lightweight Sleep Shirt Causal O Neck Nightshirt Blue Green Large,2025-12,1,5.0,2025-12-01
B0B3147RP9,Aoczes 6 Pairs Women's Ankle Athletic Running Socks Thin Low Cut Sports Socks for Men,2025-11,4,4.5,2025-11-01
B0B3147RP9,Aoczes 6 Pairs Women's Ankle Athletic Running Socks Thin Low Cut Sports Socks for Men,2025-12,1,4.0,2025-12-01
B0B321Y9Q7,Pierced Owl - Set of 3 16GA Stainless Steel CZ Crystal Star Top Cartilage Tragus Barbells,2020-01,1,5.0,2020-01-01
B0B38QM3QR,"EALER H900 Series Ice Hockey League Team Color Blank Practice Jersey & Thick, Breathable and Quick-Dry High Strength Fabric",2023-10,1,5.0,2023-10-01
B0B3C9HH3B,"J&A Homes 12 Clear Wedding Umbrellas 46"" Large Style Stick Umbrella – Bulk Pack Windproof Auto Open J Hook Handle Canopy Rain Umbrellas (Crystal Transparent)",2025-11,1,5.0,2025-11-01
B0B3DJBN32,Nimsruc Two Piece Outfits For Women Jogging Suits Casual Tracksuit,2023-03,1,5.0,2023-03-01
B0B3DJBN32,Nimsruc Two Piece Outfits For Women Jogging Suits Casual Tracksuit,2025-01,2,5.0,2025-01-01
B0B3DJBN32,Nimsruc Two Piece Outfits For Women Jogging Suits Casual Tracksuit,2025-05,1,5.0,2025-05-01
B0B3DJBN32,Nimsruc Two Piece Outfits For Women Jogging Suits Casual Tracksuit,2025-07,1,1.0,2025-07-01
B0B3DJBN32,Nimsruc Two Piece Outfits For Women Jogging Suits Casual Tracksuit,2026-01,1,4.0,2026-01-01
B0B3V568ST,Pierced Owl - Internally Threaded Prong Set Synthetic Opal Centered CZ Crystal Paved Dermal Anchor Top,2024-05,1,5.0,2024-05-01
B0B3V568ST,Pierced Owl - Internally Threaded Prong Set Synthetic Opal Centered CZ Crystal Paved Dermal Anchor Top,2024-08,1,5.0,2024-08-01
B0B49KW781,Pyroluna Satin Chemise Sexy Lingerie Halter Dress Lace Nightgown Sleepwear for Women,2024-07,1,5.0,2024-07-01
B0B49KW781,Pyroluna Satin Chemise Sexy Lingerie Halter Dress Lace Nightgown Sleepwear for Women,2025-04,1,4.0,2025-04-01
B0B49KW781,Pyroluna Satin Chemise Sexy Lingerie Halter Dress Lace Nightgown Sleepwear for Women,2025-08,1,1.0,2025-08-01
B0B4BXL7TK,Relting 16mm 18mm 20mm 22mm Quick Release Nylon Sport Band Adjustable Breathable Replacement Wristband for Women Men,2025-09,1,1.0,2025-09-01
B0B4HB28GC,Gauekay Unisex 3D Novelty Hoodies Graphic Long Sleeve Pullover Sweatshirt for Men Women with Pockets,2025-10,1,3.0,2025-10-01
B0B4J5CBR9,"Tempera Striped Patio Umbrellas Outdoor Table Market Umbrellas with Crank & Pust Button Tilt|Auto-Tilt, 8 Steel Ribs, High Color-Fastness Canopy",2025-05,1,5.0,2025-05-01
B0B4K1VPC2,"CTOSTM Polarized Cycling Sunglasses for Men Women, UV400 Sports Glasses for Youth, Windproof Goggles for Baseball Golf",2025-09,1,5.0,2025-09-01
B0B59JFWD5,JAIFEI Plush Animal Hat Fun Ski Cap with Detailed Animal Face Costume Hat,2025-09,1,5.0,2025-09-01
B0B5N53WHH,"JTAISC Overalls Womens Baggy Boho Floral Print Overall Casual Wide Leg Jumpsuits Adjustable Sleeveless Suspender Rompers (XX-Large, yellow)",2025-09,1,1.0,2025-09-01
B0B5RKNQRW,"42 Pcs Shoe Charms for Girls,CEELGON Multiple Theme Cute Shoe Charms for Kids Teens,Shoe Decoration Party Favor",2025-11,1,5.0,2025-11-01
B0B5W81R5R,Shoulder Bag PU Leather Handbags Women's Shoulder Handbags Mini Handbags Purses,2025-10,1,4.0,2025-10-01
B0B613N3SD,Jewlpire 925 Sterling Silver Stud Earrings for Women Girls - Initial Earrings Letter Earrings-18K Gold Plated AAAAA+CZ Stud Earrings Hypoallergenic Stud Earrings Alphabet Earrings Dainty Jewelry Gifts,2024-02,1,5.0,2024-02-01
B0B65LYKT4,"LOOKWORLD 2 Pack Blue Light Blocking Anti UV Ray Reading Glasses for Men and Women Fashion Mini Compact Readers Metal Frame Eyeglasses (1 Black + 1 Silver, 2.5, multiplier_x)",2025-10,1,5.0,2025-10-01
B0B68L6V1X,IGEEKWELL Men's Fleece Winter Pants Sherpa Lined Active Joggers Sweatpants  Drawstring Zipper Pockets Elastic,2025-11,2,5.0,2025-11-01
B0B68L6V1X,IGEEKWELL Men's Fleece Winter Pants Sherpa Lined Active Joggers Sweatpants  Drawstring Zipper Pockets Elastic,2026-01,2,5.0,2026-01-01
B0B6BYYD86,"xiuyou Clown Costume Adult with Classic Mask, Killer Clown Costume for Men, Scary Clown Costume, Creepy Costume Halloween",2025-12,1,2.0,2025-12-01
B0B6D4RTH7,"Lanckeli Halloween Skull Mask Moving Jaw, Scary Skull Cover, Latex Skeleton Mask, Scary Masks for Adults Costume Party.",2025-11,1,5.0,2025-11-01
B0B6G2YHJ1,Yanfoam Women's Long Sleeve Button Down Midi Dress Solid Color V Neck Tie Belted Turn Down Collar Casual Ruched Sun Dress A Line Cocktail Wedding Tshirt Dresses,2026-03,1,4.0,2026-03-01
B0B6RDLTGC,Aiyino Men's Short Sleeve Athletic T-Shirt Classic Top Casual Workout Sports Summer Shirts S-5XL,2024-06,1,5.0,2024-06-01
B0B6RDLTGC,Aiyino Men's Short Sleeve Athletic T-Shirt Classic Top Casual Workout Sports Summer Shirts S-5XL,2024-08,1,5.0,2024-08-01
B0B6ZV51ZB,FSHAOES Women's Pointed Toe Ankle Boots Fall Winter Mid Chunky Heel Side Zipper Strappy Leather Western Chelsea Booties,2025-10,1,5.0,2025-10-01
B0B7BCZ17H,MODOS LOGICOS Neck Lanyard Key Chain Holder,2026-02,1,4.0,2026-02-01
B0B7D693TB,"HUYODU Women's Extra Large Spring Summer Scarf Lightweight Solid Cotton Shawls and Wraps for Women 75""×47""",2025-10,1,5.0,2025-10-01
B0B7L1FXDV,Witwot Cotton Socks for Women Above Ankle Casual Thin Womens Crew Socks 6 Pairs,2025-09,1,5.0,2025-09-01
B0B7QQZJKV,FALABELLA High Waisted Belly Control Leggings for Women Dry Fit for Workout with Lateral Pocket,2025-10,2,4.5,2025-10-01
B0B8113SFT,"JHMORP Men's Golf Polo Shirts Collared Shirts Short Sleeve Quick Dry Outdoor Shirts with Pocket Navy,S",2025-10,1,5.0,2025-10-01
B0B82Z5NHR,BAVARIA TRACHTEN Authentic Lederhosen Women - Ladies Octoberfest Outfit - Damen Wurstfest Costume - Chocolate,2025-11,1,5.0,2025-11-01
B0B8F3FNQX,JORESTECH High Visibility Hoodie Full Zipper 100% Polyester ANSI,2022-04,1,5.0,2022-04-01
B0B8F3FNQX,JORESTECH High Visibility Hoodie Full Zipper 100% Polyester ANSI,2024-07,1,5.0,2024-07-01
B0B8MHXHBW,Colorfulkoala Women's Body Contour Square Neck Tank Tops Sleeveless Strappy Crop Double Lined Shirts,2025-10,1,4.0,2025-10-01
B0B8MHXHBW,Colorfulkoala Women's Body Contour Square Neck Tank Tops Sleeveless Strappy Crop Double Lined Shirts,2026-02,1,4.0,2026-02-01
B0B8VJYNFZ,Teniinet 4PCS 50” Handmade African Waist Beads for Women Non-Stretching(Tie-on),2025-10,2,5.0,2025-10-01
B0B8Z8DN3V,Snailify Unisex Adult's Seafood Cup Noodle Costume Halloween Food Funny Cosplay Costume,2026-01,1,3.0,2026-01-01
B0B93B6VYR,HZMAN 8.5inch Virgin Mary Rosary Bead Cross Bracelet Virgin of Guadalupe Adjustable Link Bracelet for Women Girl Jewelry Gift,2023-07,1,5.0,2023-07-01
B0B94GJ1Z8,"Golf Ball Bottle Opener made from Real Golf Ball, Keychain Bottle Opener Carabiner, Best Golf Gifts for Men Golf Gift Ideas",2025-12,1,5.0,2025-12-01
B0B94LZ6YP,"KEZEF Sterling Silver 1.8mm Cuban Curb Chain in Silver, Gold & Rose Gold over Silver Made in Italy",2018-10,1,5.0,2018-10-01
B0B977YG7H,Fairy Wings for Girls Halloween Shawl Wrap Printed Butterfly Wing Cloak No Sticks,2024-01,1,5.0,2024-01-01
B0B977YG7H,Fairy Wings for Girls Halloween Shawl Wrap Printed Butterfly Wing Cloak No Sticks,2025-01,1,3.0,2025-01-01
B0B9C7WD9W,"ABAMERICA Bouffant Caps with Button and Sweatband,Adjustable Working Hats for Women Men,One Size Fits All",2024-02,1,5.0,2024-02-01
B0B9C7WD9W,"ABAMERICA Bouffant Caps with Button and Sweatband,Adjustable Working Hats for Women Men,One Size Fits All",2024-08,1,5.0,2024-08-01
B0B9C7WD9W,"ABAMERICA Bouffant Caps with Button and Sweatband,Adjustable Working Hats for Women Men,One Size Fits All",2024-10,1,5.0,2024-10-01
B0B9C7WD9W,"ABAMERICA Bouffant Caps with Button and Sweatband,Adjustable Working Hats for Women Men,One Size Fits All",2025-08,1,5.0,2025-08-01
B0B9R8G519,CHARMYI Wrap Dress for Women Party Casual Ruched Sheath Faux Wrap Dress for Women Midi Length Flowy Plain V Neck Sexy Printed Cute Slit Elegant Simple 3/4 Sleeve Fall Work Blue Floral Dresses F24 M,2025-12,1,4.0,2025-12-01
B0BB8GWSBW,Jostar Women's Stretchy Tank Long Dress Sleeveless Plus Print,2020-10,1,5.0,2020-10-01
B0BBR7PSRS,RPOVIG Sweatsuit Jogging Suits Sets:Men's Tracksuit Zip Up Hoodie Casual sweat pants Warm jacket Running Outfits Athletic,2025-11,1,4.0,2025-11-01
B0BBV5GTX9,"Mens Fashion Button Turtleneck Sweater Warm Pullover Knit Sweaters Tops for Winter, White, XX-Large",2026-01,1,1.0,2026-01-01
B0BBVQHW9M,Rulala Fancy Faux Fur Hand Muffs for Women Winter Warm Arm and Hand Warmer with PU Leather Strap Include Pockets,2024-12,1,5.0,2024-12-01
B0BBVQHW9M,Rulala Fancy Faux Fur Hand Muffs for Women Winter Warm Arm and Hand Warmer with PU Leather Strap Include Pockets,2026-04,1,4.0,2026-04-01
B0BC41RRL8,"Womens Solid Color Velour Jogger Tracksuit Two Piece Outfits for Women, Long Sleeve Hooded Zip Up Crop Tops Jacket & Flared Elastic Pants Set Casual Sportswear Jogging Sweatsuit with Pockets Size XXL",2025-04,1,1.0,2025-04-01
B0BC41RRL8,"Womens Solid Color Velour Jogger Tracksuit Two Piece Outfits for Women, Long Sleeve Hooded Zip Up Crop Tops Jacket & Flared Elastic Pants Set Casual Sportswear Jogging Sweatsuit with Pockets Size XXL",2026-04,1,5.0,2026-04-01
B0BC9RBWK2,Mens Mock Turtle Neck Long Sleeved Shirt Men Slim fit Lightweight Long Sleeve Pullover top Turtleneck t-Shirt Men's Mock Turtleneck Knit Sweater Golf Pullover Mens Bike Jersey Blue Turtleneck Sweater,2025-11,1,1.0,2025-11-01
B0BCBW5HC3,Geborilma Kids Glasses Strap Elastic - Adjustable Eyeglass Band for Kids Toddler Baby - Eyeglasses Straps for Sports,2022-06,1,3.0,2022-06-01
B0BCBW5HC3,Geborilma Kids Glasses Strap Elastic - Adjustable Eyeglass Band for Kids Toddler Baby - Eyeglasses Straps for Sports,2025-01,1,1.0,2025-01-01
B0BCBW5HC3,Geborilma Kids Glasses Strap Elastic - Adjustable Eyeglass Band for Kids Toddler Baby - Eyeglasses Straps for Sports,2025-09,1,1.0,2025-09-01
B0BCBW5HC3,Geborilma Kids Glasses Strap Elastic - Adjustable Eyeglass Band for Kids Toddler Baby - Eyeglasses Straps for Sports,2026-01,1,1.0,2026-01-01
B0BCGHDDXT,"National Floral Flannel Robe - 100% Cotton Twill Weave, Front Zipper, Satin Detail, Side Pockets, Warm & Comfortable",2026-04,1,4.0,2026-04-01
B0BCKC8HXN,Hocus Pocus Costume Women Sanderson Sisters Hooded Cloak Cape Winifred Sarah Mary Costumes Halloween Cosplay Velvet Robe,2025-10,2,3.5,2025-10-01
B0BCKC8HXN,Hocus Pocus Costume Women Sanderson Sisters Hooded Cloak Cape Winifred Sarah Mary Costumes Halloween Cosplay Velvet Robe,2025-12,1,5.0,2025-12-01
B0BCV6Y5T6,"Fintie Business Card Holder, Premium Vegan Leather Coated Stainless Steel Professional Slim Name Card Case Organizer for Men & Women",2024-10,1,5.0,2024-10-01
B0BCV6Y5T6,"Fintie Business Card Holder, Premium Vegan Leather Coated Stainless Steel Professional Slim Name Card Case Organizer for Men & Women",2025-09,1,5.0,2025-09-01
B0BCV6Y5T6,"Fintie Business Card Holder, Premium Vegan Leather Coated Stainless Steel Professional Slim Name Card Case Organizer for Men & Women",2025-11,1,5.0,2025-11-01
B0BCV6Y5T6,"Fintie Business Card Holder, Premium Vegan Leather Coated Stainless Steel Professional Slim Name Card Case Organizer for Men & Women",2026-03,1,1.0,2026-03-01
B0BCV6Y5T6,"Fintie Business Card Holder, Premium Vegan Leather Coated Stainless Steel Professional Slim Name Card Case Organizer for Men & Women",2026-04,1,5.0,2026-04-01
B0BCVKMYYC,2pieces Mens Winter Beanie Hat Fleece Lined Scarf Set Knit Stretch Skull Cap Beanie Hat for Men & Women,2021-02,4,5.0,2021-02-01
B0BCVKMYYC,2pieces Mens Winter Beanie Hat Fleece Lined Scarf Set Knit Stretch Skull Cap Beanie Hat for Men & Women,2021-04,1,5.0,2021-04-01
B0BCVKMYYC,2pieces Mens Winter Beanie Hat Fleece Lined Scarf Set Knit Stretch Skull Cap Beanie Hat for Men & Women,2021-08,1,5.0,2021-08-01
B0BCVKMYYC,2pieces Mens Winter Beanie Hat Fleece Lined Scarf Set Knit Stretch Skull Cap Beanie Hat for Men & Women,2022-02,1,5.0,2022-02-01
B0BCVKMYYC,2pieces Mens Winter Beanie Hat Fleece Lined Scarf Set Knit Stretch Skull Cap Beanie Hat for Men & Women,2023-02,1,3.0,2023-02-01
B0BCW6Q361,"FREE SOLDIER Men's Insulated Waterproof Snow Bibs Ski Overalls(Orange,L/32L)",2026-03,1,5.0,2026-03-01
B0BD3KFL7C,Christmas Beanie Hats Knit Hat Skull Caps for Men Women Winter Cuffed Warm Lightweight,2026-01,1,5.0,2026-01-01
B0BD3XYV8Y,"Sumato Sunglasses Womens, Cat Eye Pink Sunglasses for Women with Mirrored Trendy Lens UV400 Blocking",2025-07,1,5.0,2025-07-01
B0BD3XYV8Y,"Sumato Sunglasses Womens, Cat Eye Pink Sunglasses for Women with Mirrored Trendy Lens UV400 Blocking",2025-08,1,4.0,2025-08-01
B0BD3XYV8Y,"Sumato Sunglasses Womens, Cat Eye Pink Sunglasses for Women with Mirrored Trendy Lens UV400 Blocking",2025-09,2,3.5,2025-09-01
B0BDDF7CF9,"KEMIMOTO Men's Heated Jacket with Battery Pack, Lightweight Heated Coat with Detachable Hood, Warm Heating Jackets for Men…",2024-12,1,5.0,2024-12-01
B0BF358FD6,"Leggings Depot High Waist Printed Athletic Pants for Women with Pockets for Yoga, Workout, Running, Hiking",2024-04,1,5.0,2024-04-01
B0BF358FD6,"Leggings Depot High Waist Printed Athletic Pants for Women with Pockets for Yoga, Workout, Running, Hiking",2024-09,1,5.0,2024-09-01
B0BF358FD6,"Leggings Depot High Waist Printed Athletic Pants for Women with Pockets for Yoga, Workout, Running, Hiking",2026-02,1,5.0,2026-02-01
B0BF742NNZ,Enso Rings Wizarding World of Harry Potter Collection - Comfortable Silicone Rings - Hogwarts Houses to Deathly Hollows,2025-12,1,2.0,2025-12-01
B0BF9LZZVY,Micoson Womens Fleece Lined Hoodies Pullover 1/2 Zipper Sweatshirt Long Sleeve Workout Crop Tops with Pocket and Thumb Hole,2025-11,1,5.0,2025-11-01
B0BF9LZZVY,Micoson Womens Fleece Lined Hoodies Pullover 1/2 Zipper Sweatshirt Long Sleeve Workout Crop Tops with Pocket and Thumb Hole,2026-02,1,4.0,2026-02-01
B0BFDWP7KG,"Minyee Beaded Bracelet Compatible with Apple Watch Band 38mm 40mm 41mm Women, Stretchy Solo Loop Boho Braided Band Stylish Jewelry Nylon Elastic Cute Fancy Strap for iWatch Series SE/8/7/6/5/4/3/2/1",2025-11,1,5.0,2025-11-01
B0BFKH4JMV,BAQIFEN Women's Casual Crewneck Long Sleeve Sweatshirt Fashion Pullover Side Split Tops,2025-11,2,4.0,2025-11-01
B0BFXS14HC,Janasya Indian Women's Off-White Poly Silk Kurta with Pant and Dupatta,2025-09,1,1.0,2025-09-01
B0BG5H84CZ,"FABIURT Boho Dress for Women, Women's Summer Casual Graphic Halter Neck Mini Dress Sleeveless Cocktail Beach Party Sundress",2025-05,1,5.0,2025-05-01
B0BG5PWPN5,EOSIEDUR Women's Two Piece Outfits Zip Top Jacket and Elastic Waistband Pant Women Sweatsuit Tracksuit Sets,2024-10,1,4.0,2024-10-01
B0BG8SXMWJ,"LIXIA Women's Thin Merino Wool Socks, Multi Colors Soft Dress Socks,Warm Breathable Crew Casual Socks 3/6 Pairs Pack",2022-03,1,5.0,2022-03-01
B0BG8SXMWJ,"LIXIA Women's Thin Merino Wool Socks, Multi Colors Soft Dress Socks,Warm Breathable Crew Casual Socks 3/6 Pairs Pack",2023-01,1,5.0,2023-01-01
B0BG8SXMWJ,"LIXIA Women's Thin Merino Wool Socks, Multi Colors Soft Dress Socks,Warm Breathable Crew Casual Socks 3/6 Pairs Pack",2023-03,1,5.0,2023-03-01
B0BG8SXMWJ,"LIXIA Women's Thin Merino Wool Socks, Multi Colors Soft Dress Socks,Warm Breathable Crew Casual Socks 3/6 Pairs Pack",2024-01,1,5.0,2024-01-01
B0BG8SXMWJ,"LIXIA Women's Thin Merino Wool Socks, Multi Colors Soft Dress Socks,Warm Breathable Crew Casual Socks 3/6 Pairs Pack",2024-02,3,5.0,2024-02-01
B0BG8SXMWJ,"LIXIA Women's Thin Merino Wool Socks, Multi Colors Soft Dress Socks,Warm Breathable Crew Casual Socks 3/6 Pairs Pack",2024-05,1,5.0,2024-05-01
B0BG8SXMWJ,"LIXIA Women's Thin Merino Wool Socks, Multi Colors Soft Dress Socks,Warm Breathable Crew Casual Socks 3/6 Pairs Pack",2025-01,2,4.5,2025-01-01
B0BG8SXMWJ,"LIXIA Women's Thin Merino Wool Socks, Multi Colors Soft Dress Socks,Warm Breathable Crew Casual Socks 3/6 Pairs Pack",2026-01,1,5.0,2026-01-01
B0BGB7QW8Y,"GOGO 12 PCS Adult Rubber Bracelets, Silicone Wristbands, Back to School Gift, Party Accessories",2017-07,1,4.0,2017-07-01
B0BGKZHVXR,Dokotoo Women's Elegant Off Shoulder Long Lantern Sleeve White Sweater Dress Elastic Waist Knitted Bodycon Mini Dresses for Women Sexy 2022 Fall Small,2025-11,1,3.0,2025-11-01
B0BGPWRJ1G,"Opaque Tights for Women Tummy Control Pantyhose High Waist Fall Stirrup Tights (No Fleece Stirrup-Black#01,Medium)",2025-12,1,4.0,2025-12-01
B0BGTMXDL8,Ocean Blues Women's Sports,2023-11,2,4.5,2023-11-01
B0BGTMXDL8,Ocean Blues Women's Sports,2024-01,1,5.0,2024-01-01
B0BGTMXDL8,Ocean Blues Women's Sports,2025-09,1,5.0,2025-09-01
B0BGY5291X,HOKA ONE ONE Men's Ora Recovery Flip,2023-09,1,5.0,2023-09-01
B0BHX4YGL9,Aero Tech Women's USA Classic Padded Cycling Shorts,2015-08,1,4.0,2015-08-01
B0BHX4YGL9,Aero Tech Women's USA Classic Padded Cycling Shorts,2015-09,1,5.0,2015-09-01
B0BHX4YGL9,Aero Tech Women's USA Classic Padded Cycling Shorts,2016-12,1,4.0,2016-12-01
B0BHX4YGL9,Aero Tech Women's USA Classic Padded Cycling Shorts,2017-08,1,5.0,2017-08-01
B0BHX4YGL9,Aero Tech Women's USA Classic Padded Cycling Shorts,2017-09,3,5.0,2017-09-01
B0BHX4YGL9,Aero Tech Women's USA Classic Padded Cycling Shorts,2018-07,1,5.0,2018-07-01
B0BJDCRFND,Soarea Trendy Aviator Sunglasse with Glass Lens for Women Men Oversized Square Metal Sun Glasse Anti Glare UV Protection,2026-01,1,3.0,2026-01-01
B0BJDCRFND,Soarea Trendy Aviator Sunglasse with Glass Lens for Women Men Oversized Square Metal Sun Glasse Anti Glare UV Protection,2026-02,1,5.0,2026-02-01
B0BJDCRFND,Soarea Trendy Aviator Sunglasse with Glass Lens for Women Men Oversized Square Metal Sun Glasse Anti Glare UV Protection,2026-03,1,4.0,2026-03-01
B0BJDKCH5X,Boy Girl Infinity Loop Scarf - Soft Jersey Thin Lightweight Scarfs For Children,2023-12,1,5.0,2023-12-01
B0BJYVQP31,URTEOM Men's Boys Adjustable Pre-tied Bow ties for Wedding Party Business Holiday Gift,2024-05,1,5.0,2024-05-01
B0BJZXHJN1,CHICZONE Hooded Sweatshirt for Women Lightweight Hoodie Pullover Long Sleeve Color Block Tops with Pocket Hot Pink L,2025-03,1,5.0,2025-03-01
B0BJZXHJN1,CHICZONE Hooded Sweatshirt for Women Lightweight Hoodie Pullover Long Sleeve Color Block Tops with Pocket Hot Pink L,2025-11,1,5.0,2025-11-01
B0BJZXHJN1,CHICZONE Hooded Sweatshirt for Women Lightweight Hoodie Pullover Long Sleeve Color Block Tops with Pocket Hot Pink L,2026-04,1,5.0,2026-04-01
B0BL68ZJGR,Isle Bay Linens Men's Casual,2024-08,1,5.0,2024-08-01
B0BL6PDR5G,CADMUS Women's 3 Pack Running Compression Long Sleeve T Shirt,2024-06,1,2.0,2024-06-01
B0BL6PDR5G,CADMUS Women's 3 Pack Running Compression Long Sleeve T Shirt,2024-11,1,5.0,2024-11-01
B0BL6PDR5G,CADMUS Women's 3 Pack Running Compression Long Sleeve T Shirt,2025-02,1,2.0,2025-02-01
B0BL6PDR5G,CADMUS Women's 3 Pack Running Compression Long Sleeve T Shirt,2025-04,1,5.0,2025-04-01
B0BL75DX19,AGVANA Sterling Silver Initial Necklaces for Women Rose Flower Heart Letter Pendant Necklace Fine Jewelry Anniversary Birthday Gifts for Women Girls Mom Wife Daughter Sister Her,2026-03,1,5.0,2026-03-01
B0BL75H87N,CADMUS Womens High Waist Workout Legging Capris for Yoga w Side Pockets,2022-04,1,5.0,2022-04-01
B0BL75H87N,CADMUS Womens High Waist Workout Legging Capris for Yoga w Side Pockets,2023-06,1,5.0,2023-06-01
B0BL75H87N,CADMUS Womens High Waist Workout Legging Capris for Yoga w Side Pockets,2023-09,1,5.0,2023-09-01
B0BL75H87N,CADMUS Womens High Waist Workout Legging Capris for Yoga w Side Pockets,2024-04,1,5.0,2024-04-01
B0BL75H87N,CADMUS Womens High Waist Workout Legging Capris for Yoga w Side Pockets,2025-07,1,5.0,2025-07-01
B0BL8ZHRMZ,Ukes Sunglass Strap - Glasses Strap with Floating Neoprene Material - Secure Your Glasses and Eyewear,2019-10,1,4.0,2019-10-01
B0BL8ZHRMZ,Ukes Sunglass Strap - Glasses Strap with Floating Neoprene Material - Secure Your Glasses and Eyewear,2021-05,1,5.0,2021-05-01
B0BL8ZHRMZ,Ukes Sunglass Strap - Glasses Strap with Floating Neoprene Material - Secure Your Glasses and Eyewear,2021-07,1,5.0,2021-07-01
B0BL8ZHRMZ,Ukes Sunglass Strap - Glasses Strap with Floating Neoprene Material - Secure Your Glasses and Eyewear,2021-08,1,5.0,2021-08-01
B0BL8ZHRMZ,Ukes Sunglass Strap - Glasses Strap with Floating Neoprene Material - Secure Your Glasses and Eyewear,2021-09,1,5.0,2021-09-01
B0BL8ZHRMZ,Ukes Sunglass Strap - Glasses Strap with Floating Neoprene Material - Secure Your Glasses and Eyewear,2022-03,1,4.0,2022-03-01
B0BL8ZHRMZ,Ukes Sunglass Strap - Glasses Strap with Floating Neoprene Material - Secure Your Glasses and Eyewear,2022-07,1,5.0,2022-07-01
B0BL8ZHRMZ,Ukes Sunglass Strap - Glasses Strap with Floating Neoprene Material - Secure Your Glasses and Eyewear,2023-10,1,5.0,2023-10-01
B0BL8ZHRMZ,Ukes Sunglass Strap - Glasses Strap with Floating Neoprene Material - Secure Your Glasses and Eyewear,2024-08,1,1.0,2024-08-01
B0BLQNSV65,"Owl 10 Pack Round Retro Vintage Clear, Tinted, Mirror 43 and 56 mm Lens Sunglasses Metal Frame",2021-09,1,5.0,2021-09-01
B0BLRWB2DJ,KKP Classic Square Polarized Sunglasses for Women Men Trendy Full Frame Sun Glasses Metal Shade Su9874,2026-01,2,5.0,2026-01-01
B0BLRWB2DJ,KKP Classic Square Polarized Sunglasses for Women Men Trendy Full Frame Sun Glasses Metal Shade Su9874,2026-02,3,4.666666666666667,2026-02-01
B0BLRWB2DJ,KKP Classic Square Polarized Sunglasses for Women Men Trendy Full Frame Sun Glasses Metal Shade Su9874,2026-03,1,5.0,2026-03-01
B0BNNCMC5G,FULNEW Halloween Michael Myers Mask Original Realistic Horror Latex Mike Myers Mask Props,2025-12,1,5.0,2025-12-01
B0BNQ7DKR4,"FOCALOOK Flexible Waterproof Waxed Rope Braided Leather Necklace Cord, Stainless Steel Durable Clasp,2MM/3MM width, 16”-30"" Black/Brown Rope Chain Necklace For Men/Women (Come Gift Box)",2022-01,1,5.0,2022-01-01
B0BNQ7DKR4,"FOCALOOK Flexible Waterproof Waxed Rope Braided Leather Necklace Cord, Stainless Steel Durable Clasp,2MM/3MM width, 16”-30"" Black/Brown Rope Chain Necklace For Men/Women (Come Gift Box)",2022-03,1,5.0,2022-03-01
B0BP2C2NN2,JeVenis Fairy Party Supplies Fairy Wings for Girls Princess Butterfly Costume Wings Fairy Wand Fairy Headband…,2026-03,1,5.0,2026-03-01
B0BPD736FH,KMM Men's Merino Wool Cushion Low Cut Socks Light Cooling Quarter Anti Blisters for Outdoor Hiking Hike Cycling Trail Running,2026-01,1,5.0,2026-01-01
B0BPDY5QX3,Owl Round Retro Small Circle Tint & Mirror Colored Lens 43-55 mm Sunglasses Metal,2022-03,1,3.0,2022-03-01
B0BQ36D549,COSMAKER Contrasting Colors Jacket Girls Halloween Costumes Womens Red and Blue Coat,2025-08,1,5.0,2025-08-01
B0BQB1TP2K,CAZYTOYZ Non Slip Kids Ankle Socks Toddler Kids Socks With Grips Ankle for Boys Girls Anti Skid Sticky Ankle Socks 12 Pairs,2026-02,1,5.0,2026-02-01
B0BQC8K342,"ALPINA Mirrored & Contrast-enhancing Anti-fog Cycling Glasses for Men & Women, 100% UV Protection, TURBO HR Q-LITE",2025-12,1,5.0,2025-12-01
B0BQCKH2LC,Owl Womens Mens Vintage Two-Tone Sunglasses Mirror and Smoke Lens Colorful Frames,2018-07,1,5.0,2018-07-01
B0BQCKH2LC,Owl Womens Mens Vintage Two-Tone Sunglasses Mirror and Smoke Lens Colorful Frames,2018-08,1,5.0,2018-08-01
B0BQCPZDFH,"Owl Retro Vintage 80s Sunglasses Men Women, UV Protected Matte Rectangle Shades, Colorful Mirror Lens Sun Glasses",2020-07,1,1.0,2020-07-01
B0BQCV1PK5,"Stormy Kromer Flannel Face Covering - Protective Mask, Reusable, Washer Safe",2024-04,1,4.0,2024-04-01
B0BQJ61TXB,"BAMOWEY African Woman Leather Earrings,Black Afro Women Earrings for Women Dangle Gift,Faux Leather Earring Lightweight Dangle Drop Earrings",2026-02,1,5.0,2026-02-01
B0BQPPQJN5,Owl Womens Designer Sunglasses Shades Block 100% UVB UVA Protection,2016-03,1,5.0,2016-03-01
B0BQPPQJN5,Owl Womens Designer Sunglasses Shades Block 100% UVB UVA Protection,2017-04,1,5.0,2017-04-01
B0BQPPQJN5,Owl Womens Designer Sunglasses Shades Block 100% UVB UVA Protection,2017-06,1,5.0,2017-06-01
B0BQPPQJN5,Owl Womens Designer Sunglasses Shades Block 100% UVB UVA Protection,2017-07,1,3.0,2017-07-01
B0BQPPQJN5,Owl Womens Designer Sunglasses Shades Block 100% UVB UVA Protection,2018-04,1,5.0,2018-04-01
B0BQPPQJN5,Owl Womens Designer Sunglasses Shades Block 100% UVB UVA Protection,2018-05,1,5.0,2018-05-01
B0BQPPQJN5,Owl Womens Designer Sunglasses Shades Block 100% UVB UVA Protection,2018-09,1,2.0,2018-09-01
B0BQX44B5V,"Mike's ProLids Ralphie Fedora - Motorcycle Accessories for Men & Women, Novelty Lid for Adults - White & Black (L-XL)",2025-08,1,5.0,2025-08-01
B0BRCQ2TLZ,"TSDGB Gold Initial Necklaces for Women, 18k Gold Plated Dainty Initial Necklace Personalized Gold Choker Charm Letter Pendant Necklaces Gold Jewelry for Women Girls",2026-03,1,2.0,2026-03-01
B0BRHXSLL1,INVERNO Super Soft Luxurious Cashmere Feel Warm Winter Pattern Design Unisex Scarf,2022-03,1,4.0,2022-03-01
B0BRHXSLL1,INVERNO Super Soft Luxurious Cashmere Feel Warm Winter Pattern Design Unisex Scarf,2024-01,1,5.0,2024-01-01
B0BRMNGG3H,ALIGNMED Posture Shirt 2.0 Zipper for Women,2020-02,1,5.0,2020-02-01
B0BRMNGG3H,ALIGNMED Posture Shirt 2.0 Zipper for Women,2020-04,1,1.0,2020-04-01
B0BRQQ5HW1,"SGT KNOTS 550 Paracord Mesh Bag - Quality, Reusable Polyester Bag for Gym, Laundry, Swimming",2019-08,1,5.0,2019-08-01
B0BRQQ5HW1,"SGT KNOTS 550 Paracord Mesh Bag - Quality, Reusable Polyester Bag for Gym, Laundry, Swimming",2021-09,1,5.0,2021-09-01
B0BRQQ5HW1,"SGT KNOTS 550 Paracord Mesh Bag - Quality, Reusable Polyester Bag for Gym, Laundry, Swimming",2022-05,2,5.0,2022-05-01
B0BRQQ5HW1,"SGT KNOTS 550 Paracord Mesh Bag - Quality, Reusable Polyester Bag for Gym, Laundry, Swimming",2022-08,1,5.0,2022-08-01
B0BRQQ5HW1,"SGT KNOTS 550 Paracord Mesh Bag - Quality, Reusable Polyester Bag for Gym, Laundry, Swimming",2022-10,1,5.0,2022-10-01
B0BSL9NB5Q,OLEVS Mens Watch Stainless Steel Big Face Casual Dress Wrist Watch Quartz Analog Day Date Waterproof Luminous,2024-09,1,5.0,2024-09-01
B0BSLQFNWF,JIANGTUN Fit Over the Glass Sunglasses Warp Around OverSized Polarized Sun Glasses UV Protection,2021-06,1,5.0,2021-06-01
B0BSLQFNWF,JIANGTUN Fit Over the Glass Sunglasses Warp Around OverSized Polarized Sun Glasses UV Protection,2021-08,1,5.0,2021-08-01
B0BSLQFNWF,JIANGTUN Fit Over the Glass Sunglasses Warp Around OverSized Polarized Sun Glasses UV Protection,2022-05,1,5.0,2022-05-01
B0BSLQFNWF,JIANGTUN Fit Over the Glass Sunglasses Warp Around OverSized Polarized Sun Glasses UV Protection,2022-07,1,5.0,2022-07-01
B0BSLQFNWF,JIANGTUN Fit Over the Glass Sunglasses Warp Around OverSized Polarized Sun Glasses UV Protection,2023-04,1,5.0,2023-04-01
B0BSLQFNWF,JIANGTUN Fit Over the Glass Sunglasses Warp Around OverSized Polarized Sun Glasses UV Protection,2023-06,1,5.0,2023-06-01
B0BSLQFNWF,JIANGTUN Fit Over the Glass Sunglasses Warp Around OverSized Polarized Sun Glasses UV Protection,2023-07,1,2.0,2023-07-01
B0BSLQFNWF,JIANGTUN Fit Over the Glass Sunglasses Warp Around OverSized Polarized Sun Glasses UV Protection,2025-06,1,4.0,2025-06-01
B0BSLQFNWF,JIANGTUN Fit Over the Glass Sunglasses Warp Around OverSized Polarized Sun Glasses UV Protection,2025-08,1,2.0,2025-08-01
B0BSTSZM62,"MAGILINK Leather Gloves for Women Genuine Sheepskin, Womens Gloves Warm Thinsulate Lined, Winter Gloves Touchscreen Driving",2026-04,1,4.0,2026-04-01
B0BTTTLP1L,Smiling Wisdom - Friendship - A Reason Season Lifetime Friend Greeting Card and Leaf Necklace - Growing Together - Women BFF,2022-12,1,5.0,2022-12-01
B0BTTTLP1L,Smiling Wisdom - Friendship - A Reason Season Lifetime Friend Greeting Card and Leaf Necklace - Growing Together - Women BFF,2023-01,1,5.0,2023-01-01
B0BTTTLP1L,Smiling Wisdom - Friendship - A Reason Season Lifetime Friend Greeting Card and Leaf Necklace - Growing Together - Women BFF,2023-03,1,5.0,2023-03-01
B0BTX5X2FS,Pair of Black gauges Ultra Thin Walled Silicone Double Flared Flexi Ear Tunnels 6 Sizes to Choose,2024-11,1,1.0,2024-11-01
B0BV6Q48BP,ALEXCRAFT Gold Hoop Earrings Diamond Stud Earrings Gold Earrings Set 14K Gold Plated Small Chunky Hoop Earrings Huggie Earrings for Women Girls,2025-09,1,5.0,2025-09-01
B0BV6Q48BP,ALEXCRAFT Gold Hoop Earrings Diamond Stud Earrings Gold Earrings Set 14K Gold Plated Small Chunky Hoop Earrings Huggie Earrings for Women Girls,2025-10,1,1.0,2025-10-01
B0BVGXBZ2S,"JAN & JUL Girls' Grow-with-Me Cotton Bucket Sun-Hats (Baby, Toddler, Kids)",2022-05,1,5.0,2022-05-01
B0BVMLJTFS,Aoxjox Women's High Waist Workout Gym Vital Seamless Leggings Yoga Pants,2022-03,1,5.0,2022-03-01
B0BVMLJTFS,Aoxjox Women's High Waist Workout Gym Vital Seamless Leggings Yoga Pants,2022-08,2,4.5,2022-08-01
B0BVMLJTFS,Aoxjox Women's High Waist Workout Gym Vital Seamless Leggings Yoga Pants,2022-09,1,5.0,2022-09-01
B0BVMLJTFS,Aoxjox Women's High Waist Workout Gym Vital Seamless Leggings Yoga Pants,2022-11,1,5.0,2022-11-01
B0BVMLJTFS,Aoxjox Women's High Waist Workout Gym Vital Seamless Leggings Yoga Pants,2023-01,2,5.0,2023-01-01
B0BVMLJTFS,Aoxjox Women's High Waist Workout Gym Vital Seamless Leggings Yoga Pants,2023-04,1,5.0,2023-04-01
B0BVMLJTFS,Aoxjox Women's High Waist Workout Gym Vital Seamless Leggings Yoga Pants,2023-11,1,3.0,2023-11-01
B0BVMLJTFS,Aoxjox Women's High Waist Workout Gym Vital Seamless Leggings Yoga Pants,2024-04,1,5.0,2024-04-01
B0BVMLJTFS,Aoxjox Women's High Waist Workout Gym Vital Seamless Leggings Yoga Pants,2024-08,1,1.0,2024-08-01
B0BVMLJTFS,Aoxjox Women's High Waist Workout Gym Vital Seamless Leggings Yoga Pants,2024-11,1,4.0,2024-11-01
B0BVMLJTFS,Aoxjox Women's High Waist Workout Gym Vital Seamless Leggings Yoga Pants,2025-08,1,1.0,2025-08-01
B0BVMLJTFS,Aoxjox Women's High Waist Workout Gym Vital Seamless Leggings Yoga Pants,2025-10,1,5.0,2025-10-01
B0BVMLJTFS,Aoxjox Women's High Waist Workout Gym Vital Seamless Leggings Yoga Pants,2026-02,1,5.0,2026-02-01
B0BVRSRCFN,Post Surgery Mastectomy Shirt with Drain Management Pockets - Breast Cancer Post Surgery Clothing for Women,2023-08,1,4.0,2023-08-01
B0BW8LGNHY,Vcansion Men's Classic Soft Knitted Cardigan Sweaters,2023-01,1,5.0,2023-01-01
B0BW8LGNHY,Vcansion Men's Classic Soft Knitted Cardigan Sweaters,2025-01,1,1.0,2025-01-01
B0BW8LGNHY,Vcansion Men's Classic Soft Knitted Cardigan Sweaters,2026-02,1,5.0,2026-02-01
B0BWTVQKD9,YOBOKO Womens Fashion Long Scarf Linen-Cotton Pure Color Large Soft Scarves Shawl Beautiful Shawl Wrap for Beach 200 X130 CM,2020-05,1,5.0,2020-05-01
B0BWTVQKD9,YOBOKO Womens Fashion Long Scarf Linen-Cotton Pure Color Large Soft Scarves Shawl Beautiful Shawl Wrap for Beach 200 X130 CM,2020-07,1,4.0,2020-07-01
B0BWTVQKD9,YOBOKO Womens Fashion Long Scarf Linen-Cotton Pure Color Large Soft Scarves Shawl Beautiful Shawl Wrap for Beach 200 X130 CM,2020-11,1,5.0,2020-11-01
B0BXSGYTN6,Anime Cartoon Cosplay Jewelry Metal Sta War Stud earrings Gifts for woman girl,2025-08,1,5.0,2025-08-01
B0BYCZ2W78,DEVOPS Men's 2 Pack UPF 50+ Sun Protection Long Sleeve Dri Fit Fishing Hiking Running Workout T-Shirts,2023-07,2,5.0,2023-07-01
B0BYCZ2W78,DEVOPS Men's 2 Pack UPF 50+ Sun Protection Long Sleeve Dri Fit Fishing Hiking Running Workout T-Shirts,2023-10,1,5.0,2023-10-01
B0BYCZ2W78,DEVOPS Men's 2 Pack UPF 50+ Sun Protection Long Sleeve Dri Fit Fishing Hiking Running Workout T-Shirts,2023-11,1,5.0,2023-11-01
B0BYCZ2W78,DEVOPS Men's 2 Pack UPF 50+ Sun Protection Long Sleeve Dri Fit Fishing Hiking Running Workout T-Shirts,2024-04,1,2.0,2024-04-01
B0BYCZ2W78,DEVOPS Men's 2 Pack UPF 50+ Sun Protection Long Sleeve Dri Fit Fishing Hiking Running Workout T-Shirts,2024-08,1,5.0,2024-08-01
B0BYCZ2W78,DEVOPS Men's 2 Pack UPF 50+ Sun Protection Long Sleeve Dri Fit Fishing Hiking Running Workout T-Shirts,2025-01,1,5.0,2025-01-01
B0BYCZ2W78,DEVOPS Men's 2 Pack UPF 50+ Sun Protection Long Sleeve Dri Fit Fishing Hiking Running Workout T-Shirts,2025-06,1,4.0,2025-06-01
B0BYD3WRX6,amaxer Women's 100% Cotton Pajama Set Short/Long Sleeved Pants/Shorts Soft Button PJs Elastic Drawstring Waist Sleepwear,2024-06,1,5.0,2024-06-01
B0BYD3WRX6,amaxer Women's 100% Cotton Pajama Set Short/Long Sleeved Pants/Shorts Soft Button PJs Elastic Drawstring Waist Sleepwear,2025-09,1,5.0,2025-09-01
B0BZV4KYH6,"INSYOHO Anxiety Relief Items, Anxiety Necklace, Breathing Necklace for Anxiety Relief Breathing Exercise Device for Meditation, The Shift Necklace for Anxiety, Stress, Panic Attack Relief…",2024-12,1,5.0,2024-12-01
B0BZV4KYH6,"INSYOHO Anxiety Relief Items, Anxiety Necklace, Breathing Necklace for Anxiety Relief Breathing Exercise Device for Meditation, The Shift Necklace for Anxiety, Stress, Panic Attack Relief…",2026-01,1,5.0,2026-01-01
B0C114Z3XM,Adjustable Eyeglass Strap (Shark Style) - No Tail Sunglass Strap - Eyewear String Holder - With Bonus Glasses Cleaning Cloth,2025-11,1,5.0,2025-11-01
B0C114Z3XM,Adjustable Eyeglass Strap (Shark Style) - No Tail Sunglass Strap - Eyewear String Holder - With Bonus Glasses Cleaning Cloth,2026-01,1,4.0,2026-01-01
B0C114Z3XM,Adjustable Eyeglass Strap (Shark Style) - No Tail Sunglass Strap - Eyewear String Holder - With Bonus Glasses Cleaning Cloth,2026-04,1,2.0,2026-04-01
B0C1H4ZJ11,"Amazon Essentials Boys and Toddlers' Short-Sleeve T-Shirts (Previously Spotted Zebra), Multipacks",2022-07,1,5.0,2022-07-01
B0C1H4ZJ11,"Amazon Essentials Boys and Toddlers' Short-Sleeve T-Shirts (Previously Spotted Zebra), Multipacks",2022-11,1,5.0,2022-11-01
B0C1H4ZJ11,"Amazon Essentials Boys and Toddlers' Short-Sleeve T-Shirts (Previously Spotted Zebra), Multipacks",2023-01,1,5.0,2023-01-01
B0C1H4ZJ11,"Amazon Essentials Boys and Toddlers' Short-Sleeve T-Shirts (Previously Spotted Zebra), Multipacks",2025-11,1,5.0,2025-11-01
B0C1ZDHWFW,"Raylarnia Kids Suspenders Bowtie Set,Adjustable Suspender with Bow Tie for Boys and Girls",2019-10,1,5.0,2019-10-01
B0C1ZDHWFW,"Raylarnia Kids Suspenders Bowtie Set,Adjustable Suspender with Bow Tie for Boys and Girls",2022-03,1,5.0,2022-03-01
B0C1ZDHWFW,"Raylarnia Kids Suspenders Bowtie Set,Adjustable Suspender with Bow Tie for Boys and Girls",2022-09,1,5.0,2022-09-01
B0C39V91X6,Meister Unisex Adult Modern,2018-01,1,5.0,2018-01-01
B0C3JC921X,"Owl 12 Pairs Classic Aviator Sunglasses Metal Gold, Silver, Black Frame and Colored, Mirror, Smoke Lens",2024-05,1,5.0,2024-05-01
B0C3K4V2FF,Colosseum Active Women's Chloe Fleece Crewneck Sweatshirt,2024-11,1,4.0,2024-11-01
B0C3K4V2FF,Colosseum Active Women's Chloe Fleece Crewneck Sweatshirt,2024-12,1,3.0,2024-12-01
B0C3RW72FY,PinMart's Nursing Student Graduate Gift Caduceus Red Heart Jewelry Lapel Pin,2017-05,1,5.0,2017-05-01
B0C3RW72FY,PinMart's Nursing Student Graduate Gift Caduceus Red Heart Jewelry Lapel Pin,2017-06,1,5.0,2017-06-01
B0C3RW72FY,PinMart's Nursing Student Graduate Gift Caduceus Red Heart Jewelry Lapel Pin,2019-05,1,4.0,2019-05-01
B0C3RW72FY,PinMart's Nursing Student Graduate Gift Caduceus Red Heart Jewelry Lapel Pin,2020-04,1,4.0,2020-04-01
B0C3RW72FY,PinMart's Nursing Student Graduate Gift Caduceus Red Heart Jewelry Lapel Pin,2025-10,1,5.0,2025-10-01
B0C49869HP,RIIQIICHY 100% Silk Scarf Head Scarf for Women Hair Scarf for Sleeping Hair Wrapping at Night Square Neck Scarves,2024-05,1,5.0,2024-05-01
B0C4D3F7J9,Wraparound Polarized Sunglasses for Men Women Fit Over Glasse Rectangular Tinted Lens Sun Glasses for Driving Fishing Hiking,2025-01,1,4.0,2025-01-01
B0C4LJVWFB,"J.Fée Infinity Bracelet, S925 Silver Bracelet with 5A Cubic Zirconia Heart Silver Bracelets for Women Adjustable Bracelet for Women Bracelets Gifts for Women, Women Gifts",2025-03,1,5.0,2025-03-01
B0C4NZTHXK,JS LifeStyle Heated Jackets for Men with Battery Pack Included Soft Shell Heated Jacket Insulated Men's Heated Coat Hoodies,2025-12,1,5.0,2025-12-01
B0C4WSH5LC,Go2Socks Women's Standard Athletic Compression,2019-02,1,4.0,2019-02-01
B0C4WSH5LC,Go2Socks Women's Standard Athletic Compression,2019-06,2,3.5,2019-06-01
B0C4WSH5LC,Go2Socks Women's Standard Athletic Compression,2019-07,1,3.0,2019-07-01
B0C4WSH5LC,Go2Socks Women's Standard Athletic Compression,2019-09,1,3.0,2019-09-01
B0C4WSH5LC,Go2Socks Women's Standard Athletic Compression,2019-10,2,5.0,2019-10-01
B0C4WSH5LC,Go2Socks Women's Standard Athletic Compression,2019-11,2,3.5,2019-11-01
B0C4WSH5LC,Go2Socks Women's Standard Athletic Compression,2020-02,2,5.0,2020-02-01
B0C4WSH5LC,Go2Socks Women's Standard Athletic Compression,2020-04,1,5.0,2020-04-01
B0C4WSH5LC,Go2Socks Women's Standard Athletic Compression,2020-06,1,5.0,2020-06-01
B0C4WSH5LC,Go2Socks Women's Standard Athletic Compression,2020-07,1,5.0,2020-07-01
B0C4WSH5LC,Go2Socks Women's Standard Athletic Compression,2020-10,1,5.0,2020-10-01
B0C4WSH5LC,Go2Socks Women's Standard Athletic Compression,2021-04,1,3.0,2021-04-01
B0C4WSH5LC,Go2Socks Women's Standard Athletic Compression,2021-05,1,2.0,2021-05-01
B0C4WSH5LC,Go2Socks Women's Standard Athletic Compression,2021-08,1,5.0,2021-08-01
B0C4WSH5LC,Go2Socks Women's Standard Athletic Compression,2021-12,1,4.0,2021-12-01
B0C4WSH5LC,Go2Socks Women's Standard Athletic Compression,2022-01,1,3.0,2022-01-01
B0C4WSH5LC,Go2Socks Women's Standard Athletic Compression,2022-03,2,5.0,2022-03-01
B0C4WSH5LC,Go2Socks Women's Standard Athletic Compression,2022-05,1,5.0,2022-05-01
B0C4WSH5LC,Go2Socks Women's Standard Athletic Compression,2022-10,1,1.0,2022-10-01
B0C4WSH5LC,Go2Socks Women's Standard Athletic Compression,2023-07,1,1.0,2023-07-01
B0C4WSH5LC,Go2Socks Women's Standard Athletic Compression,2024-01,1,4.0,2024-01-01
B0C4WSH5LC,Go2Socks Women's Standard Athletic Compression,2025-02,1,5.0,2025-02-01
B0C4WSH5LC,Go2Socks Women's Standard Athletic Compression,2025-04,1,4.0,2025-04-01
B0C4WSH5LC,Go2Socks Women's Standard Athletic Compression,2025-08,1,1.0,2025-08-01
B0C4WSH5LC,Go2Socks Women's Standard Athletic Compression,2025-12,1,2.0,2025-12-01
B0C4WSH5LC,Go2Socks Women's Standard Athletic Compression,2026-02,2,3.0,2026-02-01
B0C52BMZ7X,J75 by Jump Men's Motorcycle Boots,2025-07,1,5.0,2025-07-01
B0C5RBD59M,JCBFUME Cowl Hood Scarf Rogue Hood Medieval Cloak Renaissance Costume Men Neck Warmer Hooded Cape Hat Cyberpunk Accessories,2025-12,1,4.0,2025-12-01
B0C69H7BC2,RIIQIICHY 100% Mulberry Silk Scarf Head Scarf for Women Hair Scarf for Sleeping Hair Wrapping at Night Square Neck Scarves,2024-05,1,5.0,2024-05-01
B0C6DV6ZBR,EMIRISTIC Personalized Photo Bracelet With Picture Inside - Handmade Free Size Custom Picture Bracelet for Girls Boys Women Men - Valentine's Day Birthday Anniversary Any Special Day Gifts,2025-12,1,5.0,2025-12-01
